[Phase 1.5 v0.2: Calibrated 4-Layer Integration] env=LunarLander-v3 seed=4
  target_fpr=0.1  min_q_coverage=50  val_fraction=0.2  n_eval=50
======================================================================
[A] PPO trained.
[Data] 200 rollouts, threshold=0.0  (train=160, val=40)
[A] SlotMonitor trained (val AUROC = 0.717)
[Cal] Platt fit: a=0.970 b=-0.478  -> target FPR=0.10, threshold=0.449
[Cal] val FPR=0.10  val TPR=0.33  (n_neg=31, n_pos=9)
[Q] Q-function trained. coverage=78609 (need>=50) -> gate_enabled=True
[E] Verifier ready with 3 rules
[D] Language interface ready (template-based)

======================================================================
FULL INTEGRATION EPISODES (v0.2)
======================================================================
  ep0 t=  0 action=1 reward_so_far=1 | Position (0.01, 1.41); velocity (0.70, 0.04); angle -0.01 rad; legs (L=0, R=0). Monitor says: failur
     Plan: continue. Monitor confidence low (0.00); PPO action is likely safe.
  ep0 t= 50 action=1 reward_so_far=-3 | Position (0.30, 1.38); velocity (0.43, 0.08); angle 0.22 rad; legs (L=0, R=0). Monitor says: failure
     Plan: monitor. Monitor says 0.40, near threshold. Continue observing.
  ep0 t=100 action=2 reward_so_far=28 | Position (0.45, 1.28); velocity (0.23, -0.10); angle 0.06 rad; legs (L=0, R=0). Monitor says: failur
     Plan: continue. Monitor confidence low (0.16); PPO action is likely safe.
  ep0 t=150 action=2 reward_so_far=12 | Position (0.56, 1.24); velocity (0.29, 0.12); angle -0.03 rad; legs (L=0, R=0). Monitor says: failur
     Plan: intervene. Monitor says 0.56 > 0.44904641597909. Consider gated action.
  ep0 t=200 action=2 reward_so_far=-181 | Position (0.70, 1.96); velocity (0.31, 1.23); angle -0.10 rad; legs (L=0, R=0). Monitor says: failur
     Plan: intervene. Monitor says 0.70 > 0.44904641597909. Consider gated action.
  ep0 FINAL: gated=-633 ungated=-8 gates=123 (skipped_qcov=0)
    Verifier: ALWAYS angle_below(1.0) -> freq=1.0 conf=1.0
    Verifier: EVENTUALLY velocity_below(0.3) -> freq=0.5983935742971888 conf=1.0
    Verifier: ALWAYS (landed() IMPLIES in_pad()) -> freq=1.0 conf=1.0

  ep1 t=  0 action=1 reward_so_far=0 | Position (0.01, 1.41); velocity (0.59, -0.18); angle -0.01 rad; legs (L=0, R=0). Monitor says: failu
     Plan: continue. Monitor confidence low (0.00); PPO action is likely safe.
  ep1 t= 50 action=2 reward_so_far=-5 | Position (0.28, 1.29); velocity (0.43, -0.05); angle 0.25 rad; legs (L=0, R=0). Monitor says: failur
     Plan: intervene. Monitor says 0.54 > 0.44904641597909. Consider gated action.
  ep1 t=100 action=2 reward_so_far=29 | Position (0.41, 1.25); velocity (0.18, 0.00); angle 0.04 rad; legs (L=0, R=0). Monitor says: failure
     Plan: continue. Monitor confidence low (0.11); PPO action is likely safe.
  ep1 t=150 action=3 reward_so_far=24 | Position (0.50, 1.20); velocity (0.17, -0.04); angle 0.01 rad; legs (L=0, R=0). Monitor says: failur
     Plan: monitor. Monitor says 0.31, near threshold. Continue observing.
  ep1 t=200 action=2 reward_so_far=-73 | Position (0.57, 1.46); velocity (0.04, 0.70); angle 0.05 rad; legs (L=0, R=0). Monitor says: failure
     Plan: intervene. Monitor says 0.68 > 0.44904641597909. Consider gated action.
  ep1 t=250 action=2 reward_so_far=-288 | Position (0.55, 2.71); velocity (-0.10, 1.52); angle -0.01 rad; legs (L=0, R=0). Monitor says: failu
     Plan: intervene. Monitor says 0.69 > 0.44904641597909. Consider gated action.
  ep1 t=300 action=2 reward_so_far=-644 | Position (0.56, 5.06); velocity (0.12, 2.60); angle -0.00 rad; legs (L=0, R=0). Monitor says: failur
     Plan: intervene. Monitor says 0.73 > 0.44904641597909. Consider gated action.
  ep1 t=350 action=2 reward_so_far=-1092 | Position (0.58, 8.44); velocity (-0.18, 3.45); angle 0.09 rad; legs (L=0, R=0). Monitor says: failur
     Plan: intervene. Monitor says 0.72 > 0.44904641597909. Consider gated action.
  ep1 t=400 action=2 reward_so_far=-1661 | Position (0.44, 12.93); velocity (-0.33, 4.50); angle 0.03 rad; legs (L=0, R=0). Monitor says: failu
     Plan: intervene. Monitor says 0.72 > 0.44904641597909. Consider gated action.
  ep1 t=450 action=2 reward_so_far=-2334 | Position (0.24, 18.58); velocity (-0.46, 5.42); angle 0.03 rad; legs (L=0, R=0). Monitor says: failu
     Plan: intervene. Monitor says 0.72 > 0.44904641597909. Consider gated action.
  ep1 FINAL: gated=-3091 ungated=23 gates=367 (skipped_qcov=0)
    Verifier: ALWAYS angle_below(1.0) -> freq=1.0 conf=1.0
    Verifier: EVENTUALLY velocity_below(0.3) -> freq=0.364 conf=1.0
    Verifier: ALWAYS (landed() IMPLIES in_pad()) -> freq=1.0 conf=1.0

  ep2 t=  0 action=2 reward_so_far=-0 | Position (-0.00, 1.41); velocity (-0.50, -0.18); angle 0.01 rad; legs (L=0, R=0). Monitor says: fail
     Plan: continue. Monitor confidence low (0.00); PPO action is likely safe.
  ep2 t= 50 action=1 reward_so_far=9 | Position (-0.20, 1.23); velocity (-0.23, -0.07); angle -0.24 rad; legs (L=0, R=0). Monitor says: fai
     Plan: continue. Monitor confidence low (0.06); PPO action is likely safe.
  ep2 t=100 action=2 reward_so_far=50 | Position (-0.25, 1.12); velocity (-0.02, -0.08); angle -0.03 rad; legs (L=0, R=0). Monitor says: fai
     Plan: continue. Monitor confidence low (0.03); PPO action is likely safe.
  ep2 t=150 action=2 reward_so_far=36 | Position (-0.24, 1.08); velocity (0.07, -0.07); angle -0.07 rad; legs (L=0, R=0). Monitor says: fail
     Plan: continue. Monitor confidence low (0.20); PPO action is likely safe.
  ep2 t=200 action=2 reward_so_far=36 | Position (-0.20, 1.04); velocity (0.03, -0.12); angle -0.04 rad; legs (L=0, R=0). Monitor says: fail
     Plan: continue. Monitor confidence low (0.12); PPO action is likely safe.
  ep2 t=250 action=0 reward_so_far=40 | Position (-0.18, 0.97); velocity (0.02, 0.01); angle -0.04 rad; legs (L=0, R=0). Monitor says: failu
     Plan: continue. Monitor confidence low (0.06); PPO action is likely safe.
  ep2 t=300 action=0 reward_so_far=28 | Position (-0.15, 0.92); velocity (0.10, -0.03); angle 0.06 rad; legs (L=0, R=0). Monitor says: failu
     Plan: continue. Monitor confidence low (0.09); PPO action is likely safe.
  ep2 t=350 action=1 reward_so_far=38 | Position (-0.10, 0.81); velocity (0.08, -0.02); angle -0.01 rad; legs (L=0, R=0). Monitor says: fail
     Plan: continue. Monitor confidence low (0.07); PPO action is likely safe.
  ep2 t=400 action=2 reward_so_far=27 | Position (-0.07, 0.75); velocity (0.07, -0.12); angle -0.06 rad; legs (L=0, R=0). Monitor says: fail
     Plan: continue. Monitor confidence low (0.22); PPO action is likely safe.
  ep2 t=450 action=2 reward_so_far=29 | Position (-0.03, 0.62); velocity (0.07, -0.12); angle -0.06 rad; legs (L=0, R=0). Monitor says: fail
     Plan: continue. Monitor confidence low (0.05); PPO action is likely safe.
  ep2 FINAL: gated=40 ungated=9 gates=0 (skipped_qcov=0)
    Verifier: ALWAYS angle_below(1.0) -> freq=1.0 conf=1.0
    Verifier: EVENTUALLY velocity_below(0.3) -> freq=1.0 conf=1.0
    Verifier: ALWAYS (landed() IMPLIES in_pad()) -> freq=1.0 conf=1.0

  ep3 t=  0 action=0 reward_so_far=-0 | Position (0.01, 1.42); velocity (0.65, 0.23); angle -0.01 rad; legs (L=0, R=0). Monitor says: failur
     Plan: continue. Monitor confidence low (0.00); PPO action is likely safe.
  ep3 t= 50 action=2 reward_so_far=4 | Position (0.27, 1.39); velocity (0.40, -0.06); angle 0.18 rad; legs (L=0, R=0). Monitor says: failur
     Plan: monitor. Monitor says 0.38, near threshold. Continue observing.
  ep3 t=100 action=2 reward_so_far=39 | Position (0.41, 1.32); velocity (0.16, -0.11); angle 0.01 rad; legs (L=0, R=0). Monitor says: failur
     Plan: continue. Monitor confidence low (0.13); PPO action is likely safe.
  ep3 t=150 action=2 reward_so_far=16 | Position (0.49, 1.30); velocity (0.19, 0.16); angle 0.03 rad; legs (L=0, R=0). Monitor says: failure
     Plan: intervene. Monitor says 0.51 > 0.44904641597909. Consider gated action.
  ep3 t=200 action=2 reward_so_far=-136 | Position (0.57, 1.92); velocity (0.13, 0.94); angle 0.04 rad; legs (L=0, R=0). Monitor says: failure
     Plan: intervene. Monitor says 0.70 > 0.44904641597909. Consider gated action.
  ep3 t=250 action=2 reward_so_far=-414 | Position (0.56, 3.51); velocity (-0.21, 1.94); angle 0.11 rad; legs (L=0, R=0). Monitor says: failur
     Plan: intervene. Monitor says 0.73 > 0.44904641597909. Consider gated action.
  ep3 t=300 action=2 reward_so_far=-813 | Position (0.36, 6.28); velocity (-0.62, 2.99); angle 0.11 rad; legs (L=0, R=0). Monitor says: failur
     Plan: intervene. Monitor says 0.70 > 0.44904641597909. Consider gated action.
  ep3 t=350 action=2 reward_so_far=-1305 | Position (-0.06, 10.16); velocity (-0.95, 3.88); angle -0.03 rad; legs (L=0, R=0). Monitor says: fai
     Plan: intervene. Monitor says 0.73 > 0.44904641597909. Consider gated action.
  ep3 t=400 action=2 reward_so_far=-1930 | Position (-0.40, 15.10); velocity (-0.20, 4.81); angle -0.32 rad; legs (L=0, R=0). Monitor says: fai
     Plan: intervene. Monitor says 0.72 > 0.44904641597909. Consider gated action.
  ep3 t=450 action=2 reward_so_far=-2624 | Position (-0.17, 21.00); velocity (1.03, 5.62); angle -0.33 rad; legs (L=0, R=0). Monitor says: fail
     Plan: intervene. Monitor says 0.71 > 0.44904641597909. Consider gated action.
  ep3 FINAL: gated=-3402 ungated=26 gates=374 (skipped_qcov=0)
    Verifier: ALWAYS angle_below(1.0) -> freq=1.0 conf=1.0
    Verifier: EVENTUALLY velocity_below(0.3) -> freq=0.312 conf=1.0
    Verifier: ALWAYS (landed() IMPLIES in_pad()) -> freq=1.0 conf=1.0

  ep4 t=  0 action=2 reward_so_far=3 | Position (-0.00, 1.40); velocity (-0.23, -0.35); angle 0.00 rad; legs (L=0, R=0). Monitor says: fail
     Plan: continue. Monitor confidence low (0.00); PPO action is likely safe.
  ep4 t= 50 action=2 reward_so_far=23 | Position (-0.12, 1.25); velocity (-0.13, -0.08); angle -0.08 rad; legs (L=0, R=0). Monitor says: fai
     Plan: continue. Monitor confidence low (0.05); PPO action is likely safe.
  ep4 t=100 action=3 reward_so_far=24 | Position (-0.13, 1.18); velocity (0.05, -0.05); angle -0.10 rad; legs (L=0, R=0). Monitor says: fail
     Plan: continue. Monitor confidence low (0.13); PPO action is likely safe.
  ep4 t=150 action=0 reward_so_far=31 | Position (-0.09, 1.13); velocity (0.06, -0.03); angle 0.01 rad; legs (L=0, R=0). Monitor says: failu
     Plan: continue. Monitor confidence low (0.12); PPO action is likely safe.
  ep4 t=200 action=2 reward_so_far=29 | Position (-0.07, 1.07); velocity (0.01, -0.08); angle -0.01 rad; legs (L=0, R=0). Monitor says: fail
     Plan: continue. Monitor confidence low (0.22); PPO action is likely safe.
  ep4 t=250 action=1 reward_so_far=24 | Position (-0.06, 0.99); velocity (0.05, -0.07); angle -0.03 rad; legs (L=0, R=0). Monitor says: fail
     Plan: continue. Monitor confidence low (0.12); PPO action is likely safe.
  ep4 t=300 action=2 reward_so_far=23 | Position (-0.03, 0.93); velocity (0.07, -0.07); angle -0.02 rad; legs (L=0, R=0). Monitor says: fail
     Plan: continue. Monitor confidence low (0.09); PPO action is likely safe.
  ep4 t=350 action=2 reward_so_far=18 | Position (-0.00, 0.87); velocity (0.09, -0.05); angle 0.02 rad; legs (L=0, R=0). Monitor says: failu
     Plan: monitor. Monitor says 0.30, near threshold. Continue observing.
  ep4 t=400 action=2 reward_so_far=6 | Position (0.08, 0.80); velocity (0.19, -0.10); angle -0.01 rad; legs (L=0, R=0). Monitor says: failu
     Plan: continue. Monitor confidence low (0.16); PPO action is likely safe.
  ep4 t=450 action=1 reward_so_far=10 | Position (0.15, 0.75); velocity (0.08, -0.04); angle 0.05 rad; legs (L=0, R=0). Monitor says: failur
     Plan: continue. Monitor confidence low (0.07); PPO action is likely safe.
  ep4 FINAL: gated=8 ungated=-10 gates=1 (skipped_qcov=0)
    Verifier: ALWAYS angle_below(1.0) -> freq=1.0 conf=1.0
    Verifier: EVENTUALLY velocity_below(0.3) -> freq=1.0 conf=1.0
    Verifier: ALWAYS (landed() IMPLIES in_pad()) -> freq=1.0 conf=1.0

  ep5 t=  0 action=2 reward_so_far=3 | Position (0.00, 1.40); velocity (0.44, -0.55); angle -0.01 rad; legs (L=0, R=0). Monitor says: failu
     Plan: continue. Monitor confidence low (0.00); PPO action is likely safe.
  ep5 t= 50 action=0 reward_so_far=24 | Position (0.22, 1.18); velocity (0.43, -0.04); angle 0.11 rad; legs (L=0, R=0). Monitor says: failur
     Plan: continue. Monitor confidence low (0.22); PPO action is likely safe.
  ep5 t=100 action=1 reward_so_far=45 | Position (0.36, 1.10); velocity (0.17, -0.15); angle -0.06 rad; legs (L=0, R=0). Monitor says: failu
     Plan: continue. Monitor confidence low (0.16); PPO action is likely safe.
  ep5 t=150 action=2 reward_so_far=42 | Position (0.46, 0.99); velocity (0.27, -0.02); angle -0.01 rad; legs (L=0, R=0). Monitor says: failu
     Plan: intervene. Monitor says 0.50 > 0.44904641597909. Consider gated action.
  ep5 t=200 action=2 reward_so_far=-114 | Position (0.58, 1.47); velocity (-0.05, 0.92); angle 0.24 rad; legs (L=0, R=0). Monitor says: failur
     Plan: intervene. Monitor says 0.68 > 0.44904641597909. Consider gated action.
  ep5 t=250 action=2 reward_so_far=-429 | Position (0.27, 3.12); velocity (-1.17, 1.95); angle 0.30 rad; legs (L=0, R=0). Monitor says: failur
     Plan: intervene. Monitor says 0.72 > 0.44904641597909. Consider gated action.
  ep5 t=300 action=2 reward_so_far=-862 | Position (-0.60, 5.88); velocity (-2.27, 2.95); angle 0.24 rad; legs (L=0, R=0). Monitor says: failu
     Plan: intervene. Monitor says 0.72 > 0.44904641597909. Consider gated action.
  ep5 FINAL: gated=-1113 ungated=28 gates=174 (skipped_qcov=0)
    Verifier: ALWAYS angle_below(1.0) -> freq=1.0 conf=1.0
    Verifier: EVENTUALLY velocity_below(0.3) -> freq=0.4889589905362776 conf=1.0
    Verifier: ALWAYS (landed() IMPLIES in_pad()) -> freq=1.0 conf=1.0

  ep6 t=  0 action=3 reward_so_far=1 | Position (-0.01, 1.42); velocity (-0.74, 0.35); angle 0.01 rad; legs (L=0, R=0). Monitor says: failu
     Plan: continue. Monitor confidence low (0.00); PPO action is likely safe.
  ep6 t= 50 action=2 reward_so_far=4 | Position (-0.30, 1.36); velocity (-0.41, -0.15); angle -0.37 rad; legs (L=0, R=0). Monitor says: fai
     Plan: continue. Monitor confidence low (0.05); PPO action is likely safe.
  ep6 t=100 action=3 reward_so_far=62 | Position (-0.39, 1.28); velocity (-0.08, -0.07); angle 0.02 rad; legs (L=0, R=0). Monitor says: fail
     Plan: continue. Monitor confidence low (0.02); PPO action is likely safe.
  ep6 t=150 action=2 reward_so_far=52 | Position (-0.39, 1.23); velocity (0.03, -0.11); angle -0.12 rad; legs (L=0, R=0). Monitor says: fail
     Plan: continue. Monitor confidence low (0.06); PPO action is likely safe.
  ep6 t=200 action=2 reward_so_far=56 | Position (-0.36, 1.21); velocity (0.04, -0.05); angle 0.04 rad; legs (L=0, R=0). Monitor says: failu
     Plan: continue. Monitor confidence low (0.06); PPO action is likely safe.
  ep6 t=250 action=2 reward_so_far=46 | Position (-0.32, 1.15); velocity (0.10, -0.09); angle -0.06 rad; legs (L=0, R=0). Monitor says: fail
     Plan: continue. Monitor confidence low (0.10); PPO action is likely safe.
  ep6 t=300 action=3 reward_so_far=55 | Position (-0.29, 1.07); velocity (0.01, -0.03); angle 0.00 rad; legs (L=0, R=0). Monitor says: failu
     Plan: continue. Monitor confidence low (0.03); PPO action is likely safe.
  ep6 t=350 action=3 reward_so_far=35 | Position (-0.32, 1.05); velocity (-0.05, -0.07); angle -0.08 rad; legs (L=0, R=0). Monitor says: fai
     Plan: continue. Monitor confidence low (0.11); PPO action is likely safe.
  ep6 t=400 action=2 reward_so_far=39 | Position (-0.30, 0.97); velocity (0.13, -0.01); angle -0.00 rad; legs (L=0, R=0). Monitor says: fail
     Plan: continue. Monitor confidence low (0.08); PPO action is likely safe.
  ep6 t=450 action=3 reward_so_far=25 | Position (-0.22, 0.94); velocity (0.12, -0.02); angle 0.09 rad; legs (L=0, R=0). Monitor says: failu
     Plan: continue. Monitor confidence low (0.07); PPO action is likely safe.
  ep6 FINAL: gated=34 ungated=21 gates=0 (skipped_qcov=0)
    Verifier: ALWAYS angle_below(1.0) -> freq=1.0 conf=1.0
    Verifier: EVENTUALLY velocity_below(0.3) -> freq=1.0 conf=1.0
    Verifier: ALWAYS (landed() IMPLIES in_pad()) -> freq=1.0 conf=1.0

  ep7 t=  0 action=3 reward_so_far=2 | Position (-0.00, 1.42); velocity (-0.35, 0.49); angle 0.00 rad; legs (L=0, R=0). Monitor says: failu
     Plan: continue. Monitor confidence low (0.00); PPO action is likely safe.
  ep7 t= 50 action=3 reward_so_far=15 | Position (-0.13, 1.46); velocity (-0.18, -0.04); angle -0.17 rad; legs (L=0, R=0). Monitor says: fai
     Plan: continue. Monitor confidence low (0.10); PPO action is likely safe.
  ep7 t=100 action=1 reward_so_far=28 | Position (-0.17, 1.40); velocity (-0.01, -0.08); angle -0.07 rad; legs (L=0, R=0). Monitor says: fai
     Plan: continue. Monitor confidence low (0.08); PPO action is likely safe.
  ep7 t=150 action=2 reward_so_far=30 | Position (-0.17, 1.34); velocity (0.01, -0.07); angle -0.07 rad; legs (L=0, R=0). Monitor says: fail
     Plan: continue. Monitor confidence low (0.11); PPO action is likely safe.
  ep7 t=200 action=3 reward_so_far=20 | Position (-0.12, 1.32); velocity (0.11, 0.05); angle 0.05 rad; legs (L=0, R=0). Monitor says: failur
     Plan: continue. Monitor confidence low (0.15); PPO action is likely safe.
  ep7 t=250 action=2 reward_so_far=14 | Position (-0.05, 1.24); velocity (0.20, -0.02); angle 0.04 rad; legs (L=0, R=0). Monitor says: failu
     Plan: continue. Monitor confidence low (0.19); PPO action is likely safe.
  ep7 t=300 action=3 reward_so_far=14 | Position (0.02, 1.20); velocity (0.15, -0.06); angle 0.01 rad; legs (L=0, R=0). Monitor says: failur
     Plan: continue. Monitor confidence low (0.11); PPO action is likely safe.
  ep7 t=350 action=2 reward_so_far=16 | Position (0.09, 1.12); velocity (0.11, -0.06); angle -0.03 rad; legs (L=0, R=0). Monitor says: failu
     Plan: continue. Monitor confidence low (0.16); PPO action is likely safe.
  ep7 t=400 action=2 reward_so_far=10 | Position (0.13, 1.07); velocity (0.11, -0.08); angle -0.05 rad; legs (L=0, R=0). Monitor says: failu
     Plan: continue. Monitor confidence low (0.16); PPO action is likely safe.
  ep7 t=450 action=2 reward_so_far=-4 | Position (0.20, 1.03); velocity (0.20, -0.08); angle 0.06 rad; legs (L=0, R=0). Monitor says: failur
     Plan: monitor. Monitor says 0.42, near threshold. Continue observing.
  ep7 FINAL: gated=-2 ungated=13 gates=4 (skipped_qcov=0)
    Verifier: ALWAYS angle_below(1.0) -> freq=1.0 conf=1.0
    Verifier: EVENTUALLY velocity_below(0.3) -> freq=1.0 conf=1.0
    Verifier: ALWAYS (landed() IMPLIES in_pad()) -> freq=1.0 conf=1.0

  ep8 t=  0 action=3 reward_so_far=1 | Position (-0.01, 1.42); velocity (-0.66, 0.25); angle 0.01 rad; legs (L=0, R=0). Monitor says: failu
     Plan: continue. Monitor confidence low (0.00); PPO action is likely safe.
  ep8 t= 50 action=2 reward_so_far=4 | Position (-0.27, 1.33); velocity (-0.33, -0.19); angle -0.32 rad; legs (L=0, R=0). Monitor says: fai
     Plan: continue. Monitor confidence low (0.04); PPO action is likely safe.
  ep8 t=100 action=1 reward_so_far=59 | Position (-0.29, 1.25); velocity (0.03, 0.08); angle 0.01 rad; legs (L=0, R=0). Monitor says: failur
     Plan: continue. Monitor confidence low (0.04); PPO action is likely safe.
  ep8 t=150 action=1 reward_so_far=39 | Position (-0.28, 1.21); velocity (0.02, -0.09); angle -0.11 rad; legs (L=0, R=0). Monitor says: fail
     Plan: continue. Monitor confidence low (0.14); PPO action is likely safe.
  ep8 t=200 action=0 reward_so_far=44 | Position (-0.26, 1.15); velocity (0.06, -0.09); angle -0.02 rad; legs (L=0, R=0). Monitor says: fail
     Plan: continue. Monitor confidence low (0.10); PPO action is likely safe.
  ep8 t=250 action=2 reward_so_far=44 | Position (-0.23, 1.08); velocity (0.10, -0.04); angle 0.02 rad; legs (L=0, R=0). Monitor says: failu
     Plan: continue. Monitor confidence low (0.07); PPO action is likely safe.
  ep8 t=300 action=1 reward_so_far=38 | Position (-0.19, 1.03); velocity (0.02, -0.11); angle -0.06 rad; legs (L=0, R=0). Monitor says: fail
     Plan: continue. Monitor confidence low (0.06); PPO action is likely safe.
  ep8 t=350 action=2 reward_so_far=43 | Position (-0.19, 0.95); velocity (-0.01, -0.11); angle -0.04 rad; legs (L=0, R=0). Monitor says: fai
     Plan: continue. Monitor confidence low (0.18); PPO action is likely safe.
  ep8 t=400 action=1 reward_so_far=34 | Position (-0.18, 0.88); velocity (0.02, -0.08); angle -0.08 rad; legs (L=0, R=0). Monitor says: fail
     Plan: continue. Monitor confidence low (0.11); PPO action is likely safe.
  ep8 t=450 action=1 reward_so_far=31 | Position (-0.15, 0.78); velocity (0.11, -0.06); angle 0.08 rad; legs (L=0, R=0). Monitor says: failu
     Plan: continue. Monitor confidence low (0.18); PPO action is likely safe.
  ep8 FINAL: gated=42 ungated=9 gates=0 (skipped_qcov=0)
    Verifier: ALWAYS angle_below(1.0) -> freq=1.0 conf=1.0
    Verifier: EVENTUALLY velocity_below(0.3) -> freq=1.0 conf=1.0
    Verifier: ALWAYS (landed() IMPLIES in_pad()) -> freq=1.0 conf=1.0

  ep9 t=  0 action=2 reward_so_far=2 | Position (0.00, 1.40); velocity (0.14, -0.52); angle -0.00 rad; legs (L=0, R=0). Monitor says: failu
     Plan: continue. Monitor confidence low (0.00); PPO action is likely safe.
  ep9 t= 50 action=0 reward_so_far=41 | Position (0.06, 1.16); velocity (0.18, -0.08); angle -0.05 rad; legs (L=0, R=0). Monitor says: failu
     Plan: continue. Monitor confidence low (0.10); PPO action is likely safe.
  ep9 t=100 action=2 reward_so_far=31 | Position (0.17, 1.09); velocity (0.19, -0.12); angle 0.09 rad; legs (L=0, R=0). Monitor says: failur
     Plan: continue. Monitor confidence low (0.26); PPO action is likely safe.
  ep9 t=150 action=1 reward_so_far=44 | Position (0.25, 0.98); velocity (0.14, -0.06); angle 0.03 rad; legs (L=0, R=0). Monitor says: failur
     Plan: continue. Monitor confidence low (0.11); PPO action is likely safe.
  ep9 t=200 action=3 reward_so_far=42 | Position (0.32, 0.89); velocity (0.14, -0.04); angle 0.01 rad; legs (L=0, R=0). Monitor says: failur
     Plan: continue. Monitor confidence low (0.27); PPO action is likely safe.
  ep9 t=250 action=2 reward_so_far=33 | Position (0.41, 0.79); velocity (0.21, -0.08); angle -0.01 rad; legs (L=0, R=0). Monitor says: failu
     Plan: monitor. Monitor says 0.35, near threshold. Continue observing.
  ep9 t=300 action=2 reward_so_far=2 | Position (0.51, 0.79); velocity (0.11, 0.16); angle 0.17 rad; legs (L=0, R=0). Monitor says: failure
     Plan: intervene. Monitor says 0.55 > 0.44904641597909. Consider gated action.
  ep9 t=350 action=2 reward_so_far=-211 | Position (0.37, 1.52); velocity (-0.78, 1.08); angle 0.34 rad; legs (L=0, R=0). Monitor says: failur
     Plan: intervene. Monitor says 0.70 > 0.44904641597909. Consider gated action.
  ep9 t=400 action=2 reward_so_far=-597 | Position (-0.35, 3.26); velocity (-2.25, 1.90); angle 0.68 rad; legs (L=0, R=0). Monitor says: failu
     Plan: intervene. Monitor says 0.73 > 0.44904641597909. Consider gated action.
  ep9 FINAL: gated=-934 ungated=-132 gates=152 (skipped_qcov=0)
    Verifier: ALWAYS angle_below(1.0) -> freq=1.0 conf=1.0
    Verifier: EVENTUALLY velocity_below(0.3) -> freq=0.7287735849056604 conf=1.0
    Verifier: ALWAYS (landed() IMPLIES in_pad()) -> freq=1.0 conf=1.0

  ep10 t=  0 action=2 reward_so_far=2 | Position (-0.00, 1.40); velocity (-0.50, -0.51); angle 0.01 rad; legs (L=0, R=0). Monitor says: fail
     Plan: continue. Monitor confidence low (0.00); PPO action is likely safe.
  ep10 t= 50 action=2 reward_so_far=2 | Position (-0.27, 1.17); velocity (-0.52, -0.19); angle -0.26 rad; legs (L=0, R=0). Monitor says: fai
     Plan: continue. Monitor confidence low (0.18); PPO action is likely safe.
  ep10 t=100 action=2 reward_so_far=71 | Position (-0.37, 1.04); velocity (0.04, -0.06); angle -0.05 rad; legs (L=0, R=0). Monitor says: fail
     Plan: continue. Monitor confidence low (0.02); PPO action is likely safe.
  ep10 t=150 action=2 reward_so_far=67 | Position (-0.34, 0.99); velocity (0.05, -0.03); angle -0.02 rad; legs (L=0, R=0). Monitor says: fail
     Plan: continue. Monitor confidence low (0.03); PPO action is likely safe.
  ep10 t=200 action=2 reward_so_far=62 | Position (-0.32, 0.94); velocity (0.04, -0.06); angle 0.05 rad; legs (L=0, R=0). Monitor says: failu
     Plan: continue. Monitor confidence low (0.06); PPO action is likely safe.
  ep10 t=250 action=3 reward_so_far=44 | Position (-0.31, 0.90); velocity (0.02, -0.14); angle -0.07 rad; legs (L=0, R=0). Monitor says: fail
     Plan: continue. Monitor confidence low (0.07); PPO action is likely safe.
  ep10 t=300 action=2 reward_so_far=47 | Position (-0.27, 0.77); velocity (0.17, -0.13); angle 0.07 rad; legs (L=0, R=0). Monitor says: failu
     Plan: continue. Monitor confidence low (0.06); PPO action is likely safe.
  ep10 t=350 action=0 reward_so_far=60 | Position (-0.21, 0.70); velocity (0.07, 0.07); angle -0.03 rad; legs (L=0, R=0). Monitor says: failu
     Plan: continue. Monitor confidence low (0.04); PPO action is likely safe.
  ep10 t=400 action=2 reward_so_far=58 | Position (-0.16, 0.63); velocity (0.07, -0.02); angle 0.04 rad; legs (L=0, R=0). Monitor says: failu
     Plan: continue. Monitor confidence low (0.05); PPO action is likely safe.
  ep10 t=450 action=2 reward_so_far=56 | Position (-0.11, 0.54); velocity (0.11, -0.11); angle -0.04 rad; legs (L=0, R=0). Monitor says: fail
     Plan: continue. Monitor confidence low (0.07); PPO action is likely safe.
  ep10 FINAL: gated=46 ungated=-2 gates=0 (skipped_qcov=0)
    Verifier: ALWAYS angle_below(1.0) -> freq=1.0 conf=1.0
    Verifier: EVENTUALLY velocity_below(0.3) -> freq=1.0 conf=1.0
    Verifier: ALWAYS (landed() IMPLIES in_pad()) -> freq=1.0 conf=1.0

  ep11 t=  0 action=1 reward_so_far=0 | Position (0.00, 1.41); velocity (0.50, -0.17); angle -0.01 rad; legs (L=0, R=0). Monitor says: failu
     Plan: continue. Monitor confidence low (0.00); PPO action is likely safe.
  ep11 t= 50 action=2 reward_so_far=-4 | Position (0.23, 1.28); velocity (0.38, -0.07); angle 0.20 rad; legs (L=0, R=0). Monitor says: failur
     Plan: intervene. Monitor says 0.53 > 0.44904641597909. Consider gated action.
  ep11 t=100 action=2 reward_so_far=20 | Position (0.35, 1.22); velocity (0.17, -0.08); angle 0.10 rad; legs (L=0, R=0). Monitor says: failur
     Plan: continue. Monitor confidence low (0.29); PPO action is likely safe.
  ep11 t=150 action=2 reward_so_far=26 | Position (0.41, 1.19); velocity (0.09, -0.03); angle -0.05 rad; legs (L=0, R=0). Monitor says: failu
     Plan: monitor. Monitor says 0.35, near threshold. Continue observing.
  ep11 t=200 action=2 reward_so_far=-40 | Position (0.47, 1.28); velocity (0.28, 0.43); angle -0.03 rad; legs (L=0, R=0). Monitor says: failur
     Plan: intervene. Monitor says 0.61 > 0.44904641597909. Consider gated action.
  ep11 t=250 action=2 reward_so_far=-282 | Position (0.59, 2.34); velocity (-0.08, 1.46); angle 0.28 rad; legs (L=0, R=0). Monitor says: failur
     Plan: intervene. Monitor says 0.72 > 0.44904641597909. Consider gated action.
  ep11 t=300 action=2 reward_so_far=-654 | Position (0.23, 4.43); velocity (-1.53, 2.18); angle 0.61 rad; legs (L=0, R=0). Monitor says: failur
     Plan: intervene. Monitor says 0.71 > 0.44904641597909. Consider gated action.
  ep11 FINAL: gated=-1220 ungated=-2 gates=184 (skipped_qcov=0)
    Verifier: ALWAYS angle_below(1.0) -> freq=1.0 conf=1.0
    Verifier: EVENTUALLY velocity_below(0.3) -> freq=0.5444126074498568 conf=1.0
    Verifier: ALWAYS (landed() IMPLIES in_pad()) -> freq=1.0 conf=1.0

  ep12 t=  0 action=1 reward_so_far=0 | Position (0.01, 1.42); velocity (0.74, 0.27); angle -0.01 rad; legs (L=0, R=0). Monitor says: failur
     Plan: continue. Monitor confidence low (0.00); PPO action is likely safe.
  ep12 t= 50 action=2 reward_so_far=3 | Position (0.31, 1.40); velocity (0.40, 0.01); angle 0.28 rad; legs (L=0, R=0). Monitor says: failure
     Plan: intervene. Monitor says 0.46 > 0.44904641597909. Consider gated action.
  ep12 t=100 action=0 reward_so_far=39 | Position (0.46, 1.35); velocity (0.20, 0.02); angle 0.03 rad; legs (L=0, R=0). Monitor says: failure
     Plan: continue. Monitor confidence low (0.09); PPO action is likely safe.
  ep12 t=150 action=1 reward_so_far=32 | Position (0.56, 1.27); velocity (0.23, -0.03); angle -0.03 rad; legs (L=0, R=0). Monitor says: failu
     Plan: monitor. Monitor says 0.44, near threshold. Continue observing.
  ep12 t=200 action=2 reward_so_far=-72 | Position (0.65, 1.50); velocity (0.02, 0.65); angle 0.23 rad; legs (L=0, R=0). Monitor says: failure
     Plan: intervene. Monitor says 0.67 > 0.44904641597909. Consider gated action.
  ep12 t=250 action=2 reward_so_far=-356 | Position (0.35, 2.69); velocity (-1.35, 1.41); angle 0.51 rad; legs (L=0, R=0). Monitor says: failur
     Plan: intervene. Monitor says 0.73 > 0.44904641597909. Consider gated action.
  ep12 t=300 action=2 reward_so_far=-761 | Position (-0.82, 4.65); velocity (-3.25, 2.13); angle 0.44 rad; legs (L=0, R=0). Monitor says: failu
     Plan: intervene. Monitor says 0.73 > 0.44904641597909. Consider gated action.
  ep12 FINAL: gated=-898 ungated=23 gates=170 (skipped_qcov=0)
    Verifier: ALWAYS angle_below(1.0) -> freq=1.0 conf=1.0
    Verifier: EVENTUALLY velocity_below(0.3) -> freq=0.5882352941176471 conf=1.0
    Verifier: ALWAYS (landed() IMPLIES in_pad()) -> freq=1.0 conf=1.0

  ep13 t=  0 action=1 reward_so_far=0 | Position (0.01, 1.41); velocity (0.71, -0.07); angle -0.01 rad; legs (L=0, R=0). Monitor says: failu
     Plan: continue. Monitor confidence low (0.00); PPO action is likely safe.
  ep13 t= 50 action=2 reward_so_far=1 | Position (0.29, 1.30); velocity (0.32, 0.01); angle 0.41 rad; legs (L=0, R=0). Monitor says: failure
     Plan: monitor. Monitor says 0.44, near threshold. Continue observing.
  ep13 t=100 action=2 reward_so_far=40 | Position (0.32, 1.19); velocity (-0.01, -0.18); angle -0.16 rad; legs (L=0, R=0). Monitor says: fail
     Plan: continue. Monitor confidence low (0.19); PPO action is likely safe.
  ep13 t=150 action=2 reward_so_far=43 | Position (0.38, 1.10); velocity (0.19, -0.14); angle 0.04 rad; legs (L=0, R=0). Monitor says: failur
     Plan: intervene. Monitor says 0.48 > 0.44904641597909. Consider gated action.
  ep13 t=200 action=2 reward_so_far=51 | Position (0.44, 1.04); velocity (0.03, -0.02); angle 0.10 rad; legs (L=0, R=0). Monitor says: failur
     Plan: continue. Monitor confidence low (0.23); PPO action is likely safe.
  ep13 t=250 action=1 reward_so_far=47 | Position (0.46, 0.98); velocity (0.05, -0.05); angle -0.04 rad; legs (L=0, R=0). Monitor says: failu
     Plan: continue. Monitor confidence low (0.28); PPO action is likely safe.
  ep13 t=300 action=2 reward_so_far=41 | Position (0.48, 0.87); velocity (0.06, -0.13); angle -0.05 rad; legs (L=0, R=0). Monitor says: failu
     Plan: monitor. Monitor says 0.40, near threshold. Continue observing.
  ep13 t=350 action=3 reward_so_far=42 | Position (0.51, 0.80); velocity (0.07, -0.06); angle -0.01 rad; legs (L=0, R=0). Monitor says: failu
     Plan: continue. Monitor confidence low (0.27); PPO action is likely safe.
  ep13 t=400 action=2 reward_so_far=45 | Position (0.54, 0.70); velocity (0.03, -0.07); angle 0.00 rad; legs (L=0, R=0). Monitor says: failur
     Plan: continue. Monitor confidence low (0.18); PPO action is likely safe.
  ep13 t=450 action=3 reward_so_far=31 | Position (0.55, 0.63); velocity (0.03, -0.12); angle -0.02 rad; legs (L=0, R=0). Monitor says: failu
     Plan: continue. Monitor confidence low (0.29); PPO action is likely safe.
  ep13 FINAL: gated=-82 ungated=16 gates=97 (skipped_qcov=0)
    Verifier: ALWAYS angle_below(1.0) -> freq=1.0 conf=1.0
    Verifier: EVENTUALLY velocity_below(0.3) -> freq=0.956 conf=1.0
    Verifier: ALWAYS (landed() IMPLIES in_pad()) -> freq=1.0 conf=1.0

  ep14 t=  0 action=2 reward_so_far=2 | Position (0.01, 1.40); velocity (0.68, -0.40); angle -0.01 rad; legs (L=0, R=0). Monitor says: failu
     Plan: continue. Monitor confidence low (0.00); PPO action is likely safe.
  ep14 t= 50 action=2 reward_so_far=3 | Position (0.35, 1.16); velocity (0.60, -0.12); angle 0.27 rad; legs (L=0, R=0). Monitor says: failur
     Plan: monitor. Monitor says 0.39, near threshold. Continue observing.
  ep14 t=100 action=2 reward_so_far=55 | Position (0.49, 1.10); velocity (0.11, -0.10); angle 0.11 rad; legs (L=0, R=0). Monitor says: failur
     Plan: continue. Monitor confidence low (0.04); PPO action is likely safe.
  ep14 t=150 action=2 reward_so_far=70 | Position (0.51, 0.96); velocity (0.07, -0.08); angle -0.04 rad; legs (L=0, R=0). Monitor says: failu
     Plan: continue. Monitor confidence low (0.09); PPO action is likely safe.
  ep14 t=200 action=2 reward_so_far=63 | Position (0.56, 0.91); velocity (0.10, -0.11); angle -0.00 rad; legs (L=0, R=0). Monitor says: failu
     Plan: monitor. Monitor says 0.34, near threshold. Continue observing.
  ep14 t=250 action=0 reward_so_far=55 | Position (0.60, 0.85); velocity (0.01, 0.01); angle 0.12 rad; legs (L=0, R=0). Monitor says: failure
     Plan: monitor. Monitor says 0.41, near threshold. Continue observing.
  ep14 t=300 action=2 reward_so_far=-73 | Position (0.57, 1.27); velocity (-0.10, 0.85); angle 0.02 rad; legs (L=0, R=0). Monitor says: failur
     Plan: intervene. Monitor says 0.66 > 0.44904641597909. Consider gated action.
  ep14 t=350 action=2 reward_so_far=-352 | Position (0.51, 2.82); velocity (-0.09, 1.98); angle -0.02 rad; legs (L=0, R=0). Monitor says: failu
     Plan: intervene. Monitor says 0.72 > 0.44904641597909. Consider gated action.
  ep14 t=400 action=2 reward_so_far=-751 | Position (0.50, 5.66); velocity (0.05, 2.99); angle -0.02 rad; legs (L=0, R=0). Monitor says: failur
     Plan: intervene. Monitor says 0.74 > 0.44904641597909. Consider gated action.
  ep14 t=450 action=2 reward_so_far=-1282 | Position (0.55, 9.66); velocity (0.05, 4.10); angle 0.08 rad; legs (L=0, R=0). Monitor says: failure
     Plan: intervene. Monitor says 0.73 > 0.44904641597909. Consider gated action.
  ep14 FINAL: gated=-1932 ungated=26 gates=293 (skipped_qcov=0)
    Verifier: ALWAYS angle_below(1.0) -> freq=1.0 conf=1.0
    Verifier: EVENTUALLY velocity_below(0.3) -> freq=0.544 conf=1.0
    Verifier: ALWAYS (landed() IMPLIES in_pad()) -> freq=1.0 conf=1.0

  ep15 t=  0 action=1 reward_so_far=1 | Position (0.00, 1.42); velocity (0.50, 0.24); angle -0.01 rad; legs (L=0, R=0). Monitor says: failur
     Plan: continue. Monitor confidence low (0.00); PPO action is likely safe.
  ep15 t= 50 action=3 reward_so_far=-15 | Position (0.22, 1.41); velocity (0.26, 0.14); angle 0.30 rad; legs (L=0, R=0). Monitor says: failure
     Plan: monitor. Monitor says 0.41, near threshold. Continue observing.
  ep15 t=100 action=2 reward_so_far=-210 | Position (0.05, 1.94); velocity (-0.99, 0.78); angle 0.56 rad; legs (L=0, R=0). Monitor says: failur
     Plan: intervene. Monitor says 0.72 > 0.44904641597909. Consider gated action.
  ep15 t=150 action=2 reward_so_far=-694 | Position (-1.00, 3.08); velocity (-3.21, 1.18); angle 0.87 rad; legs (L=0, R=0). Monitor says: failu
     Plan: intervene. Monitor says 0.72 > 0.44904641597909. Consider gated action.
  ep15 FINAL: gated=-694 ungated=12 gates=113 (skipped_qcov=0)
    Verifier: ALWAYS angle_below(1.0) -> freq=1.0 conf=1.0
    Verifier: EVENTUALLY velocity_below(0.3) -> freq=0.423841059602649 conf=1.0
    Verifier: ALWAYS (landed() IMPLIES in_pad()) -> freq=1.0 conf=1.0

  ep16 t=  0 action=2 reward_so_far=1 | Position (0.00, 1.40); velocity (0.29, -0.54); angle -0.00 rad; legs (L=0, R=0). Monitor says: failu
     Plan: continue. Monitor confidence low (0.00); PPO action is likely safe.
  ep16 t= 50 action=0 reward_so_far=31 | Position (0.17, 1.11); velocity (0.32, -0.06); angle 0.12 rad; legs (L=0, R=0). Monitor says: failur
     Plan: continue. Monitor confidence low (0.08); PPO action is likely safe.
  ep16 t=100 action=2 reward_so_far=49 | Position (0.29, 1.03); velocity (0.19, -0.09); angle -0.04 rad; legs (L=0, R=0). Monitor says: failu
     Plan: continue. Monitor confidence low (0.06); PPO action is likely safe.
  ep16 t=150 action=2 reward_so_far=36 | Position (0.39, 0.95); velocity (0.19, -0.10); angle 0.12 rad; legs (L=0, R=0). Monitor says: failur
     Plan: intervene. Monitor says 0.49 > 0.44904641597909. Consider gated action.
  ep16 t=200 action=2 reward_so_far=-109 | Position (0.39, 1.35); velocity (-0.36, 0.85); angle 0.27 rad; legs (L=0, R=0). Monitor says: failur
     Plan: intervene. Monitor says 0.71 > 0.44904641597909. Consider gated action.
  ep16 t=250 action=2 reward_so_far=-404 | Position (-0.06, 2.91); velocity (-1.29, 1.80); angle 0.27 rad; legs (L=0, R=0). Monitor says: failu
     Plan: intervene. Monitor says 0.73 > 0.44904641597909. Consider gated action.
  ep16 t=300 action=2 reward_so_far=-847 | Position (-0.94, 5.47); velocity (-2.35, 2.64); angle 0.51 rad; legs (L=0, R=0). Monitor says: failu
     Plan: intervene. Monitor says 0.75 > 0.44904641597909. Consider gated action.
  ep16 FINAL: gated=-957 ungated=35 gates=152 (skipped_qcov=0)
    Verifier: ALWAYS angle_below(1.0) -> freq=1.0 conf=1.0
    Verifier: EVENTUALLY velocity_below(0.3) -> freq=0.570957095709571 conf=1.0
    Verifier: ALWAYS (landed() IMPLIES in_pad()) -> freq=1.0 conf=1.0

  ep17 t=  0 action=0 reward_so_far=0 | Position (0.01, 1.42); velocity (0.53, 0.38); angle -0.01 rad; legs (L=0, R=0). Monitor says: failur
     Plan: continue. Monitor confidence low (0.00); PPO action is likely safe.
  ep17 t= 50 action=2 reward_so_far=-1 | Position (0.22, 1.46); velocity (0.32, -0.04); angle 0.22 rad; legs (L=0, R=0). Monitor says: failur
     Plan: intervene. Monitor says 0.47 > 0.44904641597909. Consider gated action.
  ep17 t=100 action=2 reward_so_far=26 | Position (0.32, 1.35); velocity (0.15, -0.15); angle 0.08 rad; legs (L=0, R=0). Monitor says: failur
     Plan: continue. Monitor confidence low (0.20); PPO action is likely safe.
  ep17 t=150 action=3 reward_so_far=42 | Position (0.34, 1.26); velocity (-0.01, -0.05); angle -0.03 rad; legs (L=0, R=0). Monitor says: fail
     Plan: continue. Monitor confidence low (0.11); PPO action is likely safe.
  ep17 t=200 action=3 reward_so_far=39 | Position (0.35, 1.17); velocity (0.04, -0.06); angle -0.02 rad; legs (L=0, R=0). Monitor says: failu
     Plan: monitor. Monitor says 0.35, near threshold. Continue observing.
  ep17 t=250 action=1 reward_so_far=25 | Position (0.36, 1.07); velocity (0.01, -0.14); angle -0.11 rad; legs (L=0, R=0). Monitor says: failu
     Plan: monitor. Monitor says 0.39, near threshold. Continue observing.
  ep17 t=300 action=2 reward_so_far=40 | Position (0.40, 0.98); velocity (0.06, -0.00); angle 0.05 rad; legs (L=0, R=0). Monitor says: failur
     Plan: monitor. Monitor says 0.43, near threshold. Continue observing.
  ep17 t=350 action=1 reward_so_far=22 | Position (0.41, 0.92); velocity (0.12, 0.06); angle -0.13 rad; legs (L=0, R=0). Monitor says: failur
     Plan: monitor. Monitor says 0.36, near threshold. Continue observing.
  ep17 t=400 action=2 reward_so_far=35 | Position (0.45, 0.82); velocity (0.06, -0.04); angle -0.02 rad; legs (L=0, R=0). Monitor says: failu
     Plan: monitor. Monitor says 0.34, near threshold. Continue observing.
  ep17 t=450 action=2 reward_so_far=23 | Position (0.46, 0.73); velocity (0.04, -0.12); angle -0.09 rad; legs (L=0, R=0). Monitor says: failu
     Plan: intervene. Monitor says 0.46 > 0.44904641597909. Consider gated action.
  ep17 FINAL: gated=15 ungated=19 gates=53 (skipped_qcov=0)
    Verifier: ALWAYS angle_below(1.0) -> freq=1.0 conf=1.0
    Verifier: EVENTUALLY velocity_below(0.3) -> freq=1.0 conf=1.0
    Verifier: ALWAYS (landed() IMPLIES in_pad()) -> freq=1.0 conf=1.0

  ep18 t=  0 action=1 reward_so_far=0 | Position (0.01, 1.41); velocity (0.52, -0.16); angle -0.01 rad; legs (L=0, R=0). Monitor says: failu
     Plan: continue. Monitor confidence low (0.00); PPO action is likely safe.
  ep18 t= 50 action=2 reward_so_far=9 | Position (0.20, 1.30); velocity (0.28, -0.09); angle 0.20 rad; legs (L=0, R=0). Monitor says: failur
     Plan: monitor. Monitor says 0.37, near threshold. Continue observing.
  ep18 t=100 action=2 reward_so_far=24 | Position (0.32, 1.15); velocity (0.22, -0.08); angle -0.09 rad; legs (L=0, R=0). Monitor says: failu
     Plan: continue. Monitor confidence low (0.29); PPO action is likely safe.
  ep18 t=150 action=2 reward_so_far=24 | Position (0.44, 1.08); velocity (0.19, -0.07); angle 0.08 rad; legs (L=0, R=0). Monitor says: failur
     Plan: continue. Monitor confidence low (0.15); PPO action is likely safe.
  ep18 t=200 action=2 reward_so_far=43 | Position (0.49, 1.01); velocity (0.01, -0.04); angle -0.03 rad; legs (L=0, R=0). Monitor says: failu
     Plan: continue. Monitor confidence low (0.19); PPO action is likely safe.
  ep18 t=250 action=2 reward_so_far=-53 | Position (0.53, 1.09); velocity (0.30, 0.37); angle -0.27 rad; legs (L=0, R=0). Monitor says: failur
     Plan: intervene. Monitor says 0.64 > 0.44904641597909. Consider gated action.
  ep18 FINAL: gated=-467 ungated=33 gates=93 (skipped_qcov=0)
    Verifier: ALWAYS angle_below(1.0) -> freq=1.0 conf=1.0
    Verifier: EVENTUALLY velocity_below(0.3) -> freq=0.8066666666666666 conf=1.0
    Verifier: ALWAYS (landed() IMPLIES in_pad()) -> freq=1.0 conf=1.0

  ep19 t=  0 action=3 reward_so_far=1 | Position (-0.01, 1.42); velocity (-0.55, 0.27); angle 0.01 rad; legs (L=0, R=0). Monitor says: failu
     Plan: continue. Monitor confidence low (0.00); PPO action is likely safe.
  ep19 t= 50 action=2 reward_so_far=19 | Position (-0.19, 1.35); velocity (-0.21, -0.11); angle -0.20 rad; legs (L=0, R=0). Monitor says: fai
     Plan: continue. Monitor confidence low (0.04); PPO action is likely safe.
  ep19 t=100 action=1 reward_so_far=40 | Position (-0.19, 1.30); velocity (0.12, -0.04); angle -0.04 rad; legs (L=0, R=0). Monitor says: fail
     Plan: continue. Monitor confidence low (0.15); PPO action is likely safe.
  ep19 t=150 action=2 reward_so_far=39 | Position (-0.14, 1.24); velocity (0.11, 0.02); angle 0.03 rad; legs (L=0, R=0). Monitor says: failur
     Plan: continue. Monitor confidence low (0.11); PPO action is likely safe.
  ep19 t=200 action=0 reward_so_far=39 | Position (-0.11, 1.18); velocity (0.05, -0.03); angle -0.05 rad; legs (L=0, R=0). Monitor says: fail
     Plan: continue. Monitor confidence low (0.09); PPO action is likely safe.
  ep19 t=250 action=2 reward_so_far=33 | Position (-0.08, 1.15); velocity (0.08, -0.10); angle 0.02 rad; legs (L=0, R=0). Monitor says: failu
     Plan: continue. Monitor confidence low (0.11); PPO action is likely safe.
  ep19 t=300 action=2 reward_so_far=23 | Position (-0.01, 1.05); velocity (0.17, -0.13); angle 0.02 rad; legs (L=0, R=0). Monitor says: failu
     Plan: continue. Monitor confidence low (0.08); PPO action is likely safe.
  ep19 t=350 action=1 reward_so_far=34 | Position (0.05, 0.99); velocity (0.04, -0.05); angle -0.01 rad; legs (L=0, R=0). Monitor says: failu
     Plan: continue. Monitor confidence low (0.04); PPO action is likely safe.
  ep19 t=400 action=2 reward_so_far=23 | Position (0.07, 0.88); velocity (0.05, -0.20); angle -0.04 rad; legs (L=0, R=0). Monitor says: failu
     Plan: continue. Monitor confidence low (0.12); PPO action is likely safe.
  ep19 t=450 action=0 reward_so_far=25 | Position (0.11, 0.82); velocity (0.09, -0.11); angle -0.01 rad; legs (L=0, R=0). Monitor says: failu
     Plan: continue. Monitor confidence low (0.12); PPO action is likely safe.
  ep19 FINAL: gated=22 ungated=-12 gates=0 (skipped_qcov=0)
    Verifier: ALWAYS angle_below(1.0) -> freq=1.0 conf=1.0
    Verifier: EVENTUALLY velocity_below(0.3) -> freq=1.0 conf=1.0
    Verifier: ALWAYS (landed() IMPLIES in_pad()) -> freq=1.0 conf=1.0

  ep20 t=  0 action=0 reward_so_far=-1 | Position (0.01, 1.41); velocity (0.78, 0.16); angle -0.01 rad; legs (L=0, R=0). Monitor says: failur
     Plan: continue. Monitor confidence low (0.00); PPO action is likely safe.
  ep20 t= 50 action=2 reward_so_far=16 | Position (0.32, 1.34); velocity (0.42, -0.01); angle 0.20 rad; legs (L=0, R=0). Monitor says: failur
     Plan: continue. Monitor confidence low (0.22); PPO action is likely safe.
  ep20 t=100 action=1 reward_so_far=43 | Position (0.46, 1.30); velocity (0.20, -0.05); angle -0.03 rad; legs (L=0, R=0). Monitor says: failu
     Plan: continue. Monitor confidence low (0.23); PPO action is likely safe.
  ep20 t=150 action=2 reward_so_far=2 | Position (0.56, 1.34); velocity (0.13, 0.37); angle 0.04 rad; legs (L=0, R=0). Monitor says: failure
     Plan: intervene. Monitor says 0.59 > 0.44904641597909. Consider gated action.
  ep20 t=200 action=2 reward_so_far=-228 | Position (0.59, 2.35); velocity (-0.09, 1.47); angle 0.11 rad; legs (L=0, R=0). Monitor says: failur
     Plan: intervene. Monitor says 0.71 > 0.44904641597909. Consider gated action.
  ep20 t=250 action=2 reward_so_far=-586 | Position (0.45, 4.64); velocity (-0.50, 2.53); angle 0.18 rad; legs (L=0, R=0). Monitor says: failur
     Plan: intervene. Monitor says 0.73 > 0.44904641597909. Consider gated action.
  ep20 t=300 action=2 reward_so_far=-1038 | Position (-0.01, 7.94); velocity (-1.30, 3.33); angle 0.25 rad; legs (L=0, R=0). Monitor says: failu
     Plan: intervene. Monitor says 0.72 > 0.44904641597909. Consider gated action.
  ep20 t=350 action=2 reward_so_far=-1615 | Position (-0.90, 12.28); velocity (-2.18, 4.37); angle 0.16 rad; legs (L=0, R=0). Monitor says: fail
     Plan: intervene. Monitor says 0.72 > 0.44904641597909. Consider gated action.
  ep20 FINAL: gated=-1751 ungated=-7 gates=236 (skipped_qcov=0)
    Verifier: ALWAYS angle_below(1.0) -> freq=1.0 conf=1.0
    Verifier: EVENTUALLY velocity_below(0.3) -> freq=0.4112676056338028 conf=1.0
    Verifier: ALWAYS (landed() IMPLIES in_pad()) -> freq=1.0 conf=1.0

  ep21 t=  0 action=3 reward_so_far=0 | Position (-0.00, 1.41); velocity (-0.34, -0.07); angle 0.00 rad; legs (L=0, R=0). Monitor says: fail
     Plan: continue. Monitor confidence low (0.00); PPO action is likely safe.
  ep21 t= 50 action=2 reward_so_far=12 | Position (-0.13, 1.29); velocity (-0.08, -0.09); angle -0.17 rad; legs (L=0, R=0). Monitor says: fai
     Plan: continue. Monitor confidence low (0.03); PPO action is likely safe.
  ep21 t=100 action=3 reward_so_far=25 | Position (-0.12, 1.25); velocity (0.05, -0.01); angle 0.00 rad; legs (L=0, R=0). Monitor says: failu
     Plan: continue. Monitor confidence low (0.07); PPO action is likely safe.
  ep21 t=150 action=2 reward_so_far=9 | Position (-0.06, 1.17); velocity (0.17, -0.10); angle -0.02 rad; legs (L=0, R=0). Monitor says: fail
     Plan: continue. Monitor confidence low (0.09); PPO action is likely safe.
  ep21 t=200 action=3 reward_so_far=9 | Position (0.02, 1.10); velocity (0.15, 0.01); angle 0.05 rad; legs (L=0, R=0). Monitor says: failure
     Plan: continue. Monitor confidence low (0.12); PPO action is likely safe.
  ep21 t=250 action=2 reward_so_far=12 | Position (0.10, 1.02); velocity (0.10, -0.04); angle 0.06 rad; legs (L=0, R=0). Monitor says: failur
     Plan: continue. Monitor confidence low (0.17); PPO action is likely safe.
  ep21 t=300 action=2 reward_so_far=7 | Position (0.14, 0.98); velocity (0.10, -0.08); angle -0.04 rad; legs (L=0, R=0). Monitor says: failu
     Plan: continue. Monitor confidence low (0.19); PPO action is likely safe.
  ep21 t=350 action=1 reward_so_far=3 | Position (0.18, 0.90); velocity (0.08, -0.12); angle 0.03 rad; legs (L=0, R=0). Monitor says: failur
     Plan: continue. Monitor confidence low (0.12); PPO action is likely safe.
  ep21 t=400 action=2 reward_so_far=2 | Position (0.23, 0.80); velocity (0.13, -0.11); angle -0.03 rad; legs (L=0, R=0). Monitor says: failu
     Plan: continue. Monitor confidence low (0.29); PPO action is likely safe.
  ep21 t=450 action=3 reward_so_far=10 | Position (0.28, 0.72); velocity (0.06, -0.01); angle -0.00 rad; legs (L=0, R=0). Monitor says: failu
     Plan: continue. Monitor confidence low (0.13); PPO action is likely safe.
  ep21 FINAL: gated=5 ungated=27 gates=2 (skipped_qcov=0)
    Verifier: ALWAYS angle_below(1.0) -> freq=1.0 conf=1.0
    Verifier: EVENTUALLY velocity_below(0.3) -> freq=1.0 conf=1.0
    Verifier: ALWAYS (landed() IMPLIES in_pad()) -> freq=1.0 conf=1.0

  ep22 t=  0 action=2 reward_so_far=-0 | Position (-0.00, 1.41); velocity (-0.34, -0.17); angle 0.00 rad; legs (L=0, R=0). Monitor says: fail
     Plan: continue. Monitor confidence low (0.00); PPO action is likely safe.
  ep22 t= 50 action=2 reward_so_far=-6 | Position (-0.14, 1.31); velocity (-0.24, -0.11); angle -0.19 rad; legs (L=0, R=0). Monitor says: fai
     Plan: continue. Monitor confidence low (0.28); PPO action is likely safe.
  ep22 t=100 action=2 reward_so_far=18 | Position (-0.18, 1.23); velocity (0.00, -0.16); angle 0.02 rad; legs (L=0, R=0). Monitor says: failu
     Plan: continue. Monitor confidence low (0.08); PPO action is likely safe.
  ep22 t=150 action=2 reward_so_far=19 | Position (-0.16, 1.18); velocity (0.01, -0.09); angle -0.07 rad; legs (L=0, R=0). Monitor says: fail
     Plan: continue. Monitor confidence low (0.23); PPO action is likely safe.
  ep22 t=200 action=2 reward_so_far=26 | Position (-0.13, 1.03); velocity (0.09, -0.07); angle 0.01 rad; legs (L=0, R=0). Monitor says: failu
     Plan: continue. Monitor confidence low (0.06); PPO action is likely safe.
  ep22 t=250 action=2 reward_so_far=18 | Position (-0.06, 0.97); velocity (0.17, -0.03); angle 0.01 rad; legs (L=0, R=0). Monitor says: failu
     Plan: continue. Monitor confidence low (0.10); PPO action is likely safe.
  ep22 t=300 action=0 reward_so_far=19 | Position (-0.01, 0.93); velocity (0.08, -0.05); angle 0.01 rad; legs (L=0, R=0). Monitor says: failu
     Plan: continue. Monitor confidence low (0.08); PPO action is likely safe.
  ep22 t=350 action=2 reward_so_far=-0 | Position (0.02, 0.84); velocity (0.13, -0.14); angle 0.12 rad; legs (L=0, R=0). Monitor says: failur
     Plan: continue. Monitor confidence low (0.15); PPO action is likely safe.
  ep22 t=400 action=2 reward_so_far=21 | Position (0.07, 0.74); velocity (0.08, -0.08); angle 0.01 rad; legs (L=0, R=0). Monitor says: failur
     Plan: continue. Monitor confidence low (0.04); PPO action is likely safe.
  ep22 t=450 action=2 reward_so_far=13 | Position (0.09, 0.67); velocity (0.05, -0.02); angle 0.10 rad; legs (L=0, R=0). Monitor says: failur
     Plan: continue. Monitor confidence low (0.12); PPO action is likely safe.
  ep22 FINAL: gated=3 ungated=52 gates=2 (skipped_qcov=0)
    Verifier: ALWAYS angle_below(1.0) -> freq=1.0 conf=1.0
    Verifier: EVENTUALLY velocity_below(0.3) -> freq=1.0 conf=1.0
    Verifier: ALWAYS (landed() IMPLIES in_pad()) -> freq=1.0 conf=1.0

  ep23 t=  0 action=3 reward_so_far=2 | Position (-0.00, 1.41); velocity (-0.29, 0.17); angle 0.00 rad; legs (L=0, R=0). Monitor says: failu
     Plan: continue. Monitor confidence low (0.00); PPO action is likely safe.
  ep23 t= 50 action=2 reward_so_far=16 | Position (-0.08, 1.35); velocity (-0.09, -0.15); angle -0.03 rad; legs (L=0, R=0). Monitor says: fai
     Plan: continue. Monitor confidence low (0.04); PPO action is likely safe.
  ep23 t=100 action=2 reward_so_far=19 | Position (-0.10, 1.27); velocity (0.03, -0.08); angle -0.04 rad; legs (L=0, R=0). Monitor says: fail
     Plan: continue. Monitor confidence low (0.07); PPO action is likely safe.
  ep23 t=150 action=2 reward_so_far=15 | Position (-0.10, 1.22); velocity (-0.05, -0.05); angle -0.05 rad; legs (L=0, R=0). Monitor says: fai
     Plan: continue. Monitor confidence low (0.20); PPO action is likely safe.
  ep23 t=200 action=2 reward_so_far=11 | Position (-0.10, 1.15); velocity (0.03, -0.12); angle -0.02 rad; legs (L=0, R=0). Monitor says: fail
     Plan: continue. Monitor confidence low (0.14); PPO action is likely safe.
  ep23 t=250 action=2 reward_so_far=14 | Position (-0.09, 1.08); velocity (-0.02, -0.05); angle -0.06 rad; legs (L=0, R=0). Monitor says: fai
     Plan: continue. Monitor confidence low (0.07); PPO action is likely safe.
  ep23 t=300 action=2 reward_so_far=12 | Position (-0.08, 0.97); velocity (0.13, -0.01); angle 0.01 rad; legs (L=0, R=0). Monitor says: failu
     Plan: continue. Monitor confidence low (0.03); PPO action is likely safe.
  ep23 t=350 action=2 reward_so_far=1 | Position (-0.04, 0.91); velocity (0.08, -0.13); angle -0.07 rad; legs (L=0, R=0). Monitor says: fail
     Plan: continue. Monitor confidence low (0.17); PPO action is likely safe.
  ep23 t=400 action=2 reward_so_far=2 | Position (0.02, 0.86); velocity (0.09, 0.01); angle 0.05 rad; legs (L=0, R=0). Monitor says: failure
     Plan: continue. Monitor confidence low (0.13); PPO action is likely safe.
  ep23 t=450 action=1 reward_so_far=-5 | Position (0.07, 0.82); velocity (0.08, -0.06); angle 0.08 rad; legs (L=0, R=0). Monitor says: failur
     Plan: continue. Monitor confidence low (0.28); PPO action is likely safe.
  ep23 FINAL: gated=-8 ungated=34 gates=0 (skipped_qcov=0)
    Verifier: ALWAYS angle_below(1.0) -> freq=1.0 conf=1.0
    Verifier: EVENTUALLY velocity_below(0.3) -> freq=1.0 conf=1.0
    Verifier: ALWAYS (landed() IMPLIES in_pad()) -> freq=1.0 conf=1.0

  ep24 t=  0 action=3 reward_so_far=1 | Position (-0.00, 1.41); velocity (-0.28, 0.03); angle 0.00 rad; legs (L=0, R=0). Monitor says: failu
     Plan: continue. Monitor confidence low (0.00); PPO action is likely safe.
  ep24 t= 50 action=2 reward_so_far=-8 | Position (-0.09, 1.37); velocity (-0.14, -0.07); angle -0.16 rad; legs (L=0, R=0). Monitor says: fai
     Plan: continue. Monitor confidence low (0.09); PPO action is likely safe.
  ep24 t=100 action=2 reward_so_far=9 | Position (-0.12, 1.29); velocity (0.06, -0.01); angle -0.04 rad; legs (L=0, R=0). Monitor says: fail
     Plan: continue. Monitor confidence low (0.04); PPO action is likely safe.
  ep24 t=150 action=3 reward_so_far=10 | Position (-0.11, 1.25); velocity (-0.01, 0.01); angle -0.03 rad; legs (L=0, R=0). Monitor says: fail
     Plan: continue. Monitor confidence low (0.15); PPO action is likely safe.
  ep24 t=200 action=0 reward_so_far=1 | Position (-0.08, 1.21); velocity (0.07, -0.06); angle -0.01 rad; legs (L=0, R=0). Monitor says: fail
     Plan: continue. Monitor confidence low (0.13); PPO action is likely safe.
  ep24 t=250 action=2 reward_so_far=-2 | Position (-0.03, 1.14); velocity (0.08, -0.06); angle 0.02 rad; legs (L=0, R=0). Monitor says: failu
     Plan: continue. Monitor confidence low (0.10); PPO action is likely safe.
  ep24 t=300 action=1 reward_so_far=-16 | Position (-0.01, 1.06); velocity (0.11, -0.15); angle -0.07 rad; legs (L=0, R=0). Monitor says: fail
     Plan: continue. Monitor confidence low (0.18); PPO action is likely safe.
  ep24 t=350 action=2 reward_so_far=-12 | Position (0.06, 0.97); velocity (0.19, -0.05); angle 0.03 rad; legs (L=0, R=0). Monitor says: failur
     Plan: continue. Monitor confidence low (0.22); PPO action is likely safe.
  ep24 t=400 action=2 reward_so_far=-13 | Position (0.14, 0.92); velocity (0.13, -0.07); angle 0.05 rad; legs (L=0, R=0). Monitor says: failur
     Plan: continue. Monitor confidence low (0.19); PPO action is likely safe.
  ep24 t=450 action=1 reward_so_far=-16 | Position (0.19, 0.88); velocity (0.12, -0.01); angle -0.02 rad; legs (L=0, R=0). Monitor says: failu
     Plan: monitor. Monitor says 0.35, near threshold. Continue observing.
  ep24 FINAL: gated=-34 ungated=26 gates=0 (skipped_qcov=0)
    Verifier: ALWAYS angle_below(1.0) -> freq=1.0 conf=1.0
    Verifier: EVENTUALLY velocity_below(0.3) -> freq=1.0 conf=1.0
    Verifier: ALWAYS (landed() IMPLIES in_pad()) -> freq=1.0 conf=1.0

  ep25 t=  0 action=0 reward_so_far=1 | Position (0.00, 1.42); velocity (0.34, 0.42); angle -0.00 rad; legs (L=0, R=0). Monitor says: failur
     Plan: continue. Monitor confidence low (0.00); PPO action is likely safe.
  ep25 t= 50 action=2 reward_so_far=15 | Position (0.14, 1.44); velocity (0.20, -0.09); angle 0.11 rad; legs (L=0, R=0). Monitor says: failur
     Plan: continue. Monitor confidence low (0.15); PPO action is likely safe.
  ep25 t=100 action=1 reward_so_far=25 | Position (0.22, 1.33); velocity (0.16, -0.04); angle 0.04 rad; legs (L=0, R=0). Monitor says: failur
     Plan: continue. Monitor confidence low (0.29); PPO action is likely safe.
  ep25 t=150 action=2 reward_so_far=27 | Position (0.28, 1.21); velocity (0.15, -0.08); angle -0.05 rad; legs (L=0, R=0). Monitor says: failu
     Plan: continue. Monitor confidence low (0.25); PPO action is likely safe.
  ep25 t=200 action=2 reward_so_far=20 | Position (0.36, 1.15); velocity (0.18, 0.01); angle 0.03 rad; legs (L=0, R=0). Monitor says: failure
     Plan: continue. Monitor confidence low (0.19); PPO action is likely safe.
  ep25 t=250 action=1 reward_so_far=19 | Position (0.42, 1.12); velocity (0.04, -0.09); angle -0.02 rad; legs (L=0, R=0). Monitor says: failu
     Plan: monitor. Monitor says 0.35, near threshold. Continue observing.
  ep25 t=300 action=2 reward_so_far=9 | Position (0.46, 1.04); velocity (0.10, -0.02); angle -0.09 rad; legs (L=0, R=0). Monitor says: failu
     Plan: intervene. Monitor says 0.52 > 0.44904641597909. Consider gated action.
  ep25 t=350 action=3 reward_so_far=7 | Position (0.53, 0.98); velocity (0.10, 0.01); angle 0.06 rad; legs (L=0, R=0). Monitor says: failure
     Plan: continue. Monitor confidence low (0.21); PPO action is likely safe.
  ep25 t=400 action=2 reward_so_far=1 | Position (0.56, 0.90); velocity (0.14, 0.01); angle 0.02 rad; legs (L=0, R=0). Monitor says: failure
     Plan: intervene. Monitor says 0.51 > 0.44904641597909. Consider gated action.
  ep25 t=450 action=2 reward_so_far=-178 | Position (0.56, 1.50); velocity (-0.25, 1.10); angle 0.10 rad; legs (L=0, R=0). Monitor says: failur
     Plan: intervene. Monitor says 0.69 > 0.44904641597909. Consider gated action.
  ep25 FINAL: gated=-464 ungated=3 gates=155 (skipped_qcov=0)
    Verifier: ALWAYS angle_below(1.0) -> freq=1.0 conf=1.0
    Verifier: EVENTUALLY velocity_below(0.3) -> freq=0.832 conf=1.0
    Verifier: ALWAYS (landed() IMPLIES in_pad()) -> freq=1.0 conf=1.0

  ep26 t=  0 action=3 reward_so_far=1 | Position (-0.00, 1.41); velocity (-0.41, 0.17); angle 0.00 rad; legs (L=0, R=0). Monitor says: failu
     Plan: continue. Monitor confidence low (0.00); PPO action is likely safe.
  ep26 t= 50 action=0 reward_so_far=26 | Position (-0.13, 1.38); velocity (-0.05, -0.02); angle -0.08 rad; legs (L=0, R=0). Monitor says: fai
     Plan: continue. Monitor confidence low (0.03); PPO action is likely safe.
  ep26 t=100 action=1 reward_so_far=22 | Position (-0.12, 1.32); velocity (0.08, -0.06); angle -0.04 rad; legs (L=0, R=0). Monitor says: fail
     Plan: continue. Monitor confidence low (0.21); PPO action is likely safe.
  ep26 t=150 action=2 reward_so_far=15 | Position (-0.06, 1.23); velocity (0.17, 0.02); angle -0.04 rad; legs (L=0, R=0). Monitor says: failu
     Plan: continue. Monitor confidence low (0.06); PPO action is likely safe.
  ep26 t=200 action=2 reward_so_far=22 | Position (-0.00, 1.24); velocity (0.02, 0.01); angle 0.00 rad; legs (L=0, R=0). Monitor says: failur
     Plan: continue. Monitor confidence low (0.03); PPO action is likely safe.
  ep26 t=250 action=2 reward_so_far=11 | Position (0.01, 1.18); velocity (0.07, -0.10); angle -0.05 rad; legs (L=0, R=0). Monitor says: failu
     Plan: continue. Monitor confidence low (0.13); PPO action is likely safe.
  ep26 t=300 action=2 reward_so_far=-1 | Position (0.05, 1.13); velocity (0.11, -0.12); angle -0.07 rad; legs (L=0, R=0). Monitor says: failu
     Plan: monitor. Monitor says 0.33, near threshold. Continue observing.
  ep26 t=350 action=3 reward_so_far=-4 | Position (0.13, 1.08); velocity (0.15, -0.02); angle 0.05 rad; legs (L=0, R=0). Monitor says: failur
     Plan: continue. Monitor confidence low (0.19); PPO action is likely safe.
  ep26 t=400 action=2 reward_so_far=-11 | Position (0.19, 1.01); velocity (0.13, -0.19); angle -0.04 rad; legs (L=0, R=0). Monitor says: failu
     Plan: continue. Monitor confidence low (0.21); PPO action is likely safe.
  ep26 t=450 action=3 reward_so_far=-7 | Position (0.26, 0.90); velocity (0.11, -0.05); angle 0.07 rad; legs (L=0, R=0). Monitor says: failur
     Plan: continue. Monitor confidence low (0.24); PPO action is likely safe.
  ep26 FINAL: gated=-5 ungated=32 gates=8 (skipped_qcov=0)
    Verifier: ALWAYS angle_below(1.0) -> freq=1.0 conf=1.0
    Verifier: EVENTUALLY velocity_below(0.3) -> freq=1.0 conf=1.0
    Verifier: ALWAYS (landed() IMPLIES in_pad()) -> freq=1.0 conf=1.0

  ep27 t=  0 action=3 reward_so_far=2 | Position (-0.00, 1.42); velocity (-0.06, 0.25); angle 0.00 rad; legs (L=0, R=0). Monitor says: failu
     Plan: continue. Monitor confidence low (0.00); PPO action is likely safe.
  ep27 t= 50 action=3 reward_so_far=12 | Position (-0.02, 1.36); velocity (0.05, -0.01); angle -0.06 rad; legs (L=0, R=0). Monitor says: fail
     Plan: continue. Monitor confidence low (0.05); PPO action is likely safe.
  ep27 t=100 action=2 reward_so_far=-5 | Position (0.03, 1.32); velocity (0.15, -0.05); angle -0.08 rad; legs (L=0, R=0). Monitor says: failu
     Plan: continue. Monitor confidence low (0.20); PPO action is likely safe.
  ep27 t=150 action=2 reward_so_far=-3 | Position (0.11, 1.20); velocity (0.15, -0.16); angle 0.01 rad; legs (L=0, R=0). Monitor says: failur
     Plan: continue. Monitor confidence low (0.08); PPO action is likely safe.
  ep27 t=200 action=2 reward_so_far=-13 | Position (0.20, 1.14); velocity (0.23, -0.03); angle 0.05 rad; legs (L=0, R=0). Monitor says: failur
     Plan: monitor. Monitor says 0.34, near threshold. Continue observing.
  ep27 t=250 action=1 reward_so_far=-5 | Position (0.29, 1.10); velocity (0.13, 0.04); angle -0.01 rad; legs (L=0, R=0). Monitor says: failur
     Plan: continue. Monitor confidence low (0.10); PPO action is likely safe.
  ep27 t=300 action=0 reward_so_far=-16 | Position (0.35, 1.01); velocity (0.19, 0.05); angle 0.02 rad; legs (L=0, R=0). Monitor says: failure
     Plan: monitor. Monitor says 0.35, near threshold. Continue observing.
  ep27 t=350 action=2 reward_so_far=-113 | Position (0.44, 1.20); velocity (0.25, 0.61); angle -0.13 rad; legs (L=0, R=0). Monitor says: failur
     Plan: intervene. Monitor says 0.66 > 0.44904641597909. Consider gated action.
  ep27 t=400 action=2 reward_so_far=-436 | Position (0.81, 2.54); velocity (1.29, 1.69); angle -0.32 rad; legs (L=0, R=0). Monitor says: failur
     Plan: intervene. Monitor says 0.72 > 0.44904641597909. Consider gated action.
  ep27 FINAL: gated=-623 ungated=8 gates=116 (skipped_qcov=0)
    Verifier: ALWAYS angle_below(1.0) -> freq=1.0 conf=1.0
    Verifier: EVENTUALLY velocity_below(0.3) -> freq=0.8043478260869565 conf=1.0
    Verifier: ALWAYS (landed() IMPLIES in_pad()) -> freq=1.0 conf=1.0

  ep28 t=  0 action=3 reward_so_far=1 | Position (-0.00, 1.42); velocity (-0.49, 0.29); angle 0.01 rad; legs (L=0, R=0). Monitor says: failu
     Plan: continue. Monitor confidence low (0.00); PPO action is likely safe.
  ep28 t= 50 action=1 reward_so_far=10 | Position (-0.17, 1.37); velocity (-0.19, -0.11); angle -0.21 rad; legs (L=0, R=0). Monitor says: fai
     Plan: continue. Monitor confidence low (0.05); PPO action is likely safe.
  ep28 t=100 action=2 reward_so_far=34 | Position (-0.21, 1.30); velocity (0.06, -0.10); angle -0.08 rad; legs (L=0, R=0). Monitor says: fail
     Plan: continue. Monitor confidence low (0.12); PPO action is likely safe.
  ep28 t=150 action=2 reward_so_far=38 | Position (-0.17, 1.23); velocity (0.01, -0.11); angle -0.04 rad; legs (L=0, R=0). Monitor says: fail
     Plan: continue. Monitor confidence low (0.06); PPO action is likely safe.
  ep28 t=200 action=0 reward_so_far=35 | Position (-0.13, 1.15); velocity (0.04, -0.05); angle -0.04 rad; legs (L=0, R=0). Monitor says: fail
     Plan: continue. Monitor confidence low (0.05); PPO action is likely safe.
  ep28 t=250 action=0 reward_so_far=39 | Position (-0.10, 1.07); velocity (0.07, 0.02); angle -0.01 rad; legs (L=0, R=0). Monitor says: failu
     Plan: continue. Monitor confidence low (0.05); PPO action is likely safe.
  ep28 t=300 action=0 reward_so_far=33 | Position (-0.06, 1.03); velocity (0.07, 0.02); angle 0.03 rad; legs (L=0, R=0). Monitor says: failur
     Plan: continue. Monitor confidence low (0.13); PPO action is likely safe.
  ep28 t=350 action=2 reward_so_far=23 | Position (-0.01, 0.97); velocity (0.11, -0.07); angle -0.02 rad; legs (L=0, R=0). Monitor says: fail
     Plan: continue. Monitor confidence low (0.11); PPO action is likely safe.
  ep28 t=400 action=1 reward_so_far=27 | Position (0.03, 0.91); velocity (0.09, -0.01); angle -0.01 rad; legs (L=0, R=0). Monitor says: failu
     Plan: continue. Monitor confidence low (0.22); PPO action is likely safe.
  ep28 t=450 action=2 reward_so_far=17 | Position (0.08, 0.87); velocity (0.07, -0.13); angle -0.03 rad; legs (L=0, R=0). Monitor says: failu
     Plan: continue. Monitor confidence low (0.14); PPO action is likely safe.
  ep28 FINAL: gated=18 ungated=-20 gates=0 (skipped_qcov=0)
    Verifier: ALWAYS angle_below(1.0) -> freq=1.0 conf=1.0
    Verifier: EVENTUALLY velocity_below(0.3) -> freq=1.0 conf=1.0
    Verifier: ALWAYS (landed() IMPLIES in_pad()) -> freq=1.0 conf=1.0

  ep29 t=  0 action=2 reward_so_far=0 | Position (0.00, 1.41); velocity (0.25, 0.08); angle -0.00 rad; legs (L=0, R=0). Monitor says: failur
     Plan: continue. Monitor confidence low (0.00); PPO action is likely safe.
  ep29 t= 50 action=2 reward_so_far=-10 | Position (0.12, 1.38); velocity (0.24, -0.06); angle 0.08 rad; legs (L=0, R=0). Monitor says: failur
     Plan: monitor. Monitor says 0.37, near threshold. Continue observing.
  ep29 t=100 action=2 reward_so_far=-9 | Position (0.21, 1.31); velocity (0.21, -0.12); angle -0.04 rad; legs (L=0, R=0). Monitor says: failu
     Plan: continue. Monitor confidence low (0.29); PPO action is likely safe.
  ep29 t=150 action=2 reward_so_far=-10 | Position (0.31, 1.22); velocity (0.18, -0.03); angle 0.08 rad; legs (L=0, R=0). Monitor says: failur
     Plan: continue. Monitor confidence low (0.29); PPO action is likely safe.
  ep29 t=200 action=2 reward_so_far=-11 | Position (0.38, 1.16); velocity (0.16, -0.09); angle 0.03 rad; legs (L=0, R=0). Monitor says: failur
     Plan: continue. Monitor confidence low (0.12); PPO action is likely safe.
  ep29 t=250 action=2 reward_so_far=-15 | Position (0.46, 1.08); velocity (0.12, -0.06); angle -0.07 rad; legs (L=0, R=0). Monitor says: failu
     Plan: continue. Monitor confidence low (0.21); PPO action is likely safe.
  ep29 t=300 action=2 reward_so_far=-137 | Position (0.60, 1.28); velocity (0.63, 0.57); angle -0.17 rad; legs (L=0, R=0). Monitor says: failur
     Plan: intervene. Monitor says 0.67 > 0.44904641597909. Consider gated action.
  ep29 t=350 action=2 reward_so_far=-426 | Position (0.99, 2.36); velocity (0.78, 1.44); angle -0.01 rad; legs (L=0, R=0). Monitor says: failur
     Plan: intervene. Monitor says 0.72 > 0.44904641597909. Consider gated action.
  ep29 FINAL: gated=-426 ungated=37 gates=108 (skipped_qcov=0)
    Verifier: ALWAYS angle_below(1.0) -> freq=1.0 conf=1.0
    Verifier: EVENTUALLY velocity_below(0.3) -> freq=0.7863247863247863 conf=1.0
    Verifier: ALWAYS (landed() IMPLIES in_pad()) -> freq=1.0 conf=1.0

  ep30 t=  0 action=1 reward_so_far=2 | Position (0.00, 1.42); velocity (0.17, 0.20); angle -0.00 rad; legs (L=0, R=0). Monitor says: failur
     Plan: continue. Monitor confidence low (0.00); PPO action is likely safe.
  ep30 t= 50 action=1 reward_so_far=2 | Position (0.06, 1.38); velocity (0.10, -0.11); angle -0.04 rad; legs (L=0, R=0). Monitor says: failu
     Plan: continue. Monitor confidence low (0.24); PPO action is likely safe.
  ep30 t=100 action=3 reward_so_far=7 | Position (0.11, 1.31); velocity (0.07, -0.05); angle -0.01 rad; legs (L=0, R=0). Monitor says: failu
     Plan: continue. Monitor confidence low (0.13); PPO action is likely safe.
  ep30 t=150 action=2 reward_so_far=7 | Position (0.16, 1.16); velocity (0.15, -0.06); angle -0.02 rad; legs (L=0, R=0). Monitor says: failu
     Plan: continue. Monitor confidence low (0.06); PPO action is likely safe.
  ep30 t=200 action=2 reward_so_far=4 | Position (0.22, 1.08); velocity (0.12, -0.13); angle -0.01 rad; legs (L=0, R=0). Monitor says: failu
     Plan: continue. Monitor confidence low (0.14); PPO action is likely safe.
  ep30 t=250 action=1 reward_so_far=5 | Position (0.28, 0.98); velocity (0.15, -0.03); angle -0.01 rad; legs (L=0, R=0). Monitor says: failu
     Plan: continue. Monitor confidence low (0.22); PPO action is likely safe.
  ep30 t=300 action=2 reward_so_far=-2 | Position (0.36, 0.89); velocity (0.10, -0.13); angle 0.08 rad; legs (L=0, R=0). Monitor says: failur
     Plan: monitor. Monitor says 0.39, near threshold. Continue observing.
  ep30 t=350 action=2 reward_so_far=-1 | Position (0.37, 0.81); velocity (0.03, -0.12); angle -0.07 rad; legs (L=0, R=0). Monitor says: failu
     Plan: intervene. Monitor says 0.47 > 0.44904641597909. Consider gated action.
  ep30 t=400 action=2 reward_so_far=-3 | Position (0.43, 0.74); velocity (0.00, -0.12); angle 0.06 rad; legs (L=0, R=0). Monitor says: failur
     Plan: continue. Monitor confidence low (0.15); PPO action is likely safe.
  ep30 t=450 action=1 reward_so_far=-7 | Position (0.42, 0.61); velocity (0.01, -0.12); angle -0.05 rad; legs (L=0, R=0). Monitor says: failu
     Plan: continue. Monitor confidence low (0.12); PPO action is likely safe.
  ep30 FINAL: gated=2 ungated=27 gates=22 (skipped_qcov=0)
    Verifier: ALWAYS angle_below(1.0) -> freq=1.0 conf=1.0
    Verifier: EVENTUALLY velocity_below(0.3) -> freq=1.0 conf=1.0
    Verifier: ALWAYS (landed() IMPLIES in_pad()) -> freq=1.0 conf=1.0

  ep31 t=  0 action=2 reward_so_far=5 | Position (0.00, 1.40); velocity (0.17, -0.49); angle -0.00 rad; legs (L=0, R=0). Monitor says: failu
     Plan: continue. Monitor confidence low (0.00); PPO action is likely safe.
  ep31 t= 50 action=2 reward_so_far=41 | Position (0.10, 1.19); velocity (0.19, -0.06); angle -0.00 rad; legs (L=0, R=0). Monitor says: failu
     Plan: continue. Monitor confidence low (0.11); PPO action is likely safe.
  ep31 t=100 action=2 reward_so_far=40 | Position (0.19, 1.13); velocity (0.15, -0.08); angle 0.00 rad; legs (L=0, R=0). Monitor says: failur
     Plan: continue. Monitor confidence low (0.12); PPO action is likely safe.
  ep31 t=150 action=1 reward_so_far=29 | Position (0.26, 1.05); velocity (0.11, -0.10); angle 0.11 rad; legs (L=0, R=0). Monitor says: failur
     Plan: monitor. Monitor says 0.34, near threshold. Continue observing.
  ep31 t=200 action=2 reward_so_far=39 | Position (0.30, 0.98); velocity (0.08, -0.08); angle -0.02 rad; legs (L=0, R=0). Monitor says: failu
     Plan: continue. Monitor confidence low (0.09); PPO action is likely safe.
  ep31 t=250 action=0 reward_so_far=32 | Position (0.29, 0.87); velocity (-0.04, -0.10); angle -0.09 rad; legs (L=0, R=0). Monitor says: fail
     Plan: monitor. Monitor says 0.40, near threshold. Continue observing.
  ep31 t=300 action=3 reward_so_far=44 | Position (0.29, 0.77); velocity (0.00, -0.07); angle 0.01 rad; legs (L=0, R=0). Monitor says: failur
     Plan: continue. Monitor confidence low (0.12); PPO action is likely safe.
  ep31 t=350 action=2 reward_so_far=43 | Position (0.28, 0.67); velocity (0.01, -0.13); angle 0.02 rad; legs (L=0, R=0). Monitor says: failur
     Plan: continue. Monitor confidence low (0.18); PPO action is likely safe.
  ep31 t=400 action=3 reward_so_far=46 | Position (0.23, 0.59); velocity (-0.07, -0.03); angle 0.00 rad; legs (L=0, R=0). Monitor says: failu
     Plan: continue. Monitor confidence low (0.11); PPO action is likely safe.
  ep31 t=450 action=1 reward_so_far=25 | Position (0.21, 0.48); velocity (0.07, -0.10); angle -0.19 rad; legs (L=0, R=0). Monitor says: failu
     Plan: monitor. Monitor says 0.37, near threshold. Continue observing.
  ep31 FINAL: gated=33 ungated=-10 gates=7 (skipped_qcov=0)
    Verifier: ALWAYS angle_below(1.0) -> freq=1.0 conf=1.0
    Verifier: EVENTUALLY velocity_below(0.3) -> freq=1.0 conf=1.0
    Verifier: ALWAYS (landed() IMPLIES in_pad()) -> freq=1.0 conf=1.0

  ep32 t=  0 action=3 reward_so_far=0 | Position (-0.01, 1.41); velocity (-0.51, -0.03); angle 0.01 rad; legs (L=0, R=0). Monitor says: fail
     Plan: continue. Monitor confidence low (0.00); PPO action is likely safe.
  ep32 t= 50 action=0 reward_so_far=4 | Position (-0.19, 1.33); velocity (-0.23, -0.12); angle -0.19 rad; legs (L=0, R=0). Monitor says: fai
     Plan: continue. Monitor confidence low (0.07); PPO action is likely safe.
  ep32 t=100 action=2 reward_so_far=35 | Position (-0.22, 1.24); velocity (0.05, -0.10); angle 0.04 rad; legs (L=0, R=0). Monitor says: failu
     Plan: continue. Monitor confidence low (0.03); PPO action is likely safe.
  ep32 t=150 action=2 reward_so_far=38 | Position (-0.21, 1.18); velocity (0.07, -0.07); angle -0.01 rad; legs (L=0, R=0). Monitor says: fail
     Plan: continue. Monitor confidence low (0.06); PPO action is likely safe.
  ep32 t=200 action=2 reward_so_far=25 | Position (-0.16, 1.15); velocity (0.13, -0.02); angle 0.02 rad; legs (L=0, R=0). Monitor says: failu
     Plan: continue. Monitor confidence low (0.15); PPO action is likely safe.
  ep32 t=250 action=2 reward_so_far=20 | Position (-0.07, 1.05); velocity (0.20, -0.04); angle 0.01 rad; legs (L=0, R=0). Monitor says: failu
     Plan: continue. Monitor confidence low (0.08); PPO action is likely safe.
  ep32 t=300 action=0 reward_so_far=22 | Position (0.01, 1.02); velocity (0.08, 0.01); angle 0.08 rad; legs (L=0, R=0). Monitor says: failure
     Plan: continue. Monitor confidence low (0.07); PPO action is likely safe.
  ep32 t=350 action=3 reward_so_far=26 | Position (0.02, 0.95); velocity (0.06, -0.03); angle 0.01 rad; legs (L=0, R=0). Monitor says: failur
     Plan: continue. Monitor confidence low (0.08); PPO action is likely safe.
  ep32 t=400 action=2 reward_so_far=22 | Position (0.03, 0.87); velocity (-0.01, -0.08); angle -0.08 rad; legs (L=0, R=0). Monitor says: fail
     Plan: continue. Monitor confidence low (0.09); PPO action is likely safe.
  ep32 t=450 action=3 reward_so_far=27 | Position (0.03, 0.80); velocity (0.01, -0.04); angle -0.00 rad; legs (L=0, R=0). Monitor says: failu
     Plan: continue. Monitor confidence low (0.08); PPO action is likely safe.
  ep32 FINAL: gated=23 ungated=-28 gates=1 (skipped_qcov=0)
    Verifier: ALWAYS angle_below(1.0) -> freq=1.0 conf=1.0
    Verifier: EVENTUALLY velocity_below(0.3) -> freq=1.0 conf=1.0
    Verifier: ALWAYS (landed() IMPLIES in_pad()) -> freq=1.0 conf=1.0

  ep33 t=  0 action=3 reward_so_far=-2 | Position (-0.00, 1.40); velocity (-0.07, -0.33); angle 0.00 rad; legs (L=0, R=0). Monitor says: fail
     Plan: continue. Monitor confidence low (0.00); PPO action is likely safe.
  ep33 t= 50 action=3 reward_so_far=31 | Position (-0.02, 1.26); velocity (-0.01, 0.01); angle -0.03 rad; legs (L=0, R=0). Monitor says: fail
     Plan: continue. Monitor confidence low (0.09); PPO action is likely safe.
  ep33 t=100 action=2 reward_so_far=13 | Position (0.04, 1.20); velocity (0.18, -0.05); angle -0.01 rad; legs (L=0, R=0). Monitor says: failu
     Plan: continue. Monitor confidence low (0.17); PPO action is likely safe.
  ep33 t=150 action=1 reward_so_far=11 | Position (0.12, 1.16); velocity (0.17, 0.00); angle 0.01 rad; legs (L=0, R=0). Monitor says: failure
     Plan: continue. Monitor confidence low (0.08); PPO action is likely safe.
  ep33 t=200 action=2 reward_so_far=12 | Position (0.20, 1.08); velocity (0.12, -0.05); angle 0.01 rad; legs (L=0, R=0). Monitor says: failur
     Plan: continue. Monitor confidence low (0.09); PPO action is likely safe.
  ep33 t=250 action=3 reward_so_far=-3 | Position (0.27, 1.00); velocity (0.14, -0.06); angle 0.08 rad; legs (L=0, R=0). Monitor says: failur
     Plan: monitor. Monitor says 0.36, near threshold. Continue observing.
  ep33 t=300 action=1 reward_so_far=0 | Position (0.30, 0.88); velocity (0.05, -0.12); angle -0.08 rad; legs (L=0, R=0). Monitor says: failu
     Plan: continue. Monitor confidence low (0.24); PPO action is likely safe.
  ep33 t=350 action=2 reward_so_far=-2 | Position (0.35, 0.77); velocity (0.12, -0.09); angle 0.09 rad; legs (L=0, R=0). Monitor says: failur
     Plan: continue. Monitor confidence low (0.18); PPO action is likely safe.
  ep33 t=400 action=2 reward_so_far=-1 | Position (0.38, 0.68); velocity (-0.00, -0.14); angle -0.10 rad; legs (L=0, R=0). Monitor says: fail
     Plan: monitor. Monitor says 0.43, near threshold. Continue observing.
  ep33 t=450 action=2 reward_so_far=6 | Position (0.38, 0.51); velocity (-0.05, -0.19); angle 0.03 rad; legs (L=0, R=0). Monitor says: failu
     Plan: continue. Monitor confidence low (0.13); PPO action is likely safe.
  ep33 FINAL: gated=3 ungated=10 gates=12 (skipped_qcov=0)
    Verifier: ALWAYS angle_below(1.0) -> freq=1.0 conf=1.0
    Verifier: EVENTUALLY velocity_below(0.3) -> freq=1.0 conf=1.0
    Verifier: ALWAYS (landed() IMPLIES in_pad()) -> freq=1.0 conf=1.0

  ep34 t=  0 action=0 reward_so_far=1 | Position (0.00, 1.42); velocity (0.10, 0.44); angle -0.00 rad; legs (L=0, R=0). Monitor says: failur
     Plan: continue. Monitor confidence low (0.00); PPO action is likely safe.
  ep34 t= 50 action=2 reward_so_far=18 | Position (0.05, 1.47); velocity (0.12, -0.05); angle -0.04 rad; legs (L=0, R=0). Monitor says: failu
     Plan: continue. Monitor confidence low (0.11); PPO action is likely safe.
  ep34 t=100 action=3 reward_so_far=15 | Position (0.11, 1.40); velocity (0.13, -0.08); angle -0.01 rad; legs (L=0, R=0). Monitor says: failu
     Plan: continue. Monitor confidence low (0.21); PPO action is likely safe.
  ep34 t=150 action=1 reward_so_far=13 | Position (0.19, 1.33); velocity (0.15, -0.04); angle -0.01 rad; legs (L=0, R=0). Monitor says: failu
     Plan: continue. Monitor confidence low (0.28); PPO action is likely safe.
  ep34 t=200 action=3 reward_so_far=7 | Position (0.25, 1.24); velocity (0.12, -0.05); angle 0.06 rad; legs (L=0, R=0). Monitor says: failur
     Plan: monitor. Monitor says 0.31, near threshold. Continue observing.
  ep34 t=250 action=3 reward_so_far=2 | Position (0.33, 1.14); velocity (0.16, -0.08); angle -0.03 rad; legs (L=0, R=0). Monitor says: failu
     Plan: continue. Monitor confidence low (0.26); PPO action is likely safe.
  ep34 t=300 action=1 reward_so_far=3 | Position (0.41, 1.06); velocity (0.13, -0.09); angle 0.04 rad; legs (L=0, R=0). Monitor says: failur
     Plan: monitor. Monitor says 0.37, near threshold. Continue observing.
  ep34 t=350 action=1 reward_so_far=3 | Position (0.45, 0.96); velocity (0.11, 0.02); angle -0.07 rad; legs (L=0, R=0). Monitor says: failur
     Plan: monitor. Monitor says 0.42, near threshold. Continue observing.
  ep34 t=400 action=1 reward_so_far=-1 | Position (0.51, 0.89); velocity (0.14, -0.00); angle 0.03 rad; legs (L=0, R=0). Monitor says: failur
     Plan: monitor. Monitor says 0.33, near threshold. Continue observing.
  ep34 t=450 action=1 reward_so_far=-8 | Position (0.56, 0.80); velocity (0.10, -0.14); angle 0.01 rad; legs (L=0, R=0). Monitor says: failur
     Plan: continue. Monitor confidence low (0.29); PPO action is likely safe.
  ep34 FINAL: gated=-8 ungated=35 gates=45 (skipped_qcov=0)
    Verifier: ALWAYS angle_below(1.0) -> freq=1.0 conf=1.0
    Verifier: EVENTUALLY velocity_below(0.3) -> freq=1.0 conf=1.0
    Verifier: ALWAYS (landed() IMPLIES in_pad()) -> freq=1.0 conf=1.0

  ep35 t=  0 action=2 reward_so_far=4 | Position (0.00, 1.40); velocity (0.17, -0.48); angle -0.00 rad; legs (L=0, R=0). Monitor says: failu
     Plan: continue. Monitor confidence low (0.00); PPO action is likely safe.
  ep35 t= 50 action=2 reward_so_far=40 | Position (0.08, 1.24); velocity (0.13, -0.03); angle -0.03 rad; legs (L=0, R=0). Monitor says: failu
     Plan: continue. Monitor confidence low (0.13); PPO action is likely safe.
  ep35 t=100 action=2 reward_so_far=40 | Position (0.15, 1.20); velocity (0.11, -0.06); angle -0.01 rad; legs (L=0, R=0). Monitor says: failu
     Plan: continue. Monitor confidence low (0.16); PPO action is likely safe.
  ep35 t=150 action=2 reward_so_far=28 | Position (0.22, 1.10); velocity (0.18, -0.07); angle -0.02 rad; legs (L=0, R=0). Monitor says: failu
     Plan: continue. Monitor confidence low (0.14); PPO action is likely safe.
  ep35 t=200 action=3 reward_so_far=18 | Position (0.33, 1.01); velocity (0.18, -0.09); angle 0.08 rad; legs (L=0, R=0). Monitor says: failur
     Plan: continue. Monitor confidence low (0.24); PPO action is likely safe.
  ep35 t=250 action=0 reward_so_far=24 | Position (0.41, 0.93); velocity (0.16, -0.09); angle 0.00 rad; legs (L=0, R=0). Monitor says: failur
     Plan: continue. Monitor confidence low (0.24); PPO action is likely safe.
  ep35 t=300 action=3 reward_so_far=15 | Position (0.50, 0.81); velocity (0.15, -0.07); angle 0.08 rad; legs (L=0, R=0). Monitor says: failur
     Plan: continue. Monitor confidence low (0.22); PPO action is likely safe.
  ep35 t=350 action=1 reward_so_far=20 | Position (0.53, 0.70); velocity (-0.02, -0.10); angle -0.07 rad; legs (L=0, R=0). Monitor says: fail
     Plan: continue. Monitor confidence low (0.30); PPO action is likely safe.
  ep35 t=400 action=1 reward_so_far=27 | Position (0.52, 0.57); velocity (-0.03, -0.10); angle 0.01 rad; legs (L=0, R=0). Monitor says: failu
     Plan: continue. Monitor confidence low (0.21); PPO action is likely safe.
  ep35 t=450 action=2 reward_so_far=22 | Position (0.50, 0.44); velocity (-0.04, -0.08); angle -0.12 rad; legs (L=0, R=0). Monitor says: fail
     Plan: intervene. Monitor says 0.45 > 0.44904641597909. Consider gated action.
  ep35 FINAL: gated=25 ungated=5 gates=24 (skipped_qcov=0)
    Verifier: ALWAYS angle_below(1.0) -> freq=1.0 conf=1.0
    Verifier: EVENTUALLY velocity_below(0.3) -> freq=1.0 conf=1.0
    Verifier: ALWAYS (landed() IMPLIES in_pad()) -> freq=1.0 conf=1.0

  ep36 t=  0 action=1 reward_so_far=1 | Position (0.00, 1.42); velocity (0.38, 0.27); angle -0.00 rad; legs (L=0, R=0). Monitor says: failur
     Plan: continue. Monitor confidence low (0.00); PPO action is likely safe.
  ep36 t= 50 action=3 reward_so_far=11 | Position (0.14, 1.38); velocity (0.17, -0.12); angle 0.10 rad; legs (L=0, R=0). Monitor says: failur
     Plan: continue. Monitor confidence low (0.17); PPO action is likely safe.
  ep36 t=100 action=3 reward_so_far=25 | Position (0.16, 1.31); velocity (0.03, -0.09); angle -0.04 rad; legs (L=0, R=0). Monitor says: failu
     Plan: monitor. Monitor says 0.31, near threshold. Continue observing.
  ep36 t=150 action=3 reward_so_far=18 | Position (0.20, 1.21); velocity (0.05, -0.12); angle -0.07 rad; legs (L=0, R=0). Monitor says: failu
     Plan: continue. Monitor confidence low (0.18); PPO action is likely safe.
  ep36 t=200 action=3 reward_so_far=29 | Position (0.22, 1.13); velocity (0.04, -0.03); angle -0.03 rad; legs (L=0, R=0). Monitor says: failu
     Plan: continue. Monitor confidence low (0.17); PPO action is likely safe.
  ep36 t=250 action=2 reward_so_far=19 | Position (0.27, 1.05); velocity (0.15, -0.09); angle 0.01 rad; legs (L=0, R=0). Monitor says: failur
     Plan: continue. Monitor confidence low (0.14); PPO action is likely safe.
  ep36 t=300 action=1 reward_so_far=13 | Position (0.34, 0.96); velocity (0.16, -0.02); angle -0.06 rad; legs (L=0, R=0). Monitor says: failu
     Plan: continue. Monitor confidence low (0.24); PPO action is likely safe.
  ep36 t=350 action=3 reward_so_far=15 | Position (0.39, 0.88); velocity (0.08, -0.06); angle 0.04 rad; legs (L=0, R=0). Monitor says: failur
     Plan: continue. Monitor confidence low (0.29); PPO action is likely safe.
  ep36 t=400 action=2 reward_so_far=24 | Position (0.40, 0.78); velocity (-0.02, -0.09); angle -0.00 rad; legs (L=0, R=0). Monitor says: fail
     Plan: monitor. Monitor says 0.31, near threshold. Continue observing.
  ep36 t=450 action=2 reward_so_far=21 | Position (0.38, 0.70); velocity (-0.05, -0.10); angle -0.01 rad; legs (L=0, R=0). Monitor says: fail
     Plan: continue. Monitor confidence low (0.27); PPO action is likely safe.
  ep36 FINAL: gated=22 ungated=-1 gates=6 (skipped_qcov=0)
    Verifier: ALWAYS angle_below(1.0) -> freq=1.0 conf=1.0
    Verifier: EVENTUALLY velocity_below(0.3) -> freq=1.0 conf=1.0
    Verifier: ALWAYS (landed() IMPLIES in_pad()) -> freq=1.0 conf=1.0

  ep37 t=  0 action=2 reward_so_far=1 | Position (-0.01, 1.40); velocity (-0.77, -0.47); angle 0.01 rad; legs (L=0, R=0). Monitor says: fail
     Plan: continue. Monitor confidence low (0.00); PPO action is likely safe.
  ep37 t= 50 action=2 reward_so_far=16 | Position (-0.38, 1.06); velocity (-0.68, -0.15); angle -0.22 rad; legs (L=0, R=0). Monitor says: fai
     Plan: continue. Monitor confidence low (0.04); PPO action is likely safe.
  ep37 t=100 action=2 reward_so_far=73 | Position (-0.58, 0.86); velocity (-0.13, -0.12); angle -0.20 rad; legs (L=0, R=0). Monitor says: fai
     Plan: continue. Monitor confidence low (0.02); PPO action is likely safe.
  ep37 t=150 action=0 reward_so_far=96 | Position (-0.57, 0.77); velocity (0.05, -0.02); angle 0.02 rad; legs (L=0, R=0). Monitor says: failu
     Plan: continue. Monitor confidence low (0.03); PPO action is likely safe.
  ep37 t=200 action=2 reward_so_far=88 | Position (-0.53, 0.72); velocity (0.11, -0.12); angle 0.01 rad; legs (L=0, R=0). Monitor says: failu
     Plan: continue. Monitor confidence low (0.04); PPO action is likely safe.
  ep37 t=250 action=1 reward_so_far=88 | Position (-0.47, 0.65); velocity (0.09, -0.01); angle 0.06 rad; legs (L=0, R=0). Monitor says: failu
     Plan: continue. Monitor confidence low (0.07); PPO action is likely safe.
  ep37 t=300 action=2 reward_so_far=81 | Position (-0.42, 0.54); velocity (0.11, -0.12); angle -0.09 rad; legs (L=0, R=0). Monitor says: fail
     Plan: continue. Monitor confidence low (0.06); PPO action is likely safe.
  ep37 t=350 action=2 reward_so_far=75 | Position (-0.31, 0.46); velocity (0.19, -0.10); angle 0.15 rad; legs (L=0, R=0). Monitor says: failu
     Plan: continue. Monitor confidence low (0.16); PPO action is likely safe.
  ep37 t=400 action=2 reward_so_far=93 | Position (-0.24, 0.40); velocity (0.10, -0.06); angle 0.06 rad; legs (L=0, R=0). Monitor says: failu
     Plan: continue. Monitor confidence low (0.03); PPO action is likely safe.
  ep37 t=450 action=1 reward_so_far=94 | Position (-0.22, 0.31); velocity (0.02, -0.09); angle 0.01 rad; legs (L=0, R=0). Monitor says: failu
     Plan: continue. Monitor confidence low (0.05); PPO action is likely safe.
  ep37 FINAL: gated=83 ungated=43 gates=0 (skipped_qcov=0)
    Verifier: ALWAYS angle_below(1.0) -> freq=1.0 conf=1.0
    Verifier: EVENTUALLY velocity_below(0.3) -> freq=1.0 conf=1.0
    Verifier: ALWAYS (landed() IMPLIES in_pad()) -> freq=1.0 conf=1.0

  ep38 t=  0 action=2 reward_so_far=1 | Position (0.00, 1.40); velocity (0.29, -0.27); angle -0.00 rad; legs (L=0, R=0). Monitor says: failu
     Plan: continue. Monitor confidence low (0.00); PPO action is likely safe.
  ep38 t= 50 action=3 reward_so_far=3 | Position (0.13, 1.28); velocity (0.27, -0.01); angle 0.11 rad; legs (L=0, R=0). Monitor says: failur
     Plan: monitor. Monitor says 0.41, near threshold. Continue observing.
  ep38 t=100 action=3 reward_so_far=8 | Position (0.24, 1.21); velocity (0.18, -0.13); angle 0.04 rad; legs (L=0, R=0). Monitor says: failur
     Plan: continue. Monitor confidence low (0.14); PPO action is likely safe.
  ep38 t=150 action=2 reward_so_far=11 | Position (0.33, 1.10); velocity (0.16, -0.02); angle 0.06 rad; legs (L=0, R=0). Monitor says: failur
     Plan: intervene. Monitor says 0.46 > 0.44904641597909. Consider gated action.
  ep38 t=200 action=2 reward_so_far=16 | Position (0.38, 1.05); velocity (0.08, -0.04); angle -0.01 rad; legs (L=0, R=0). Monitor says: failu
     Plan: continue. Monitor confidence low (0.26); PPO action is likely safe.
  ep38 t=250 action=2 reward_so_far=-63 | Position (0.48, 1.19); velocity (0.28, 0.48); angle 0.04 rad; legs (L=0, R=0). Monitor says: failure
     Plan: intervene. Monitor says 0.63 > 0.44904641597909. Consider gated action.
  ep38 t=300 action=2 reward_so_far=-328 | Position (0.51, 2.35); velocity (-0.35, 1.57); angle 0.33 rad; legs (L=0, R=0). Monitor says: failur
     Plan: intervene. Monitor says 0.72 > 0.44904641597909. Consider gated action.
  ep38 t=350 action=2 reward_so_far=-735 | Position (-0.06, 4.59); velocity (-2.04, 2.30); angle 0.59 rad; legs (L=0, R=0). Monitor says: failu
     Plan: intervene. Monitor says 0.74 > 0.44904641597909. Consider gated action.
  ep38 FINAL: gated=-1172 ungated=44 gates=178 (skipped_qcov=0)
    Verifier: ALWAYS angle_below(1.0) -> freq=1.0 conf=1.0
    Verifier: EVENTUALLY velocity_below(0.3) -> freq=0.6 conf=1.0
    Verifier: ALWAYS (landed() IMPLIES in_pad()) -> freq=1.0 conf=1.0

  ep39 t=  0 action=2 reward_so_far=1 | Position (0.01, 1.41); velocity (0.68, -0.13); angle -0.01 rad; legs (L=0, R=0). Monitor says: failu
     Plan: continue. Monitor confidence low (0.00); PPO action is likely safe.
  ep39 t= 50 action=2 reward_so_far=18 | Position (0.25, 1.29); velocity (0.37, -0.01); angle 0.14 rad; legs (L=0, R=0). Monitor says: failur
     Plan: monitor. Monitor says 0.34, near threshold. Continue observing.
  ep39 t=100 action=1 reward_so_far=38 | Position (0.39, 1.21); velocity (0.23, -0.11); angle 0.01 rad; legs (L=0, R=0). Monitor says: failur
     Plan: continue. Monitor confidence low (0.26); PPO action is likely safe.
  ep39 t=150 action=2 reward_so_far=30 | Position (0.50, 1.20); velocity (0.17, -0.12); angle 0.01 rad; legs (L=0, R=0). Monitor says: failur
     Plan: intervene. Monitor says 0.48 > 0.44904641597909. Consider gated action.
  ep39 t=200 action=2 reward_so_far=-70 | Position (0.55, 1.48); velocity (0.04, 0.74); angle 0.04 rad; legs (L=0, R=0). Monitor says: failure
     Plan: intervene. Monitor says 0.68 > 0.44904641597909. Consider gated action.
  ep39 t=250 action=2 reward_so_far=-354 | Position (0.54, 3.06); velocity (0.01, 1.90); angle 0.01 rad; legs (L=0, R=0). Monitor says: failure
     Plan: intervene. Monitor says 0.72 > 0.44904641597909. Consider gated action.
  ep39 t=300 action=2 reward_so_far=-778 | Position (0.51, 5.87); velocity (-0.02, 3.12); angle -0.05 rad; legs (L=0, R=0). Monitor says: failu
     Plan: intervene. Monitor says 0.74 > 0.44904641597909. Consider gated action.
  ep39 t=350 action=2 reward_so_far=-1311 | Position (0.55, 9.95); velocity (0.24, 4.12); angle -0.16 rad; legs (L=0, R=0). Monitor says: failur
     Plan: intervene. Monitor says 0.73 > 0.44904641597909. Consider gated action.
  ep39 t=400 action=2 reward_so_far=-1983 | Position (0.86, 15.12); velocity (1.22, 4.97); angle -0.51 rad; legs (L=0, R=0). Monitor says: failu
     Plan: intervene. Monitor says 0.71 > 0.44904641597909. Consider gated action.
  ep39 FINAL: gated=-2214 ungated=26 gates=266 (skipped_qcov=0)
    Verifier: ALWAYS angle_below(1.0) -> freq=1.0 conf=1.0
    Verifier: EVENTUALLY velocity_below(0.3) -> freq=0.43552311435523117 conf=1.0
    Verifier: ALWAYS (landed() IMPLIES in_pad()) -> freq=1.0 conf=1.0

  ep40 t=  0 action=0 reward_so_far=1 | Position (-0.00, 1.42); velocity (-0.38, 0.32); angle 0.00 rad; legs (L=0, R=0). Monitor says: failu
     Plan: continue. Monitor confidence low (0.00); PPO action is likely safe.
  ep40 t= 50 action=2 reward_so_far=23 | Position (-0.12, 1.38); velocity (-0.05, -0.10); angle -0.15 rad; legs (L=0, R=0). Monitor says: fai
     Plan: continue. Monitor confidence low (0.03); PPO action is likely safe.
  ep40 t=100 action=2 reward_so_far=30 | Position (-0.11, 1.24); velocity (-0.04, -0.11); angle 0.12 rad; legs (L=0, R=0). Monitor says: fail
     Plan: continue. Monitor confidence low (0.10); PPO action is likely safe.
  ep40 t=150 action=3 reward_so_far=32 | Position (-0.13, 1.11); velocity (0.06, -0.09); angle -0.10 rad; legs (L=0, R=0). Monitor says: fail
     Plan: continue. Monitor confidence low (0.04); PPO action is likely safe.
  ep40 t=200 action=2 reward_so_far=43 | Position (-0.08, 1.05); velocity (0.08, -0.06); angle 0.00 rad; legs (L=0, R=0). Monitor says: failu
     Plan: continue. Monitor confidence low (0.06); PPO action is likely safe.
  ep40 t=250 action=3 reward_so_far=28 | Position (-0.01, 0.93); velocity (0.18, -0.08); angle 0.06 rad; legs (L=0, R=0). Monitor says: failu
     Plan: continue. Monitor confidence low (0.08); PPO action is likely safe.
  ep40 t=300 action=2 reward_so_far=29 | Position (0.05, 0.87); velocity (0.10, -0.12); angle -0.09 rad; legs (L=0, R=0). Monitor says: failu
     Plan: continue. Monitor confidence low (0.18); PPO action is likely safe.
  ep40 t=350 action=1 reward_so_far=41 | Position (0.11, 0.78); velocity (0.09, -0.02); angle -0.00 rad; legs (L=0, R=0). Monitor says: failu
     Plan: continue. Monitor confidence low (0.08); PPO action is likely safe.
  ep40 t=400 action=2 reward_so_far=42 | Position (0.12, 0.72); velocity (0.00, -0.01); angle -0.03 rad; legs (L=0, R=0). Monitor says: failu
     Plan: continue. Monitor confidence low (0.10); PPO action is likely safe.
  ep40 t=450 action=3 reward_so_far=29 | Position (0.15, 0.64); velocity (0.12, -0.05); angle 0.01 rad; legs (L=0, R=0). Monitor says: failur
     Plan: continue. Monitor confidence low (0.11); PPO action is likely safe.
  ep40 FINAL: gated=30 ungated=42 gates=1 (skipped_qcov=0)
    Verifier: ALWAYS angle_below(1.0) -> freq=1.0 conf=1.0
    Verifier: EVENTUALLY velocity_below(0.3) -> freq=1.0 conf=1.0
    Verifier: ALWAYS (landed() IMPLIES in_pad()) -> freq=1.0 conf=1.0

  ep41 t=  0 action=3 reward_so_far=2 | Position (-0.00, 1.42); velocity (-0.05, 0.29); angle 0.00 rad; legs (L=0, R=0). Monitor says: failu
     Plan: continue. Monitor confidence low (0.00); PPO action is likely safe.
  ep41 t= 50 action=2 reward_so_far=19 | Position (0.00, 1.38); velocity (0.00, -0.06); angle -0.01 rad; legs (L=0, R=0). Monitor says: failu
     Plan: continue. Monitor confidence low (0.07); PPO action is likely safe.
  ep41 t=100 action=2 reward_so_far=5 | Position (0.00, 1.29); velocity (0.10, -0.13); angle -0.06 rad; legs (L=0, R=0). Monitor says: failu
     Plan: continue. Monitor confidence low (0.13); PPO action is likely safe.
  ep41 t=150 action=3 reward_so_far=10 | Position (0.04, 1.22); velocity (0.05, -0.09); angle -0.01 rad; legs (L=0, R=0). Monitor says: failu
     Plan: continue. Monitor confidence low (0.19); PPO action is likely safe.
  ep41 t=200 action=0 reward_so_far=16 | Position (0.07, 1.14); velocity (0.06, 0.02); angle -0.00 rad; legs (L=0, R=0). Monitor says: failur
     Plan: continue. Monitor confidence low (0.21); PPO action is likely safe.
  ep41 t=250 action=2 reward_so_far=10 | Position (0.11, 1.04); velocity (0.11, -0.05); angle -0.01 rad; legs (L=0, R=0). Monitor says: failu
     Plan: continue. Monitor confidence low (0.08); PPO action is likely safe.
  ep41 t=300 action=0 reward_so_far=-14 | Position (0.21, 1.00); velocity (0.24, 0.07); angle 0.06 rad; legs (L=0, R=0). Monitor says: failure
     Plan: monitor. Monitor says 0.43, near threshold. Continue observing.
  ep41 t=350 action=3 reward_so_far=-13 | Position (0.30, 1.00); velocity (0.10, -0.01); angle 0.08 rad; legs (L=0, R=0). Monitor says: failur
     Plan: continue. Monitor confidence low (0.20); PPO action is likely safe.
  ep41 t=400 action=1 reward_so_far=-14 | Position (0.35, 0.92); velocity (0.11, -0.10); angle -0.03 rad; legs (L=0, R=0). Monitor says: failu
     Plan: monitor. Monitor says 0.37, near threshold. Continue observing.
  ep41 t=450 action=2 reward_so_far=-7 | Position (0.40, 0.83); velocity (0.08, -0.06); angle -0.00 rad; legs (L=0, R=0). Monitor says: failu
     Plan: continue. Monitor confidence low (0.19); PPO action is likely safe.
  ep41 FINAL: gated=-10 ungated=-22 gates=17 (skipped_qcov=0)
    Verifier: ALWAYS angle_below(1.0) -> freq=1.0 conf=1.0
    Verifier: EVENTUALLY velocity_below(0.3) -> freq=1.0 conf=1.0
    Verifier: ALWAYS (landed() IMPLIES in_pad()) -> freq=1.0 conf=1.0

  ep42 t=  0 action=3 reward_so_far=1 | Position (-0.01, 1.42); velocity (-0.52, 0.31); angle 0.01 rad; legs (L=0, R=0). Monitor says: failu
     Plan: continue. Monitor confidence low (0.00); PPO action is likely safe.
  ep42 t= 50 action=2 reward_so_far=13 | Position (-0.20, 1.42); velocity (-0.22, -0.03); angle -0.19 rad; legs (L=0, R=0). Monitor says: fai
     Plan: continue. Monitor confidence low (0.03); PPO action is likely safe.
  ep42 t=100 action=1 reward_so_far=31 | Position (-0.26, 1.34); velocity (-0.04, -0.10); angle -0.07 rad; legs (L=0, R=0). Monitor says: fai
     Plan: continue. Monitor confidence low (0.07); PPO action is likely safe.
  ep42 t=150 action=2 reward_so_far=41 | Position (-0.26, 1.27); velocity (0.02, -0.05); angle -0.04 rad; legs (L=0, R=0). Monitor says: fail
     Plan: continue. Monitor confidence low (0.11); PPO action is likely safe.
  ep42 t=200 action=3 reward_so_far=28 | Position (-0.22, 1.21); velocity (0.08, -0.02); angle 0.08 rad; legs (L=0, R=0). Monitor says: failu
     Plan: continue. Monitor confidence low (0.07); PPO action is likely safe.
  ep42 t=250 action=0 reward_so_far=23 | Position (-0.17, 1.15); velocity (0.15, -0.07); angle -0.05 rad; legs (L=0, R=0). Monitor says: fail
     Plan: continue. Monitor confidence low (0.11); PPO action is likely safe.
  ep42 t=300 action=2 reward_so_far=20 | Position (-0.09, 1.07); velocity (0.15, -0.11); angle 0.08 rad; legs (L=0, R=0). Monitor says: failu
     Plan: continue. Monitor confidence low (0.29); PPO action is likely safe.
  ep42 t=350 action=2 reward_so_far=28 | Position (-0.02, 0.99); velocity (0.14, -0.08); angle 0.00 rad; legs (L=0, R=0). Monitor says: failu
     Plan: continue. Monitor confidence low (0.09); PPO action is likely safe.
  ep42 t=400 action=2 reward_so_far=30 | Position (0.04, 0.89); velocity (0.11, -0.10); angle 0.00 rad; legs (L=0, R=0). Monitor says: failur
     Plan: continue. Monitor confidence low (0.09); PPO action is likely safe.
  ep42 t=450 action=3 reward_so_far=18 | Position (0.11, 0.82); velocity (0.12, -0.10); angle 0.04 rad; legs (L=0, R=0). Monitor says: failur
     Plan: continue. Monitor confidence low (0.10); PPO action is likely safe.
  ep42 FINAL: gated=19 ungated=11 gates=0 (skipped_qcov=0)
    Verifier: ALWAYS angle_below(1.0) -> freq=1.0 conf=1.0
    Verifier: EVENTUALLY velocity_below(0.3) -> freq=1.0 conf=1.0
    Verifier: ALWAYS (landed() IMPLIES in_pad()) -> freq=1.0 conf=1.0

  ep43 t=  0 action=0 reward_so_far=-0 | Position (0.01, 1.42); velocity (0.65, 0.26); angle -0.01 rad; legs (L=0, R=0). Monitor says: failur
     Plan: continue. Monitor confidence low (0.00); PPO action is likely safe.
  ep43 t= 50 action=2 reward_so_far=-1 | Position (0.27, 1.39); velocity (0.38, 0.04); angle 0.26 rad; legs (L=0, R=0). Monitor says: failure
     Plan: intervene. Monitor says 0.55 > 0.44904641597909. Consider gated action.
  ep43 t=100 action=2 reward_so_far=31 | Position (0.40, 1.38); velocity (0.22, -0.05); angle -0.01 rad; legs (L=0, R=0). Monitor says: failu
     Plan: continue. Monitor confidence low (0.18); PPO action is likely safe.
  ep43 t=150 action=2 reward_so_far=-35 | Position (0.48, 1.47); velocity (-0.04, 0.47); angle 0.15 rad; legs (L=0, R=0). Monitor says: failur
     Plan: intervene. Monitor says 0.64 > 0.44904641597909. Consider gated action.
  ep43 t=200 action=2 reward_so_far=-243 | Position (0.32, 2.43); velocity (-0.61, 1.27); angle 0.19 rad; legs (L=0, R=0). Monitor says: failur
     Plan: intervene. Monitor says 0.70 > 0.44904641597909. Consider gated action.
  ep43 t=250 action=2 reward_so_far=-590 | Position (-0.16, 4.42); velocity (-1.42, 2.14); angle 0.37 rad; legs (L=0, R=0). Monitor says: failu
     Plan: intervene. Monitor says 0.72 > 0.44904641597909. Consider gated action.
  ep43 FINAL: gated=-1066 ungated=24 gates=186 (skipped_qcov=0)
    Verifier: ALWAYS angle_below(1.0) -> freq=1.0 conf=1.0
    Verifier: EVENTUALLY velocity_below(0.3) -> freq=0.48109965635738833 conf=1.0
    Verifier: ALWAYS (landed() IMPLIES in_pad()) -> freq=1.0 conf=1.0

  ep44 t=  0 action=2 reward_so_far=1 | Position (-0.01, 1.40); velocity (-0.62, -0.44); angle 0.01 rad; legs (L=0, R=0). Monitor says: fail
     Plan: continue. Monitor confidence low (0.00); PPO action is likely safe.
  ep44 t= 50 action=2 reward_so_far=20 | Position (-0.30, 1.10); velocity (-0.57, -0.15); angle -0.11 rad; legs (L=0, R=0). Monitor says: fai
     Plan: continue. Monitor confidence low (0.03); PPO action is likely safe.
  ep44 t=100 action=1 reward_so_far=49 | Position (-0.49, 1.02); velocity (-0.22, -0.04); angle -0.10 rad; legs (L=0, R=0). Monitor says: fai
     Plan: continue. Monitor confidence low (0.02); PPO action is likely safe.
  ep44 t=150 action=3 reward_so_far=65 | Position (-0.54, 0.98); velocity (0.00, -0.01); angle -0.06 rad; legs (L=0, R=0). Monitor says: fail
     Plan: continue. Monitor confidence low (0.03); PPO action is likely safe.
  ep44 t=200 action=2 reward_so_far=56 | Position (-0.51, 0.95); velocity (0.10, -0.10); angle 0.03 rad; legs (L=0, R=0). Monitor says: failu
     Plan: continue. Monitor confidence low (0.05); PPO action is likely safe.
  ep44 t=250 action=2 reward_so_far=62 | Position (-0.49, 0.92); velocity (-0.00, -0.03); angle -0.00 rad; legs (L=0, R=0). Monitor says: fai
     Plan: continue. Monitor confidence low (0.04); PPO action is likely safe.
  ep44 t=300 action=3 reward_so_far=40 | Position (-0.45, 0.88); velocity (0.18, 0.01); angle 0.03 rad; legs (L=0, R=0). Monitor says: failur
     Plan: continue. Monitor confidence low (0.06); PPO action is likely safe.
  ep44 t=350 action=1 reward_so_far=49 | Position (-0.35, 0.78); velocity (0.15, -0.04); angle -0.01 rad; legs (L=0, R=0). Monitor says: fail
     Plan: continue. Monitor confidence low (0.03); PPO action is likely safe.
  ep44 t=400 action=2 reward_so_far=51 | Position (-0.29, 0.71); velocity (0.11, -0.09); angle -0.02 rad; legs (L=0, R=0). Monitor says: fail
     Plan: continue. Monitor confidence low (0.05); PPO action is likely safe.
  ep44 t=450 action=3 reward_so_far=51 | Position (-0.27, 0.61); velocity (0.02, -0.05); angle 0.07 rad; legs (L=0, R=0). Monitor says: failu
     Plan: continue. Monitor confidence low (0.04); PPO action is likely safe.
  ep44 FINAL: gated=52 ungated=31 gates=0 (skipped_qcov=0)
    Verifier: ALWAYS angle_below(1.0) -> freq=1.0 conf=1.0
    Verifier: EVENTUALLY velocity_below(0.3) -> freq=1.0 conf=1.0
    Verifier: ALWAYS (landed() IMPLIES in_pad()) -> freq=1.0 conf=1.0

  ep45 t=  0 action=3 reward_so_far=1 | Position (-0.01, 1.42); velocity (-0.68, 0.30); angle 0.01 rad; legs (L=0, R=0). Monitor says: failu
     Plan: continue. Monitor confidence low (0.00); PPO action is likely safe.
  ep45 t= 50 action=0 reward_so_far=21 | Position (-0.25, 1.37); velocity (-0.16, -0.10); angle -0.31 rad; legs (L=0, R=0). Monitor says: fai
     Plan: continue. Monitor confidence low (0.03); PPO action is likely safe.
  ep45 t=100 action=2 reward_so_far=61 | Position (-0.27, 1.27); velocity (0.02, -0.11); angle -0.02 rad; legs (L=0, R=0). Monitor says: fail
     Plan: continue. Monitor confidence low (0.04); PPO action is likely safe.
  ep45 t=150 action=2 reward_so_far=60 | Position (-0.24, 1.19); velocity (-0.00, -0.07); angle -0.04 rad; legs (L=0, R=0). Monitor says: fai
     Plan: continue. Monitor confidence low (0.04); PPO action is likely safe.
  ep45 t=200 action=3 reward_so_far=57 | Position (-0.24, 1.13); velocity (0.05, -0.02); angle -0.01 rad; legs (L=0, R=0). Monitor says: fail
     Plan: continue. Monitor confidence low (0.05); PPO action is likely safe.
  ep45 t=250 action=3 reward_so_far=41 | Position (-0.19, 1.10); velocity (0.16, 0.00); angle 0.03 rad; legs (L=0, R=0). Monitor says: failur
     Plan: continue. Monitor confidence low (0.12); PPO action is likely safe.
  ep45 t=300 action=2 reward_so_far=36 | Position (-0.11, 1.05); velocity (0.09, -0.07); angle 0.12 rad; legs (L=0, R=0). Monitor says: failu
     Plan: continue. Monitor confidence low (0.15); PPO action is likely safe.
  ep45 t=350 action=2 reward_so_far=32 | Position (-0.11, 1.01); velocity (-0.01, -0.11); angle -0.11 rad; legs (L=0, R=0). Monitor says: fai
     Plan: continue. Monitor confidence low (0.25); PPO action is likely safe.
  ep45 t=400 action=2 reward_so_far=36 | Position (-0.07, 0.93); velocity (0.12, -0.10); angle 0.00 rad; legs (L=0, R=0). Monitor says: failu
     Plan: continue. Monitor confidence low (0.21); PPO action is likely safe.
  ep45 t=450 action=1 reward_so_far=32 | Position (-0.03, 0.87); velocity (0.14, -0.06); angle -0.02 rad; legs (L=0, R=0). Monitor says: fail
     Plan: continue. Monitor confidence low (0.17); PPO action is likely safe.
  ep45 FINAL: gated=24 ungated=3 gates=0 (skipped_qcov=0)
    Verifier: ALWAYS angle_below(1.0) -> freq=1.0 conf=1.0
    Verifier: EVENTUALLY velocity_below(0.3) -> freq=1.0 conf=1.0
    Verifier: ALWAYS (landed() IMPLIES in_pad()) -> freq=1.0 conf=1.0

  ep46 t=  0 action=2 reward_so_far=1 | Position (-0.00, 1.40); velocity (-0.00, -0.27); angle 0.00 rad; legs (L=0, R=0). Monitor says: fail
     Plan: continue. Monitor confidence low (0.00); PPO action is likely safe.
  ep46 t= 50 action=0 reward_so_far=16 | Position (0.02, 1.29); velocity (0.09, 0.07); angle -0.02 rad; legs (L=0, R=0). Monitor says: failur
     Plan: continue. Monitor confidence low (0.20); PPO action is likely safe.
  ep46 t=100 action=2 reward_so_far=5 | Position (0.10, 1.23); velocity (0.18, -0.05); angle 0.04 rad; legs (L=0, R=0). Monitor says: failur
     Plan: continue. Monitor confidence low (0.23); PPO action is likely safe.
  ep46 t=150 action=1 reward_so_far=6 | Position (0.15, 1.21); velocity (0.07, 0.08); angle -0.02 rad; legs (L=0, R=0). Monitor says: failur
     Plan: continue. Monitor confidence low (0.28); PPO action is likely safe.
  ep46 t=200 action=1 reward_so_far=0 | Position (0.19, 1.14); velocity (0.07, -0.09); angle -0.02 rad; legs (L=0, R=0). Monitor says: failu
     Plan: continue. Monitor confidence low (0.21); PPO action is likely safe.
  ep46 t=250 action=1 reward_so_far=-8 | Position (0.23, 1.10); velocity (0.11, -0.04); angle -0.04 rad; legs (L=0, R=0). Monitor says: failu
     Plan: continue. Monitor confidence low (0.30); PPO action is likely safe.
  ep46 t=300 action=3 reward_so_far=-22 | Position (0.30, 1.11); velocity (0.14, 0.00); angle -0.02 rad; legs (L=0, R=0). Monitor says: failur
     Plan: continue. Monitor confidence low (0.21); PPO action is likely safe.
  ep46 t=350 action=0 reward_so_far=-25 | Position (0.37, 1.07); velocity (0.13, 0.01); angle -0.01 rad; legs (L=0, R=0). Monitor says: failur
     Plan: continue. Monitor confidence low (0.17); PPO action is likely safe.
  ep46 t=400 action=0 reward_so_far=-30 | Position (0.42, 1.02); velocity (0.10, -0.07); angle 0.00 rad; legs (L=0, R=0). Monitor says: failur
     Plan: monitor. Monitor says 0.33, near threshold. Continue observing.
  ep46 t=450 action=0 reward_so_far=-38 | Position (0.46, 0.92); velocity (0.13, -0.06); angle -0.04 rad; legs (L=0, R=0). Monitor says: failu
     Plan: continue. Monitor confidence low (0.19); PPO action is likely safe.
  ep46 FINAL: gated=-57 ungated=-38 gates=47 (skipped_qcov=0)
    Verifier: ALWAYS angle_below(1.0) -> freq=1.0 conf=1.0
    Verifier: EVENTUALLY velocity_below(0.3) -> freq=1.0 conf=1.0
    Verifier: ALWAYS (landed() IMPLIES in_pad()) -> freq=1.0 conf=1.0

  ep47 t=  0 action=2 reward_so_far=3 | Position (-0.00, 1.41); velocity (-0.24, -0.19); angle 0.00 rad; legs (L=0, R=0). Monitor says: fail
     Plan: continue. Monitor confidence low (0.00); PPO action is likely safe.
  ep47 t= 50 action=1 reward_so_far=15 | Position (-0.08, 1.30); velocity (-0.05, -0.06); angle -0.07 rad; legs (L=0, R=0). Monitor says: fai
     Plan: continue. Monitor confidence low (0.06); PPO action is likely safe.
  ep47 t=100 action=2 reward_so_far=15 | Position (-0.05, 1.23); velocity (0.09, -0.04); angle -0.02 rad; legs (L=0, R=0). Monitor says: fail
     Plan: continue. Monitor confidence low (0.07); PPO action is likely safe.
  ep47 t=150 action=2 reward_so_far=15 | Position (-0.02, 1.13); velocity (0.02, -0.17); angle 0.01 rad; legs (L=0, R=0). Monitor says: failu
     Plan: continue. Monitor confidence low (0.11); PPO action is likely safe.
  ep47 t=200 action=2 reward_so_far=20 | Position (-0.00, 1.04); velocity (0.03, -0.08); angle 0.03 rad; legs (L=0, R=0). Monitor says: failu
     Plan: continue. Monitor confidence low (0.16); PPO action is likely safe.
  ep47 t=250 action=1 reward_so_far=11 | Position (-0.00, 0.94); velocity (0.03, -0.07); angle -0.09 rad; legs (L=0, R=0). Monitor says: fail
     Plan: continue. Monitor confidence low (0.11); PPO action is likely safe.
  ep47 t=300 action=2 reward_so_far=7 | Position (0.03, 0.86); velocity (0.11, -0.09); angle 0.06 rad; legs (L=0, R=0). Monitor says: failur
     Plan: continue. Monitor confidence low (0.12); PPO action is likely safe.
  ep47 t=350 action=0 reward_so_far=13 | Position (0.05, 0.77); velocity (-0.05, -0.01); angle -0.07 rad; legs (L=0, R=0). Monitor says: fail
     Plan: continue. Monitor confidence low (0.06); PPO action is likely safe.
  ep47 t=400 action=2 reward_so_far=15 | Position (0.05, 0.71); velocity (-0.01, -0.04); angle -0.06 rad; legs (L=0, R=0). Monitor says: fail
     Plan: continue. Monitor confidence low (0.07); PPO action is likely safe.
  ep47 t=450 action=2 reward_so_far=14 | Position (0.05, 0.63); velocity (0.03, -0.06); angle 0.04 rad; legs (L=0, R=0). Monitor says: failur
     Plan: continue. Monitor confidence low (0.13); PPO action is likely safe.
  ep47 FINAL: gated=11 ungated=61 gates=0 (skipped_qcov=0)
    Verifier: ALWAYS angle_below(1.0) -> freq=1.0 conf=1.0
    Verifier: EVENTUALLY velocity_below(0.3) -> freq=1.0 conf=1.0
    Verifier: ALWAYS (landed() IMPLIES in_pad()) -> freq=1.0 conf=1.0

  ep48 t=  0 action=2 reward_so_far=-0 | Position (-0.00, 1.40); velocity (-0.33, -0.38); angle 0.00 rad; legs (L=0, R=0). Monitor says: fail
     Plan: continue. Monitor confidence low (0.00); PPO action is likely safe.
  ep48 t= 50 action=1 reward_so_far=-7 | Position (-0.17, 1.23); velocity (-0.28, -0.16); angle -0.29 rad; legs (L=0, R=0). Monitor says: fai
     Plan: continue. Monitor confidence low (0.26); PPO action is likely safe.
  ep48 t=100 action=2 reward_so_far=53 | Position (-0.20, 1.13); velocity (0.02, -0.05); angle -0.00 rad; legs (L=0, R=0). Monitor says: fail
     Plan: continue. Monitor confidence low (0.03); PPO action is likely safe.
  ep48 t=150 action=0 reward_so_far=40 | Position (-0.18, 1.07); velocity (0.06, 0.04); angle 0.07 rad; legs (L=0, R=0). Monitor says: failur
     Plan: continue. Monitor confidence low (0.16); PPO action is likely safe.
  ep48 t=200 action=2 reward_so_far=46 | Position (-0.16, 1.00); velocity (0.05, -0.02); angle -0.00 rad; legs (L=0, R=0). Monitor says: fail
     Plan: continue. Monitor confidence low (0.08); PPO action is likely safe.
  ep48 t=250 action=3 reward_so_far=38 | Position (-0.14, 0.97); velocity (0.01, 0.02); angle -0.05 rad; legs (L=0, R=0). Monitor says: failu
     Plan: continue. Monitor confidence low (0.13); PPO action is likely safe.
  ep48 t=300 action=1 reward_so_far=20 | Position (-0.12, 0.92); velocity (0.07, -0.12); angle -0.07 rad; legs (L=0, R=0). Monitor says: fail
     Plan: continue. Monitor confidence low (0.13); PPO action is likely safe.
  ep48 t=350 action=2 reward_so_far=25 | Position (-0.06, 0.79); velocity (0.15, -0.05); angle 0.06 rad; legs (L=0, R=0). Monitor says: failu
     Plan: continue. Monitor confidence low (0.07); PPO action is likely safe.
  ep48 t=400 action=2 reward_so_far=29 | Position (-0.01, 0.74); velocity (0.10, -0.06); angle -0.00 rad; legs (L=0, R=0). Monitor says: fail
     Plan: continue. Monitor confidence low (0.06); PPO action is likely safe.
  ep48 t=450 action=2 reward_so_far=22 | Position (0.05, 0.68); velocity (0.10, -0.10); angle -0.02 rad; legs (L=0, R=0). Monitor says: failu
     Plan: continue. Monitor confidence low (0.12); PPO action is likely safe.
  ep48 FINAL: gated=28 ungated=3 gates=0 (skipped_qcov=0)
    Verifier: ALWAYS angle_below(1.0) -> freq=1.0 conf=1.0
    Verifier: EVENTUALLY velocity_below(0.3) -> freq=1.0 conf=1.0
    Verifier: ALWAYS (landed() IMPLIES in_pad()) -> freq=1.0 conf=1.0

  ep49 t=  0 action=1 reward_so_far=1 | Position (0.01, 1.41); velocity (0.62, 0.04); angle -0.01 rad; legs (L=0, R=0). Monitor says: failur
     Plan: continue. Monitor confidence low (0.00); PPO action is likely safe.
  ep49 t= 50 action=1 reward_so_far=14 | Position (0.25, 1.31); velocity (0.39, -0.08); angle 0.10 rad; legs (L=0, R=0). Monitor says: failur
     Plan: continue. Monitor confidence low (0.16); PPO action is likely safe.
  ep49 t=100 action=2 reward_so_far=18 | Position (0.41, 1.21); velocity (0.32, -0.13); angle 0.07 rad; legs (L=0, R=0). Monitor says: failur
     Plan: continue. Monitor confidence low (0.27); PPO action is likely safe.
  ep49 t=150 action=2 reward_so_far=13 | Position (0.53, 1.21); velocity (0.23, 0.08); angle 0.05 rad; legs (L=0, R=0). Monitor says: failure
     Plan: intervene. Monitor says 0.49 > 0.44904641597909. Consider gated action.
  ep49 t=200 action=2 reward_so_far=-85 | Position (0.56, 1.53); velocity (-0.09, 0.67); angle 0.12 rad; legs (L=0, R=0). Monitor says: failur
     Plan: intervene. Monitor says 0.68 > 0.44904641597909. Consider gated action.
  ep49 t=250 action=2 reward_so_far=-373 | Position (0.36, 2.94); velocity (-0.77, 1.74); angle 0.27 rad; legs (L=0, R=0). Monitor says: failur
     Plan: intervene. Monitor says 0.72 > 0.44904641597909. Consider gated action.
  ep49 t=300 action=2 reward_so_far=-759 | Position (-0.32, 5.42); velocity (-1.78, 2.64); angle 0.21 rad; legs (L=0, R=0). Monitor says: failu
     Plan: intervene. Monitor says 0.75 > 0.44904641597909. Consider gated action.
  ep49 FINAL: gated=-1171 ungated=-7 gates=196 (skipped_qcov=0)
    Verifier: ALWAYS angle_below(1.0) -> freq=1.0 conf=1.0
    Verifier: EVENTUALLY velocity_below(0.3) -> freq=0.5389221556886228 conf=1.0
    Verifier: ALWAYS (landed() IMPLIES in_pad()) -> freq=1.0 conf=1.0

======================================================================
PHASE 1.5 v0.2 FULL INTEGRATION SUMMARY
======================================================================
  Episodes:                50
  Ungated PPO mean:        11.6 +/- 29.3
  Gated (Monitor+Q) mean:  -476.8 +/- 807.2
  Delta:                   -488.39
  Avg gates per episode:   79.70
  Gates skipped (q_cov):   0
  SlotMonitor val AUROC:   0.717
  Platt:                   a=0.970, b=-0.478
  Calibrated threshold:    0.449  (target FPR=0.1)
  Q coverage:              78609  (min=50)

