============================================================
MADDPG v3 - arm=with_aux - PettingZoo Simple Spread v3 (continuous)
============================================================
  seed=99, n_updates=10, monitor_alpha=0.5

Phase 1: Random baseline = -72.07 +/- 21.95

[WARNING]: Received an action [0.41310197 1.         0.62201961 1.         0.38937839] that was outside action space Box(0.0, 1.0, (5,), float32). Environment is clipping to space
[WARNING]: Received an action [0.44171248 0.86434055 0.91810519 0.43975274 0.        ] that was outside action space Box(0.0, 1.0, (5,), float32). Environment is clipping to space
[WARNING]: Received an action [0.41342484 0.83475336 0.42935301 0.70651836 0.65228199] that was outside action space Box(0.0, 1.0, (5,), float32). Environment is clipping to space
[WARNING]: Received an action [0.         0.89806276 0.18869956 0.28082945 0.7602973 ] that was outside action space Box(0.0, 1.0, (5,), float32). Environment is clipping to space
[WARNING]: Received an action [0.11225221 0.61281323 0.07482507 0.4163569  0.34691917] that was outside action space Box(0.0, 1.0, (5,), float32). Environment is clipping to space
[WARNING]: Received an action [0.26699696 0.08476775 0.39370875 0.53974978 0.98370635] that was outside action space Box(0.0, 1.0, (5,), float32). Environment is clipping to space
[WARNING]: Received an action [0.2023373  0.48136981 1.         0.72257817 0.7123162 ] that was outside action space Box(0.0, 1.0, (5,), float32). Environment is clipping to space
[WARNING]: Received an action [0.69646196 0.         0.38254051 0.         0.96032376] that was outside action space Box(0.0, 1.0, (5,), float32). Environment is clipping to space
[WARNING]: Received an action [1.         0.22903732 1.         0.         0.        ] that was outside action space Box(0.0, 1.0, (5,), float32). Environment is clipping to space
[WARNING]: Received an action [0.76280861 0.04385538 0.22568454 1.         0.        ] that was outside action space Box(0.0, 1.0, (5,), float32). Environment is clipping to space
[WARNING]: Received an action [0.33455162 0.43034702 0.69530223 0.85970523 0.4734766 ] that was outside action space Box(0.0, 1.0, (5,), float32). Environment is clipping to space
[WARNING]: Received an action [0.         0.99749139 1.         0.89172397 0.78864414] that was outside action space Box(0.0, 1.0, (5,), float32). Environment is clipping to space
[WARNING]: Received an action [0.29728528 0.32563289 0.         0.84433523 0.39619656] that was outside action space Box(0.0, 1.0, (5,), float32). Environment is clipping to space
[WARNING]: Received an action [1.         0.         1.         0.34493052 0.21957559] that was outside action space Box(0.0, 1.0, (5,), float32). Environment is clipping to space
[WARNING]: Received an action [0.25635657 0.18577528 0.         0.80105389 0.89855053] that was outside action space Box(0.0, 1.0, (5,), float32). Environment is clipping to space
[WARNING]: Received an action [1.         0.80581624 0.81394128 0.         0.55189907] that was outside action space Box(0.0, 1.0, (5,), float32). Environment is clipping to space
[WARNING]: Received an action [0.         0.34694486 1.         0.5140612  0.        ] that was outside action space Box(0.0, 1.0, (5,), float32). Environment is clipping to space
[WARNING]: Received an action [0.         0.20692552 0.30901144 0.95267001 0.9360714 ] that was outside action space Box(0.0, 1.0, (5,), float32). Environment is clipping to space
[WARNING]: Received an action [0.89201934 0.56809504 0.33235561 0.34953402 0.68396288] that was outside action space Box(0.0, 1.0, (5,), float32). Environment is clipping to space
[WARNING]: Received an action [0.9491824  1.         0.54564575 0.64682021 1.        ] that was outside action space Box(0.0, 1.0, (5,), float32). Environment is clipping to space
[WARNING]: Received an action [0.         0.90121564 0.03144232 1.         1.        ] that was outside action space Box(0.0, 1.0, (5,), float32). Environment is clipping to space
[WARNING]: Received an action [1.         1.         0.89707306 0.01596529 0.71850666] that was outside action space Box(0.0, 1.0, (5,), float32). Environment is clipping to space
[WARNING]: Received an action [0.92638571 0.72962191 0.44710692 0.57235042 0.72247919] that was outside action space Box(0.0, 1.0, (5,), float32). Environment is clipping to space
[WARNING]: Received an action [0.         0.83368713 0.70265818 0.42139625 0.86149313] that was outside action space Box(0.0, 1.0, (5,), float32). Environment is clipping to space
[WARNING]: Received an action [1.         0.         1.         1.         0.97887651] that was outside action space Box(0.0, 1.0, (5,), float32). Environment is clipping to space
[WARNING]: Received an action [0.97421819 0.85018179 0.50644154 0.12414872 0.78555993] that was outside action space Box(0.0, 1.0, (5,), float32). Environment is clipping to space
[WARNING]: Received an action [0.57893976 0.14808529 1.         0.91418763 0.37242373] that was outside action space Box(0.0, 1.0, (5,), float32). Environment is clipping to space
[WARNING]: Received an action [0.         0.02527517 0.72175477 0.39893667 0.        ] that was outside action space Box(0.0, 1.0, (5,), float32). Environment is clipping to space
[WARNING]: Received an action [0.60750575 0.41992659 0.30926495 0.         0.69843772] that was outside action space Box(0.0, 1.0, (5,), float32). Environment is clipping to space
[WARNING]: Received an action [0.         0.38868438 1.         1.         0.44949002] that was outside action space Box(0.0, 1.0, (5,), float32). Environment is clipping to space
[WARNING]: Received an action [0.         0.81920861 0.01977928 0.         0.84510874] that was outside action space Box(0.0, 1.0, (5,), float32). Environment is clipping to space
[WARNING]: Received an action [0.         0.86221089 0.96703653 0.72841834 0.63618349] that was outside action space Box(0.0, 1.0, (5,), float32). Environment is clipping to space
[WARNING]: Received an action [0.43889562 0.25505972 0.         1.         0.28638493] that was outside action space Box(0.0, 1.0, (5,), float32). Environment is clipping to space
[WARNING]: Received an action [0.02500567 0.39939087 0.75977413 1.         0.36348548] that was outside action space Box(0.0, 1.0, (5,), float32). Environment is clipping to space
[WARNING]: Received an action [0.37640333 0.10161549 0.3813969  0.91459922 0.49912792] that was outside action space Box(0.0, 1.0, (5,), float32). Environment is clipping to space
[WARNING]: Received an action [0.30470421 0.57839787 0.02970453 0.         0.26988034] that was outside action space Box(0.0, 1.0, (5,), float32). Environment is clipping to space
[WARNING]: Received an action [0.         0.31249729 0.68515039 1.         0.73609569] that was outside action space Box(0.0, 1.0, (5,), float32). Environment is clipping to space
[WARNING]: Received an action [0.49254849 0.         0.         0.38957502 0.10047933] that was outside action space Box(0.0, 1.0, (5,), float32). Environment is clipping to space
[WARNING]: Received an action [0.01022291 0.51581536 0.         0.         0.4118594 ] that was outside action space Box(0.0, 1.0, (5,), float32). Environment is clipping to space
[WARNING]: Received an action [0.00929171 0.70321566 1.         0.91711676 0.68763745] that was outside action space Box(0.0, 1.0, (5,), float32). Environment is clipping to space
[WARNING]: Received an action [1.         0.00108528 0.21431145 0.59225152 0.33537107] that was outside action space Box(0.0, 1.0, (5,), float32). Environment is clipping to space
[WARNING]: Received an action [0.56859866 0.30671781 0.27501459 0.26695956 0.9007565 ] that was outside action space Box(0.0, 1.0, (5,), float32). Environment is clipping to space
[WARNING]: Received an action [0.38957027 0.         0.42560472 0.23327786 1.        ] that was outside action space Box(0.0, 1.0, (5,), float32). Environment is clipping to space
[WARNING]: Received an action [0.65703195 1.         0.55841303 0.96225138 0.91455473] that was outside action space Box(0.0, 1.0, (5,), float32). Environment is clipping to space
[WARNING]: Received an action [0.78314109 0.         0.50614074 1.         0.53691218] that was outside action space Box(0.0, 1.0, (5,), float32). Environment is clipping to space
[WARNING]: Received an action [1.         0.20772765 0.32446137 0.87679188 0.        ] that was outside action space Box(0.0, 1.0, (5,), float32). Environment is clipping to space
[WARNING]: Received an action [1.         0.35176807 1.         0.19979721 0.90895194] that was outside action space Box(0.0, 1.0, (5,), float32). Environment is clipping to space
[WARNING]: Received an action [0.28875034 0.         0.20424496 0.42254654 0.75727724] that was outside action space Box(0.0, 1.0, (5,), float32). Environment is clipping to space
[WARNING]: Received an action [0.0868596  0.71082429 0.35691817 0.         0.96021121] that was outside action space Box(0.0, 1.0, (5,), float32). Environment is clipping to space
[WARNING]: Received an action [1.         0.32208866 0.41620841 0.22739581 0.71935717] that was outside action space Box(0.0, 1.0, (5,), float32). Environment is clipping to space
[WARNING]: Received an action [0.2055482  0.91306399 0.3428422  0.         0.86100881] that was outside action space Box(0.0, 1.0, (5,), float32). Environment is clipping to space
[WARNING]: Received an action [0.72106365 0.         0.5642253  0.81294802 0.42854146] that was outside action space Box(0.0, 1.0, (5,), float32). Environment is clipping to space
[WARNING]: Received an action [0.23428941 1.         0.18285239 1.         0.17069327] that was outside action space Box(0.0, 1.0, (5,), float32). Environment is clipping to space
[WARNING]: Received an action [0.98498897 1.         0.         0.7415255  0.16975546] that was outside action space Box(0.0, 1.0, (5,), float32). Environment is clipping to space
[WARNING]: Received an action [0.88331154 1.         1.         1.         0.30646405] that was outside action space Box(0.0, 1.0, (5,), float32). Environment is clipping to space
[WARNING]: Received an action [0.83648553 1.         1.         1.         1.        ] that was outside action space Box(0.0, 1.0, (5,), float32). Environment is clipping to space
[WARNING]: Received an action [0.         0.37191649 0.78536354 0.0323444  0.89259092] that was outside action space Box(0.0, 1.0, (5,), float32). Environment is clipping to space
[WARNING]: Received an action [0.         0.43548822 0.79251188 0.         0.75684736] that was outside action space Box(0.0, 1.0, (5,), float32). Environment is clipping to space
[WARNING]: Received an action [0.94563722 0.97453542 0.         0.         1.        ] that was outside action space Box(0.0, 1.0, (5,), float32). Environment is clipping to space
[WARNING]: Received an action [1.0000000e+00 3.6601387e-05 0.0000000e+00 1.0000000e+00 0.0000000e+00] that was outside action space Box(0.0, 1.0, (5,), float32). Environment is clipping to space
[WARNING]: Received an action [0.83991436 0.         0.         0.603533   0.82968347] that was outside action space Box(0.0, 1.0, (5,), float32). Environment is clipping to space
[WARNING]: Received an action [0.84638777 0.59065637 0.10549666 0.08626173 0.67351058] that was outside action space Box(0.0, 1.0, (5,), float32). Environment is clipping to space
[WARNING]: Received an action [0.8598078  0.06705083 0.09475243 0.19087807 0.55164736] that was outside action space Box(0.0, 1.0, (5,), float32). Environment is clipping to space
[WARNING]: Received an action [0.01678462 0.46206134 0.57669521 0.79085089 0.7040075 ] that was outside action space Box(0.0, 1.0, (5,), float32). Environment is clipping to space
[WARNING]: Received an action [0.         0.53393879 0.75033752 0.12690279 0.34772538] that was outside action space Box(0.0, 1.0, (5,), float32). Environment is clipping to space
[WARNING]: Received an action [1.        0.        1.        1.        0.3686028] that was outside action space Box(0.0, 1.0, (5,), float32). Environment is clipping to space
[WARNING]: Received an action [1.         0.         0.73508969 0.         1.        ] that was outside action space Box(0.0, 1.0, (5,), float32). Environment is clipping to space
[WARNING]: Received an action [0.16120302 0.93723232 0.63665351 0.29692018 0.27683425] that was outside action space Box(0.0, 1.0, (5,), float32). Environment is clipping to space
[WARNING]: Received an action [1.         0.17951923 0.70351764 0.82083931 1.        ] that was outside action space Box(0.0, 1.0, (5,), float32). Environment is clipping to space
[WARNING]: Received an action [1.         0.         0.47230254 0.87936847 0.63994656] that was outside action space Box(0.0, 1.0, (5,), float32). Environment is clipping to space
[WARNING]: Received an action [0.14486525 0.27362176 0.50661648 0.         0.53527019] that was outside action space Box(0.0, 1.0, (5,), float32). Environment is clipping to space
[WARNING]: Received an action [0.79373342 0.78833329 0.69233894 0.03345566 0.        ] that was outside action space Box(0.0, 1.0, (5,), float32). Environment is clipping to space
[WARNING]: Received an action [0.66454729 0.1156092  0.67245702 1.         0.57497983] that was outside action space Box(0.0, 1.0, (5,), float32). Environment is clipping to space
[WARNING]: Received an action [0.37403694 0.13924339 0.06046156 1.         0.        ] that was outside action space Box(0.0, 1.0, (5,), float32). Environment is clipping to space
[WARNING]: Received an action [0.39595768 1.         0.         0.44421709 0.38625764] that was outside action space Box(0.0, 1.0, (5,), float32). Environment is clipping to space
[WARNING]: Received an action [0.85496905 1.         0.26730438 0.         0.12883034] that was outside action space Box(0.0, 1.0, (5,), float32). Environment is clipping to space
[WARNING]: Received an action [1.         1.         0.72346709 0.75176986 0.2256836 ] that was outside action space Box(0.0, 1.0, (5,), float32). Environment is clipping to space
[WARNING]: Received an action [1.         0.36693222 0.03610199 0.6359798  0.33515463] that was outside action space Box(0.0, 1.0, (5,), float32). Environment is clipping to space
[WARNING]: Received an action [0.6792766  0.43332081 0.65293087 0.52800819 1.        ] that was outside action space Box(0.0, 1.0, (5,), float32). Environment is clipping to space
[WARNING]: Received an action [0.89127504 0.33252768 0.77851283 0.15649328 0.53382812] that was outside action space Box(0.0, 1.0, (5,), float32). Environment is clipping to space
[WARNING]: Received an action [0.04626789 0.         0.53007917 0.         0.55468806] that was outside action space Box(0.0, 1.0, (5,), float32). Environment is clipping to space
[WARNING]: Received an action [0.38566538 0.46881198 0.83695306 0.96792979 0.6595316 ] that was outside action space Box(0.0, 1.0, (5,), float32). Environment is clipping to space
[WARNING]: Received an action [0.08926601 0.82240915 1.         0.60252079 0.        ] that was outside action space Box(0.0, 1.0, (5,), float32). Environment is clipping to space
[WARNING]: Received an action [0.         0.65696032 0.3067963  1.         0.24467194] that was outside action space Box(0.0, 1.0, (5,), float32). Environment is clipping to space
[WARNING]: Received an action [0.45003665 0.7251402  0.         0.90704704 0.32738324] that was outside action space Box(0.0, 1.0, (5,), float32). Environment is clipping to space
[WARNING]: Received an action [0.         0.28998108 1.         0.59003997 0.        ] that was outside action space Box(0.0, 1.0, (5,), float32). Environment is clipping to space
[WARNING]: Received an action [0.77437582 0.33805551 0.56178776 0.         0.98111755] that was outside action space Box(0.0, 1.0, (5,), float32). Environment is clipping to space
[WARNING]: Received an action [1.         0.52431385 0.48507814 1.         0.68960778] that was outside action space Box(0.0, 1.0, (5,), float32). Environment is clipping to space
[WARNING]: Received an action [0.39965879 0.40575338 0.73452657 1.         0.29897328] that was outside action space Box(0.0, 1.0, (5,), float32). Environment is clipping to space
[WARNING]: Received an action [0.33088366 0.89216298 0.1947944  0.05241578 0.        ] that was outside action space Box(0.0, 1.0, (5,), float32). Environment is clipping to space
[WARNING]: Received an action [1.         0.02836064 0.36664253 0.         0.40293061] that was outside action space Box(0.0, 1.0, (5,), float32). Environment is clipping to space
[WARNING]: Received an action [0.32742882 0.40907038 0.2888533  0.46247574 0.44003652] that was outside action space Box(0.0, 1.0, (5,), float32). Environment is clipping to space
[WARNING]: Received an action [0.44917667 0.14498557 0.12357568 0.93926164 0.41946815] that was outside action space Box(0.0, 1.0, (5,), float32). Environment is clipping to space
[WARNING]: Received an action [1.         0.23808003 0.1991328  0.9902478  0.37227368] that was outside action space Box(0.0, 1.0, (5,), float32). Environment is clipping to space
[WARNING]: Received an action [0.37948539 0.32082325 1.         0.46770763 0.85767803] that was outside action space Box(0.0, 1.0, (5,), float32). Environment is clipping to space
[WARNING]: Received an action [1.         0.71298976 0.         0.69809518 1.        ] that was outside action space Box(0.0, 1.0, (5,), float32). Environment is clipping to space
[WARNING]: Received an action [0.99920605 0.57484143 0.23120103 0.92342173 0.        ] that was outside action space Box(0.0, 1.0, (5,), float32). Environment is clipping to space
[WARNING]: Received an action [1.         1.         0.08105285 0.48368594 0.        ] that was outside action space Box(0.0, 1.0, (5,), float32). Environment is clipping to space
[WARNING]: Received an action [0.52701184 0.19871982 0.         0.64261787 1.        ] that was outside action space Box(0.0, 1.0, (5,), float32). Environment is clipping to space
[WARNING]: Received an action [1.         0.26210362 1.         0.92913964 1.        ] that was outside action space Box(0.0, 1.0, (5,), float32). Environment is clipping to space
[WARNING]: Received an action [0.38736112 0.98301042 1.         0.         0.91936801] that was outside action space Box(0.0, 1.0, (5,), float32). Environment is clipping to space
[WARNING]: Received an action [0.01333776 0.18516311 0.51108216 0.68321542 1.        ] that was outside action space Box(0.0, 1.0, (5,), float32). Environment is clipping to space
[WARNING]: Received an action [0.66634391 0.46883582 0.17173126 0.         0.        ] that was outside action space Box(0.0, 1.0, (5,), float32). Environment is clipping to space
[WARNING]: Received an action [0.95508466 0.08650338 1.         0.74792266 1.        ] that was outside action space Box(0.0, 1.0, (5,), float32). Environment is clipping to space
[WARNING]: Received an action [0.46780626 1.         0.30702902 0.51792794 0.        ] that was outside action space Box(0.0, 1.0, (5,), float32). Environment is clipping to space
[WARNING]: Received an action [0.         0.14633911 0.70166404 0.6372544  0.81130552] that was outside action space Box(0.0, 1.0, (5,), float32). Environment is clipping to space
[WARNING]: Received an action [0.66079949 0.         0.25852453 0.19967869 0.77984386] that was outside action space Box(0.0, 1.0, (5,), float32). Environment is clipping to space
[WARNING]: Received an action [0.95573463 0.13031418 0.         0.73679282 1.        ] that was outside action space Box(0.0, 1.0, (5,), float32). Environment is clipping to space
[WARNING]: Received an action [1.         0.29131602 0.39140484 0.13536985 1.        ] that was outside action space Box(0.0, 1.0, (5,), float32). Environment is clipping to space
[WARNING]: Received an action [0.4444999  0.88327183 0.54273865 0.88026508 1.        ] that was outside action space Box(0.0, 1.0, (5,), float32). Environment is clipping to space
[WARNING]: Received an action [0.46575578 0.62331619 0.46856227 0.42555824 0.13684554] that was outside action space Box(0.0, 1.0, (5,), float32). Environment is clipping to space
[WARNING]: Received an action [0.         0.         0.48290161 0.36286664 0.8253899 ] that was outside action space Box(0.0, 1.0, (5,), float32). Environment is clipping to space
[WARNING]: Received an action [0.36354765 0.         0.85449412 1.         0.34517668] that was outside action space Box(0.0, 1.0, (5,), float32). Environment is clipping to space
[WARNING]: Received an action [0.93912819 1.         0.         0.02525862 0.74750237] that was outside action space Box(0.0, 1.0, (5,), float32). Environment is clipping to space
[WARNING]: Received an action [0.24322042 0.         0.62577562 1.         0.        ] that was outside action space Box(0.0, 1.0, (5,), float32). Environment is clipping to space
[WARNING]: Received an action [0.07457988 0.74298676 0.19333073 0.19545304 0.41047799] that was outside action space Box(0.0, 1.0, (5,), float32). Environment is clipping to space
[WARNING]: Received an action [0.31769964 0.34836752 0.16927993 0.89341133 0.26527603] that was outside action space Box(0.0, 1.0, (5,), float32). Environment is clipping to space
[WARNING]: Received an action [0.21875867 0.54842008 0.83852043 0.60266823 0.66781048] that was outside action space Box(0.0, 1.0, (5,), float32). Environment is clipping to space
[WARNING]: Received an action [1. 0. 0. 0. 0.] that was outside action space Box(0.0, 1.0, (5,), float32). Environment is clipping to space
[WARNING]: Received an action [0.58541268 0.50585997 1.         0.41032342 0.        ] that was outside action space Box(0.0, 1.0, (5,), float32). Environment is clipping to space
[WARNING]: Received an action [1.         1.         0.64508992 1.         1.        ] that was outside action space Box(0.0, 1.0, (5,), float32). Environment is clipping to space
[WARNING]: Received an action [0.22818563 0.21325108 0.96162056 0.28715107 0.9920745 ] that was outside action space Box(0.0, 1.0, (5,), float32). Environment is clipping to space
[WARNING]: Received an action [0.95388136 0.23794729 1.         0.91977968 0.36663747] that was outside action space Box(0.0, 1.0, (5,), float32). Environment is clipping to space
[WARNING]: Received an action [1.         1.         0.90227347 0.         0.30983052] that was outside action space Box(0.0, 1.0, (5,), float32). Environment is clipping to space
[WARNING]: Received an action [0.3119573  0.15892032 0.83466141 1.         0.68792305] that was outside action space Box(0.0, 1.0, (5,), float32). Environment is clipping to space
[WARNING]: Received an action [0.05060099 0.77731112 0.         0.95177603 0.62244397] that was outside action space Box(0.0, 1.0, (5,), float32). Environment is clipping to space
[WARNING]: Received an action [0.33179117 0.07557744 0.71310396 1.         1.        ] that was outside action space Box(0.0, 1.0, (5,), float32). Environment is clipping to space
[WARNING]: Received an action [0.60692327 0.68527389 0.43116208 0.         0.15623112] that was outside action space Box(0.0, 1.0, (5,), float32). Environment is clipping to space
[WARNING]: Received an action [1.         0.14469078 1.         0.1976078  0.        ] that was outside action space Box(0.0, 1.0, (5,), float32). Environment is clipping to space
[WARNING]: Received an action [0.29134645 0.6171446  0.40895287 0.7082501  1.        ] that was outside action space Box(0.0, 1.0, (5,), float32). Environment is clipping to space
[WARNING]: Received an action [0.6701183  0.5090578  0.26554055 0.31830496 1.        ] that was outside action space Box(0.0, 1.0, (5,), float32). Environment is clipping to space
[WARNING]: Received an action [1.         1.         0.59668618 0.1837239  0.52933128] that was outside action space Box(0.0, 1.0, (5,), float32). Environment is clipping to space
[WARNING]: Received an action [0.47142641 1.         0.87223149 0.         0.        ] that was outside action space Box(0.0, 1.0, (5,), float32). Environment is clipping to space
[WARNING]: Received an action [0.37802869 1.         0.18645211 0.51441094 0.76378376] that was outside action space Box(0.0, 1.0, (5,), float32). Environment is clipping to space
[WARNING]: Received an action [0.80137233 0.79438344 0.20345709 0.98527898 0.17882835] that was outside action space Box(0.0, 1.0, (5,), float32). Environment is clipping to space
[WARNING]: Received an action [1.         0.27534689 0.26390286 0.412689   0.02753729] that was outside action space Box(0.0, 1.0, (5,), float32). Environment is clipping to space
[WARNING]: Received an action [0.71845013 1.         0.         0.61053282 0.        ] that was outside action space Box(0.0, 1.0, (5,), float32). Environment is clipping to space
[WARNING]: Received an action [0.73143416 0.         0.13768078 0.57017939 0.        ] that was outside action space Box(0.0, 1.0, (5,), float32). Environment is clipping to space
[WARNING]: Received an action [0.63702141 0.77597695 0.88436953 0.         0.82282881] that was outside action space Box(0.0, 1.0, (5,), float32). Environment is clipping to space
[WARNING]: Received an action [0.23338028 0.77526713 1.         0.15851248 0.79441792] that was outside action space Box(0.0, 1.0, (5,), float32). Environment is clipping to space
[WARNING]: Received an action [0.14882849 0.         1.         0.         1.        ] that was outside action space Box(0.0, 1.0, (5,), float32). Environment is clipping to space
[WARNING]: Received an action [1.         0.         0.23676458 0.42060435 0.        ] that was outside action space Box(0.0, 1.0, (5,), float32). Environment is clipping to space
[WARNING]: Received an action [0.50169345 0.225977   0.37169112 0.         0.01600877] that was outside action space Box(0.0, 1.0, (5,), float32). Environment is clipping to space
[WARNING]: Received an action [0.39960449 0.69187374 0.86910695 0.         0.3103092 ] that was outside action space Box(0.0, 1.0, (5,), float32). Environment is clipping to space
[WARNING]: Received an action [1.         0.58317052 0.         0.09137032 0.57760786] that was outside action space Box(0.0, 1.0, (5,), float32). Environment is clipping to space
[WARNING]: Received an action [0.94798788 1.         1.         0.64482364 0.94834161] that was outside action space Box(0.0, 1.0, (5,), float32). Environment is clipping to space
[WARNING]: Received an action [1.         1.         0.46482463 0.61715958 1.        ] that was outside action space Box(0.0, 1.0, (5,), float32). Environment is clipping to space
[WARNING]: Received an action [0.73553747 0.0885644  0.75650949 0.2641683  0.94570992] that was outside action space Box(0.0, 1.0, (5,), float32). Environment is clipping to space
[WARNING]: Received an action [0.2679963  1.         0.49467812 0.43992685 0.71850505] that was outside action space Box(0.0, 1.0, (5,), float32). Environment is clipping to space
[WARNING]: Received an action [0.         0.8074777  1.         0.         0.40232783] that was outside action space Box(0.0, 1.0, (5,), float32). Environment is clipping to space
[WARNING]: Received an action [0.62170306 0.42098311 0.83169944 0.27290898 0.32280907] that was outside action space Box(0.0, 1.0, (5,), float32). Environment is clipping to space
[WARNING]: Received an action [0.4963469  0.82478438 0.03780274 0.82307522 0.        ] that was outside action space Box(0.0, 1.0, (5,), float32). Environment is clipping to space
[WARNING]: Received an action [0.92160256 0.31117274 0.         0.69130483 0.28775577] that was outside action space Box(0.0, 1.0, (5,), float32). Environment is clipping to space
[WARNING]: Received an action [0.9117063  0.82085013 1.         0.73347608 0.89352852] that was outside action space Box(0.0, 1.0, (5,), float32). Environment is clipping to space
[WARNING]: Received an action [1.         1.         0.         0.83677067 1.        ] that was outside action space Box(0.0, 1.0, (5,), float32). Environment is clipping to space
[WARNING]: Received an action [0.24225848 0.77203829 1.         0.91374506 0.1474732 ] that was outside action space Box(0.0, 1.0, (5,), float32). Environment is clipping to space
[WARNING]: Received an action [0.41958017 1.         0.10038077 0.90920735 0.91702307] that was outside action space Box(0.0, 1.0, (5,), float32). Environment is clipping to space
[WARNING]: Received an action [0.80181565 0.88753287 0.64278042 0.63079817 0.4785917 ] that was outside action space Box(0.0, 1.0, (5,), float32). Environment is clipping to space
[WARNING]: Received an action [0.57840265 0.         0.56890097 0.93240148 0.46600873] that was outside action space Box(0.0, 1.0, (5,), float32). Environment is clipping to space
[WARNING]: Received an action [0.29627991 0.82914891 0.         0.         0.49733719] that was outside action space Box(0.0, 1.0, (5,), float32). Environment is clipping to space
[WARNING]: Received an action [0.12285897 0.         0.3468716  0.31759949 0.95453476] that was outside action space Box(0.0, 1.0, (5,), float32). Environment is clipping to space
[WARNING]: Received an action [0.57164001 0.88059337 0.90872035 0.68103725 0.71782552] that was outside action space Box(0.0, 1.0, (5,), float32). Environment is clipping to space
[WARNING]: Received an action [0.33308461 0.40252685 0.65837503 0.58424017 1.        ] that was outside action space Box(0.0, 1.0, (5,), float32). Environment is clipping to space
[WARNING]: Received an action [0.74876311 0.22443253 0.         0.         1.        ] that was outside action space Box(0.0, 1.0, (5,), float32). Environment is clipping to space
[WARNING]: Received an action [0.04067906 0.89286011 0.9039888  0.09718075 0.70945677] that was outside action space Box(0.0, 1.0, (5,), float32). Environment is clipping to space
[WARNING]: Received an action [1.         0.         0.81289162 1.         0.34568742] that was outside action space Box(0.0, 1.0, (5,), float32). Environment is clipping to space
[WARNING]: Received an action [0.24901613 0.30758627 0.         0.06501752 0.56805716] that was outside action space Box(0.0, 1.0, (5,), float32). Environment is clipping to space
[WARNING]: Received an action [0.         0.43874788 0.94423742 0.42055765 0.9559862 ] that was outside action space Box(0.0, 1.0, (5,), float32). Environment is clipping to space
[WARNING]: Received an action [0.         0.3597943  1.         0.0162861  0.34471177] that was outside action space Box(0.0, 1.0, (5,), float32). Environment is clipping to space
[WARNING]: Received an action [1.         0.86402164 0.59151609 0.         0.10519603] that was outside action space Box(0.0, 1.0, (5,), float32). Environment is clipping to space
[WARNING]: Received an action [0.30447458 0.         0.06363767 0.73846847 0.08883865] that was outside action space Box(0.0, 1.0, (5,), float32). Environment is clipping to space
[WARNING]: Received an action [0.64677707 0.         0.         1.         0.85819019] that was outside action space Box(0.0, 1.0, (5,), float32). Environment is clipping to space
[WARNING]: Received an action [0.80390886 0.85583467 0.34972639 0.93185089 0.        ] that was outside action space Box(0.0, 1.0, (5,), float32). Environment is clipping to space
[WARNING]: Received an action [0.90943531 0.17749711 0.82807562 0.74667109 0.72275293] that was outside action space Box(0.0, 1.0, (5,), float32). Environment is clipping to space
[WARNING]: Received an action [0.         0.11491948 1.         0.33298019 0.30962365] that was outside action space Box(0.0, 1.0, (5,), float32). Environment is clipping to space
[WARNING]: Received an action [0.31292924 1.         0.596529   0.33148379 0.00745527] that was outside action space Box(0.0, 1.0, (5,), float32). Environment is clipping to space
[WARNING]: Received an action [0.43312219 0.31864689 0.96931699 0.56711365 0.41557512] that was outside action space Box(0.0, 1.0, (5,), float32). Environment is clipping to space
[WARNING]: Received an action [0.         0.47801078 0.65350288 0.         0.98737031] that was outside action space Box(0.0, 1.0, (5,), float32). Environment is clipping to space
[WARNING]: Received an action [0.09261576 0.         0.         0.07783633 0.20779565] that was outside action space Box(0.0, 1.0, (5,), float32). Environment is clipping to space
[WARNING]: Received an action [0.2644759  0.41089566 0.21589695 0.2052862  0.        ] that was outside action space Box(0.0, 1.0, (5,), float32). Environment is clipping to space
[WARNING]: Received an action [0.65224399 0.68811552 1.         0.         0.73573624] that was outside action space Box(0.0, 1.0, (5,), float32). Environment is clipping to space
[WARNING]: Received an action [0.54641739 1.         0.90873339 1.         0.42031102] that was outside action space Box(0.0, 1.0, (5,), float32). Environment is clipping to space
[WARNING]: Received an action [0.51691182 0.79500719 1.         0.49580018 0.21684564] that was outside action space Box(0.0, 1.0, (5,), float32). Environment is clipping to space
[WARNING]: Received an action [0.70678951 0.66223306 0.         0.         0.19240949] that was outside action space Box(0.0, 1.0, (5,), float32). Environment is clipping to space
[WARNING]: Received an action [0.3146603  0.79792124 0.76532992 0.10601444 0.        ] that was outside action space Box(0.0, 1.0, (5,), float32). Environment is clipping to space
[WARNING]: Received an action [0.         0.03875276 0.50978543 0.86409737 0.62847072] that was outside action space Box(0.0, 1.0, (5,), float32). Environment is clipping to space
[WARNING]: Received an action [0.6690627  0.         0.92664405 0.63329609 0.5496359 ] that was outside action space Box(0.0, 1.0, (5,), float32). Environment is clipping to space
[WARNING]: Received an action [0.47699325 0.72891745 0.48849803 0.42122297 0.95196462] that was outside action space Box(0.0, 1.0, (5,), float32). Environment is clipping to space
[WARNING]: Received an action [0.25969757 0.59437593 0.06876355 0.74192708 0.29831675] that was outside action space Box(0.0, 1.0, (5,), float32). Environment is clipping to space
[WARNING]: Received an action [0.68247419 0.56838148 0.07951942 1.         0.17947505] that was outside action space Box(0.0, 1.0, (5,), float32). Environment is clipping to space
[WARNING]: Received an action [0.79297936 0.86707387 0.         0.64656558 0.02095487] that was outside action space Box(0.0, 1.0, (5,), float32). Environment is clipping to space
[WARNING]: Received an action [0.09767937 0.26074706 1.         0.75620833 0.20731676] that was outside action space Box(0.0, 1.0, (5,), float32). Environment is clipping to space
[WARNING]: Received an action [0.4916035  0.95256475 1.         0.68557054 0.17354225] that was outside action space Box(0.0, 1.0, (5,), float32). Environment is clipping to space
[WARNING]: Received an action [0.81319719 0.10790878 0.         1.         0.        ] that was outside action space Box(0.0, 1.0, (5,), float32). Environment is clipping to space
[WARNING]: Received an action [0.66611656 1.         0.90774274 0.         0.96664553] that was outside action space Box(0.0, 1.0, (5,), float32). Environment is clipping to space
[WARNING]: Received an action [0.         0.14806417 1.         1.         0.88760228] that was outside action space Box(0.0, 1.0, (5,), float32). Environment is clipping to space
[WARNING]: Received an action [1.         1.         0.89565229 0.52948619 0.69952964] that was outside action space Box(0.0, 1.0, (5,), float32). Environment is clipping to space
[WARNING]: Received an action [1.         0.75734576 0.34253395 0.         0.46202626] that was outside action space Box(0.0, 1.0, (5,), float32). Environment is clipping to space
[WARNING]: Received an action [1.         1.         0.98027126 0.1481492  0.6184293 ] that was outside action space Box(0.0, 1.0, (5,), float32). Environment is clipping to space
[WARNING]: Received an action [0.27089999 0.         0.74611482 0.         0.18363759] that was outside action space Box(0.0, 1.0, (5,), float32). Environment is clipping to space
[WARNING]: Received an action [0.73366561 0.36355588 0.49549479 1.         0.33674734] that was outside action space Box(0.0, 1.0, (5,), float32). Environment is clipping to space
[WARNING]: Received an action [0.09989775 1.         0.         1.         0.        ] that was outside action space Box(0.0, 1.0, (5,), float32). Environment is clipping to space
[WARNING]: Received an action [1.         0.39065815 0.61018518 0.2309013  0.        ] that was outside action space Box(0.0, 1.0, (5,), float32). Environment is clipping to space
[WARNING]: Received an action [0.57266053 0.65138902 0.         0.7750616  0.68245937] that was outside action space Box(0.0, 1.0, (5,), float32). Environment is clipping to space
[WARNING]: Received an action [1.         0.04713855 0.         1.         0.        ] that was outside action space Box(0.0, 1.0, (5,), float32). Environment is clipping to space
[WARNING]: Received an action [1.         0.74494178 0.35409329 0.74520233 0.85283172] that was outside action space Box(0.0, 1.0, (5,), float32). Environment is clipping to space
[WARNING]: Received an action [0.63120549 1.         0.96640984 0.94473922 0.        ] that was outside action space Box(0.0, 1.0, (5,), float32). Environment is clipping to space
[WARNING]: Received an action [0.         0.         0.         0.99106842 1.        ] that was outside action space Box(0.0, 1.0, (5,), float32). Environment is clipping to space
[WARNING]: Received an action [0.4734267  0.71693837 0.         0.56014157 0.        ] that was outside action space Box(0.0, 1.0, (5,), float32). Environment is clipping to space
[WARNING]: Received an action [0.51416261 0.80264982 0.         0.54434767 1.        ] that was outside action space Box(0.0, 1.0, (5,), float32). Environment is clipping to space
[WARNING]: Received an action [0.34344045 0.         0.93316558 0.79143849 0.16533801] that was outside action space Box(0.0, 1.0, (5,), float32). Environment is clipping to space
[WARNING]: Received an action [0.07859338 0.61051199 1.         0.28063966 0.        ] that was outside action space Box(0.0, 1.0, (5,), float32). Environment is clipping to space
[WARNING]: Received an action [0.60769747 0.3286801  0.69505105 0.         1.        ] that was outside action space Box(0.0, 1.0, (5,), float32). Environment is clipping to space
[WARNING]: Received an action [0.65818869 1.         0.74887363 0.65332866 0.1115499 ] that was outside action space Box(0.0, 1.0, (5,), float32). Environment is clipping to space
[WARNING]: Received an action [0.01331459 0.73470971 0.449376   0.26131041 0.60981921] that was outside action space Box(0.0, 1.0, (5,), float32). Environment is clipping to space
[WARNING]: Received an action [0.         0.11023207 0.12543014 0.         0.19955622] that was outside action space Box(0.0, 1.0, (5,), float32). Environment is clipping to space
[WARNING]: Received an action [0.         0.53928259 1.         0.62946464 0.37711386] that was outside action space Box(0.0, 1.0, (5,), float32). Environment is clipping to space
[WARNING]: Received an action [0.34998971 1.         0.47308407 0.81572519 0.        ] that was outside action space Box(0.0, 1.0, (5,), float32). Environment is clipping to space
[WARNING]: Received an action [1.         0.49735762 0.         1.         1.        ] that was outside action space Box(0.0, 1.0, (5,), float32). Environment is clipping to space
[WARNING]: Received an action [0.9202463  0.17459286 0.02773917 0.50667037 0.        ] that was outside action space Box(0.0, 1.0, (5,), float32). Environment is clipping to space
[WARNING]: Received an action [0.62982773 0.29980665 0.94614288 0.17713827 0.97620506] that was outside action space Box(0.0, 1.0, (5,), float32). Environment is clipping to space
[WARNING]: Received an action [0.42894999 0.         0.02466688 0.07752413 0.63386551] that was outside action space Box(0.0, 1.0, (5,), float32). Environment is clipping to space
[WARNING]: Received an action [0.19536123 1.         1.         0.         0.        ] that was outside action space Box(0.0, 1.0, (5,), float32). Environment is clipping to space
[WARNING]: Received an action [0.91085251 0.         1.         0.42196463 0.6919368 ] that was outside action space Box(0.0, 1.0, (5,), float32). Environment is clipping to space
[WARNING]: Received an action [0.92588064 1.         0.15596163 0.89297993 0.84067221] that was outside action space Box(0.0, 1.0, (5,), float32). Environment is clipping to space
[WARNING]: Received an action [0.02844665 0.78353304 0.         1.         0.65523116] that was outside action space Box(0.0, 1.0, (5,), float32). Environment is clipping to space
[WARNING]: Received an action [0.7093799  0.61172168 0.92317678 1.         1.        ] that was outside action space Box(0.0, 1.0, (5,), float32). Environment is clipping to space
[WARNING]: Received an action [1.         0.34554673 1.         0.69806179 0.21763331] that was outside action space Box(0.0, 1.0, (5,), float32). Environment is clipping to space
[WARNING]: Received an action [0.42146629 0.         0.92695487 1.         0.        ] that was outside action space Box(0.0, 1.0, (5,), float32). Environment is clipping to space
[WARNING]: Received an action [1.         0.56798385 0.9274829  0.80510001 0.735769  ] that was outside action space Box(0.0, 1.0, (5,), float32). Environment is clipping to space
[WARNING]: Received an action [0.5663179  0.         0.16463528 1.         0.        ] that was outside action space Box(0.0, 1.0, (5,), float32). Environment is clipping to space
[WARNING]: Received an action [0.8404583  0.95655879 0.         1.         0.99779666] that was outside action space Box(0.0, 1.0, (5,), float32). Environment is clipping to space
[WARNING]: Received an action [1.         0.88411139 0.65227161 0.2935323  1.        ] that was outside action space Box(0.0, 1.0, (5,), float32). Environment is clipping to space
[WARNING]: Received an action [0.94894607 0.9096166  0.61331522 0.21460906 0.        ] that was outside action space Box(0.0, 1.0, (5,), float32). Environment is clipping to space
[WARNING]: Received an action [0.         0.11952705 0.51272392 0.98238384 0.34536035] that was outside action space Box(0.0, 1.0, (5,), float32). Environment is clipping to space
[WARNING]: Received an action [0.32632334 0.         0.88474386 0.67900002 0.        ] that was outside action space Box(0.0, 1.0, (5,), float32). Environment is clipping to space
[WARNING]: Received an action [0.55868487 0.75459357 0.42287101 0.38260944 0.13381686] that was outside action space Box(0.0, 1.0, (5,), float32). Environment is clipping to space
[WARNING]: Received an action [0.68235885 0.10052347 0.76799026 0.52535462 0.21383915] that was outside action space Box(0.0, 1.0, (5,), float32). Environment is clipping to space
[WARNING]: Received an action [0.         1.         0.37648855 0.         0.07919459] that was outside action space Box(0.0, 1.0, (5,), float32). Environment is clipping to space
[WARNING]: Received an action [0.16995357 0.73914021 0.87266245 0.49028605 0.96273407] that was outside action space Box(0.0, 1.0, (5,), float32). Environment is clipping to space
[WARNING]: Received an action [0.98091007 0.56501379 0.30582974 0.19978093 0.29636006] that was outside action space Box(0.0, 1.0, (5,), float32). Environment is clipping to space
[WARNING]: Received an action [0.66393731 1.         1.         0.         0.64415689] that was outside action space Box(0.0, 1.0, (5,), float32). Environment is clipping to space
[WARNING]: Received an action [0.13856151 0.92304888 0.         0.9855095  1.        ] that was outside action space Box(0.0, 1.0, (5,), float32). Environment is clipping to space
[WARNING]: Received an action [0.         1.         0.42431255 0.19728995 0.36493207] that was outside action space Box(0.0, 1.0, (5,), float32). Environment is clipping to space
[WARNING]: Received an action [0.46632528 0.6688483  0.93346087 0.54018216 0.4602638 ] that was outside action space Box(0.0, 1.0, (5,), float32). Environment is clipping to space
[WARNING]: Received an action [0.18906825 0.95876439 0.16352867 0.27668368 0.40738452] that was outside action space Box(0.0, 1.0, (5,), float32). Environment is clipping to space
[WARNING]: Received an action [0.         1.         0.34681625 0.44453199 0.09856223] that was outside action space Box(0.0, 1.0, (5,), float32). Environment is clipping to space
[WARNING]: Received an action [0.30912327 0.6178609  0.         0.26941337 0.09950609] that was outside action space Box(0.0, 1.0, (5,), float32). Environment is clipping to space
[WARNING]: Received an action [1.         1.         0.55486931 0.34273425 0.3582762 ] that was outside action space Box(0.0, 1.0, (5,), float32). Environment is clipping to space
[WARNING]: Received an action [1.         1.         1.         0.15629531 0.48601056] that was outside action space Box(0.0, 1.0, (5,), float32). Environment is clipping to space
[WARNING]: Received an action [0.48408867 0.         0.65879975 1.         0.90671512] that was outside action space Box(0.0, 1.0, (5,), float32). Environment is clipping to space
[WARNING]: Received an action [0.43471069 0.95064984 1.         0.10358841 0.50344305] that was outside action space Box(0.0, 1.0, (5,), float32). Environment is clipping to space
[WARNING]: Received an action [0.         0.16215121 1.         1.         1.        ] that was outside action space Box(0.0, 1.0, (5,), float32). Environment is clipping to space
[WARNING]: Received an action [1.         1.         0.25356963 0.         0.75958852] that was outside action space Box(0.0, 1.0, (5,), float32). Environment is clipping to space
[WARNING]: Received an action [0.42937144 1.         0.         0.62214341 0.4282381 ] that was outside action space Box(0.0, 1.0, (5,), float32). Environment is clipping to space
[WARNING]: Received an action [0.24227863 0.         0.96573225 0.24753173 0.42912955] that was outside action space Box(0.0, 1.0, (5,), float32). Environment is clipping to space
[WARNING]: Received an action [0.         1.         0.65477306 0.70105448 0.24489402] that was outside action space Box(0.0, 1.0, (5,), float32). Environment is clipping to space
[WARNING]: Received an action [0.56608512 0.41996188 1.         1.         1.        ] that was outside action space Box(0.0, 1.0, (5,), float32). Environment is clipping to space
[WARNING]: Received an action [0.45686624 0.47384251 0.25045499 0.40352341 0.75434348] that was outside action space Box(0.0, 1.0, (5,), float32). Environment is clipping to space
[WARNING]: Received an action [0.34292687 0.49422923 1.         0.20033036 0.16092813] that was outside action space Box(0.0, 1.0, (5,), float32). Environment is clipping to space
[WARNING]: Received an action [0.        0.9348135 1.        1.        0.6287123] that was outside action space Box(0.0, 1.0, (5,), float32). Environment is clipping to space
[WARNING]: Received an action [0.22983335 1.         0.39895954 0.57810627 0.        ] that was outside action space Box(0.0, 1.0, (5,), float32). Environment is clipping to space
[WARNING]: Received an action [0.16917721 0.55581699 0.16395442 0.         0.        ] that was outside action space Box(0.0, 1.0, (5,), float32). Environment is clipping to space
[WARNING]: Received an action [0.0345227  0.52127022 0.79178673 0.57358887 0.78839651] that was outside action space Box(0.0, 1.0, (5,), float32). Environment is clipping to space
[WARNING]: Received an action [0.72755601 0.36618561 0.24275887 0.65001368 0.47107849] that was outside action space Box(0.0, 1.0, (5,), float32). Environment is clipping to space
[WARNING]: Received an action [0.17358284 0.8965368  1.         0.08480409 0.81218978] that was outside action space Box(0.0, 1.0, (5,), float32). Environment is clipping to space
[WARNING]: Received an action [0.48359711 0.13489077 0.         1.         0.5477706 ] that was outside action space Box(0.0, 1.0, (5,), float32). Environment is clipping to space
[WARNING]: Received an action [0.         1.         0.         0.60362261 0.        ] that was outside action space Box(0.0, 1.0, (5,), float32). Environment is clipping to space
[WARNING]: Received an action [0.83450023 0.65049899 0.46844299 0.8229467  0.66563183] that was outside action space Box(0.0, 1.0, (5,), float32). Environment is clipping to space
[WARNING]: Received an action [0.56907936 0.4547262  0.48078815 0.76043768 1.        ] that was outside action space Box(0.0, 1.0, (5,), float32). Environment is clipping to space
[WARNING]: Received an action [0.6134772  0.42593202 1.         0.87392091 0.60115365] that was outside action space Box(0.0, 1.0, (5,), float32). Environment is clipping to space
[WARNING]: Received an action [0.53394855 0.74983046 0.36879255 0.10869697 0.38116899] that was outside action space Box(0.0, 1.0, (5,), float32). Environment is clipping to space
[WARNING]: Received an action [0.18557232 0.         0.60978136 0.         0.03106066] that was outside action space Box(0.0, 1.0, (5,), float32). Environment is clipping to space
[WARNING]: Received an action [0.1994663  1.         0.54142842 0.         0.37427729] that was outside action space Box(0.0, 1.0, (5,), float32). Environment is clipping to space
[WARNING]: Received an action [0.18272361 0.61293048 0.21406154 0.51874436 1.        ] that was outside action space Box(0.0, 1.0, (5,), float32). Environment is clipping to space
[WARNING]: Received an action [1.         0.59199715 1.         0.         0.98252512] that was outside action space Box(0.0, 1.0, (5,), float32). Environment is clipping to space
[WARNING]: Received an action [0.23091349 0.76557876 0.9112022  0.07726967 0.77441593] that was outside action space Box(0.0, 1.0, (5,), float32). Environment is clipping to space
[WARNING]: Received an action [0.44082942 0.         0.33930935 0.11459086 0.        ] that was outside action space Box(0.0, 1.0, (5,), float32). Environment is clipping to space
[WARNING]: Received an action [0.29010638 0.29874113 0.16212641 0.93019404 1.        ] that was outside action space Box(0.0, 1.0, (5,), float32). Environment is clipping to space
[WARNING]: Received an action [0.43921127 0.71590247 0.58081786 1.         0.49282029] that was outside action space Box(0.0, 1.0, (5,), float32). Environment is clipping to space
[WARNING]: Received an action [0.50729679 0.34900423 1.         0.         0.2428311 ] that was outside action space Box(0.0, 1.0, (5,), float32). Environment is clipping to space
[WARNING]: Received an action [0.02434606 1.         1.         0.75390967 0.26253441] that was outside action space Box(0.0, 1.0, (5,), float32). Environment is clipping to space
[WARNING]: Received an action [0.77284077 0.         0.86629104 1.         0.75105662] that was outside action space Box(0.0, 1.0, (5,), float32). Environment is clipping to space
[WARNING]: Received an action [0.68027699 0.         1.         0.78095719 0.68217086] that was outside action space Box(0.0, 1.0, (5,), float32). Environment is clipping to space
[WARNING]: Received an action [0.09135511 0.64384329 0.         1.         0.59756488] that was outside action space Box(0.0, 1.0, (5,), float32). Environment is clipping to space
[WARNING]: Received an action [0.40760744 0.36234764 0.66710141 0.         0.69648172] that was outside action space Box(0.0, 1.0, (5,), float32). Environment is clipping to space
[WARNING]: Received an action [0.         0.56100552 0.62539092 0.04873625 0.5255433 ] that was outside action space Box(0.0, 1.0, (5,), float32). Environment is clipping to space
[WARNING]: Received an action [0.04901721 0.93998129 0.25985616 0.         0.09805614] that was outside action space Box(0.0, 1.0, (5,), float32). Environment is clipping to space
[WARNING]: Received an action [0.40144244 0.51204872 0.52113919 0.94480358 1.        ] that was outside action space Box(0.0, 1.0, (5,), float32). Environment is clipping to space
[WARNING]: Received an action [0.53659015 0.14932239 1.         1.         0.17057071] that was outside action space Box(0.0, 1.0, (5,), float32). Environment is clipping to space
[WARNING]: Received an action [1.         0.3693268  0.8294041  0.         0.34887647] that was outside action space Box(0.0, 1.0, (5,), float32). Environment is clipping to space
[WARNING]: Received an action [1.         0.         0.1367444  0.95342365 0.56565796] that was outside action space Box(0.0, 1.0, (5,), float32). Environment is clipping to space
[WARNING]: Received an action [0.4959953  0.29618484 0.44606835 1.         0.51929645] that was outside action space Box(0.0, 1.0, (5,), float32). Environment is clipping to space
[WARNING]: Received an action [0.69406375 0.8705461  0.99175642 0.03913159 0.4967607 ] that was outside action space Box(0.0, 1.0, (5,), float32). Environment is clipping to space
[WARNING]: Received an action [0.         0.88389028 0.         0.         0.29327425] that was outside action space Box(0.0, 1.0, (5,), float32). Environment is clipping to space
[WARNING]: Received an action [0.58673083 0.30108114 0.59472849 0.6400412  0.        ] that was outside action space Box(0.0, 1.0, (5,), float32). Environment is clipping to space
[WARNING]: Received an action [1.         0.755201   0.67153691 0.97146191 1.        ] that was outside action space Box(0.0, 1.0, (5,), float32). Environment is clipping to space
[WARNING]: Received an action [0.         0.42010762 0.32591845 0.01583993 1.        ] that was outside action space Box(0.0, 1.0, (5,), float32). Environment is clipping to space
[WARNING]: Received an action [1.         0.82921766 0.39009824 0.56957848 1.        ] that was outside action space Box(0.0, 1.0, (5,), float32). Environment is clipping to space
[WARNING]: Received an action [0.59354897 0.         0.69481532 0.41952704 1.        ] that was outside action space Box(0.0, 1.0, (5,), float32). Environment is clipping to space
[WARNING]: Received an action [1.         0.12933764 1.         0.         0.25585126] that was outside action space Box(0.0, 1.0, (5,), float32). Environment is clipping to space
[WARNING]: Received an action [0.         0.         0.58395852 1.         0.        ] that was outside action space Box(0.0, 1.0, (5,), float32). Environment is clipping to space
[WARNING]: Received an action [0.4412183  0.91922623 0.         0.         0.99208823] that was outside action space Box(0.0, 1.0, (5,), float32). Environment is clipping to space
[WARNING]: Received an action [0.31432987 0.20705653 0.         0.43992032 0.44608399] that was outside action space Box(0.0, 1.0, (5,), float32). Environment is clipping to space
[WARNING]: Received an action [0.19930911 1.         0.48587608 0.08294517 1.        ] that was outside action space Box(0.0, 1.0, (5,), float32). Environment is clipping to space
[WARNING]: Received an action [0.55784032 0.70153316 0.25896292 0.59833037 0.87243412] that was outside action space Box(0.0, 1.0, (5,), float32). Environment is clipping to space
[WARNING]: Received an action [0.         0.40540038 0.16150637 0.         1.        ] that was outside action space Box(0.0, 1.0, (5,), float32). Environment is clipping to space
[WARNING]: Received an action [0.4233186  1.         0.29797814 0.85160065 0.34985102] that was outside action space Box(0.0, 1.0, (5,), float32). Environment is clipping to space
[WARNING]: Received an action [0.28470958 0.         0.71335024 0.70181721 0.21108071] that was outside action space Box(0.0, 1.0, (5,), float32). Environment is clipping to space
[WARNING]: Received an action [0.57225618 0.98822438 0.47756274 0.92850199 0.        ] that was outside action space Box(0.0, 1.0, (5,), float32). Environment is clipping to space
[WARNING]: Received an action [0.46742109 0.49537219 0.38061413 0.57363066 0.1895468 ] that was outside action space Box(0.0, 1.0, (5,), float32). Environment is clipping to space
[WARNING]: Received an action [0.59956625 0.66297662 0.82713208 1.         0.12877756] that was outside action space Box(0.0, 1.0, (5,), float32). Environment is clipping to space
[WARNING]: Received an action [1.         0.         0.01557846 0.7792715  1.        ] that was outside action space Box(0.0, 1.0, (5,), float32). Environment is clipping to space
[WARNING]: Received an action [0.27721991 0.32972239 0.76402238 0.69955624 0.36425023] that was outside action space Box(0.0, 1.0, (5,), float32). Environment is clipping to space
[WARNING]: Received an action [0.37231191 0.         0.75087424 0.61622822 0.        ] that was outside action space Box(0.0, 1.0, (5,), float32). Environment is clipping to space
[WARNING]: Received an action [0.46769498 1.         1.         1.         0.70238111] that was outside action space Box(0.0, 1.0, (5,), float32). Environment is clipping to space
[WARNING]: Received an action [0.98349297 0.51647419 0.15471686 0.93607669 0.        ] that was outside action space Box(0.0, 1.0, (5,), float32). Environment is clipping to space
[WARNING]: Received an action [0.48936472 0.55747737 0.57736797 0.17655314 0.44051208] that was outside action space Box(0.0, 1.0, (5,), float32). Environment is clipping to space
[WARNING]: Received an action [1.         1.         0.90599461 0.25962564 0.84156104] that was outside action space Box(0.0, 1.0, (5,), float32). Environment is clipping to space
[WARNING]: Received an action [0.77537619 1.         0.         0.         0.73485909] that was outside action space Box(0.0, 1.0, (5,), float32). Environment is clipping to space
[WARNING]: Received an action [0.31412794 0.         0.80759784 0.66173889 0.        ] that was outside action space Box(0.0, 1.0, (5,), float32). Environment is clipping to space
[WARNING]: Received an action [1.         0.81167131 0.38542606 0.42177316 1.        ] that was outside action space Box(0.0, 1.0, (5,), float32). Environment is clipping to space
[WARNING]: Received an action [0.23478011 0.5325778  0.98868016 0.71523276 0.94525937] that was outside action space Box(0.0, 1.0, (5,), float32). Environment is clipping to space
[WARNING]: Received an action [1.         0.17825756 0.79020028 0.62260301 0.86851593] that was outside action space Box(0.0, 1.0, (5,), float32). Environment is clipping to space
[WARNING]: Received an action [1.        0.        0.        1.        0.4856381] that was outside action space Box(0.0, 1.0, (5,), float32). Environment is clipping to space
[WARNING]: Received an action [0.56402483 0.4799688  0.93890339 0.6348339  0.33566601] that was outside action space Box(0.0, 1.0, (5,), float32). Environment is clipping to space
[WARNING]: Received an action [1.         0.30142687 0.97361376 0.63280992 0.59340915] that was outside action space Box(0.0, 1.0, (5,), float32). Environment is clipping to space
[WARNING]: Received an action [1.         0.26653465 0.88676035 1.         0.35810851] that was outside action space Box(0.0, 1.0, (5,), float32). Environment is clipping to space
[WARNING]: Received an action [0.         0.31517446 0.69124661 0.33891355 0.84770301] that was outside action space Box(0.0, 1.0, (5,), float32). Environment is clipping to space
[WARNING]: Received an action [0.         0.         0.         0.66379814 0.55495685] that was outside action space Box(0.0, 1.0, (5,), float32). Environment is clipping to space
[WARNING]: Received an action [0.51147416 0.         0.15640034 0.58458    0.63859905] that was outside action space Box(0.0, 1.0, (5,), float32). Environment is clipping to space
[WARNING]: Received an action [0.51068828 0.78218752 0.         0.82027519 0.        ] that was outside action space Box(0.0, 1.0, (5,), float32). Environment is clipping to space
[WARNING]: Received an action [0.59767498 0.         0.70284236 0.         1.        ] that was outside action space Box(0.0, 1.0, (5,), float32). Environment is clipping to space
[WARNING]: Received an action [0.39746048 1.         1.         0.         0.76060543] that was outside action space Box(0.0, 1.0, (5,), float32). Environment is clipping to space
[WARNING]: Received an action [0.         0.39929701 0.         1.         1.        ] that was outside action space Box(0.0, 1.0, (5,), float32). Environment is clipping to space
[WARNING]: Received an action [0.88958449 0.39538231 0.41338149 0.32451119 0.        ] that was outside action space Box(0.0, 1.0, (5,), float32). Environment is clipping to space
[WARNING]: Received an action [0.30850696 0.95068484 0.32490769 0.26671938 0.        ] that was outside action space Box(0.0, 1.0, (5,), float32). Environment is clipping to space
[WARNING]: Received an action [0.65624315 0.81385439 0.         0.61855541 0.50167985] that was outside action space Box(0.0, 1.0, (5,), float32). Environment is clipping to space
[WARNING]: Received an action [0.55934731 0.23676761 0.17810295 0.12871881 0.05802491] that was outside action space Box(0.0, 1.0, (5,), float32). Environment is clipping to space
[WARNING]: Received an action [0.6337813  0.         0.09682758 1.         0.41994991] that was outside action space Box(0.0, 1.0, (5,), float32). Environment is clipping to space
[WARNING]: Received an action [0.28622654 1.         0.57568328 0.02340368 0.42185054] that was outside action space Box(0.0, 1.0, (5,), float32). Environment is clipping to space
[WARNING]: Received an action [0.68030012 0.47011117 0.47725739 0.0886405  0.92830752] that was outside action space Box(0.0, 1.0, (5,), float32). Environment is clipping to space
[WARNING]: Received an action [0.         0.2006676  0.04581519 0.71204153 1.        ] that was outside action space Box(0.0, 1.0, (5,), float32). Environment is clipping to space
[WARNING]: Received an action [1.         0.43397418 1.         0.42634913 0.33902766] that was outside action space Box(0.0, 1.0, (5,), float32). Environment is clipping to space
[WARNING]: Received an action [0.64287023 0.89932506 0.0598659  0.81804901 0.19753487] that was outside action space Box(0.0, 1.0, (5,), float32). Environment is clipping to space
[WARNING]: Received an action [0.26182061 0.47686076 0.         0.         0.        ] that was outside action space Box(0.0, 1.0, (5,), float32). Environment is clipping to space
[WARNING]: Received an action [0.         1.         0.94675016 0.74339273 0.49247674] that was outside action space Box(0.0, 1.0, (5,), float32). Environment is clipping to space
[WARNING]: Received an action [0.70550245 0.76325945 0.         0.59971526 0.        ] that was outside action space Box(0.0, 1.0, (5,), float32). Environment is clipping to space
[WARNING]: Received an action [1.         0.51162069 0.31255801 0.07657542 0.        ] that was outside action space Box(0.0, 1.0, (5,), float32). Environment is clipping to space
[WARNING]: Received an action [0.23801224 0.81561508 0.69690101 0.         0.72422629] that was outside action space Box(0.0, 1.0, (5,), float32). Environment is clipping to space
[WARNING]: Received an action [1.         0.92840649 1.         0.85231438 0.97607679] that was outside action space Box(0.0, 1.0, (5,), float32). Environment is clipping to space
[WARNING]: Received an action [0.0146656  0.12713294 0.         0.85605154 0.53991142] that was outside action space Box(0.0, 1.0, (5,), float32). Environment is clipping to space
[WARNING]: Received an action [0.62615002 0.24387792 0.75704301 0.01105585 0.26532134] that was outside action space Box(0.0, 1.0, (5,), float32). Environment is clipping to space
[WARNING]: Received an action [0.         0.41829372 0.         0.66259713 1.        ] that was outside action space Box(0.0, 1.0, (5,), float32). Environment is clipping to space
[WARNING]: Received an action [0.         0.0918863  0.58574905 0.1356031  0.55164248] that was outside action space Box(0.0, 1.0, (5,), float32). Environment is clipping to space
[WARNING]: Received an action [0.52853099 0.         0.83698892 0.         1.        ] that was outside action space Box(0.0, 1.0, (5,), float32). Environment is clipping to space
[WARNING]: Received an action [0.70982284 0.51610226 0.23205728 0.65100489 0.86205322] that was outside action space Box(0.0, 1.0, (5,), float32). Environment is clipping to space
[WARNING]: Received an action [0.82687363 0.         0.         0.44441438 0.29878041] that was outside action space Box(0.0, 1.0, (5,), float32). Environment is clipping to space
[WARNING]: Received an action [0.53815781 0.         0.         0.70372337 0.94972693] that was outside action space Box(0.0, 1.0, (5,), float32). Environment is clipping to space
[WARNING]: Received an action [0.         0.98977255 0.77792434 0.46138142 0.67872428] that was outside action space Box(0.0, 1.0, (5,), float32). Environment is clipping to space
[WARNING]: Received an action [0.20574285 0.42891226 0.29403726 0.         0.        ] that was outside action space Box(0.0, 1.0, (5,), float32). Environment is clipping to space
[WARNING]: Received an action [0.38963454 0.68786752 0.89481751 0.31039713 0.48205287] that was outside action space Box(0.0, 1.0, (5,), float32). Environment is clipping to space
[WARNING]: Received an action [0.         0.06090832 0.         1.         0.        ] that was outside action space Box(0.0, 1.0, (5,), float32). Environment is clipping to space
[WARNING]: Received an action [0.39476879 0.79107461 1.         0.         0.11217356] that was outside action space Box(0.0, 1.0, (5,), float32). Environment is clipping to space
[WARNING]: Received an action [0.36567105 0.62849244 0.08863431 0.27706594 0.6073305 ] that was outside action space Box(0.0, 1.0, (5,), float32). Environment is clipping to space
[WARNING]: Received an action [0.         1.         0.97736796 0.         0.30624557] that was outside action space Box(0.0, 1.0, (5,), float32). Environment is clipping to space
[WARNING]: Received an action [0.36623226 1.         0.81685013 0.27417049 0.42004571] that was outside action space Box(0.0, 1.0, (5,), float32). Environment is clipping to space
[WARNING]: Received an action [0.38109425 0.50975701 1.         0.90305459 0.        ] that was outside action space Box(0.0, 1.0, (5,), float32). Environment is clipping to space
[WARNING]: Received an action [0.89425057 0.         0.58037649 0.         0.10802668] that was outside action space Box(0.0, 1.0, (5,), float32). Environment is clipping to space
[WARNING]: Received an action [1.         0.20143386 0.82899589 0.5960125  0.        ] that was outside action space Box(0.0, 1.0, (5,), float32). Environment is clipping to space
[WARNING]: Received an action [0.         0.5893886  0.78393398 0.42080326 0.56200366] that was outside action space Box(0.0, 1.0, (5,), float32). Environment is clipping to space
[WARNING]: Received an action [0.17466135 0.65090827 0.         0.88313329 0.90057139] that was outside action space Box(0.0, 1.0, (5,), float32). Environment is clipping to space
[WARNING]: Received an action [0.62106878 0.31270027 0.03771466 0.04536579 0.09983429] that was outside action space Box(0.0, 1.0, (5,), float32). Environment is clipping to space
[WARNING]: Received an action [0.57816396 0.64639348 1.         0.         0.13693444] that was outside action space Box(0.0, 1.0, (5,), float32). Environment is clipping to space
[WARNING]: Received an action [0.68191182 0.         0.69536962 0.67332907 0.        ] that was outside action space Box(0.0, 1.0, (5,), float32). Environment is clipping to space
[WARNING]: Received an action [0.9307379  0.92664978 0.74625912 0.         0.37024232] that was outside action space Box(0.0, 1.0, (5,), float32). Environment is clipping to space
[WARNING]: Received an action [1.         0.73860637 0.12566521 0.34893322 0.71359186] that was outside action space Box(0.0, 1.0, (5,), float32). Environment is clipping to space
[WARNING]: Received an action [1.         0.61914018 0.1660327  0.05870841 0.8755624 ] that was outside action space Box(0.0, 1.0, (5,), float32). Environment is clipping to space
[WARNING]: Received an action [0.91437079 0.18644825 0.88242432 0.6509554  1.        ] that was outside action space Box(0.0, 1.0, (5,), float32). Environment is clipping to space
[WARNING]: Received an action [0.62925976 0.83152936 0.02718336 0.48486303 0.19657864] that was outside action space Box(0.0, 1.0, (5,), float32). Environment is clipping to space
[WARNING]: Received an action [0.43093706 0.60824655 0.49582019 1.         0.42229906] that was outside action space Box(0.0, 1.0, (5,), float32). Environment is clipping to space
[WARNING]: Received an action [0.57536057 0.33530349 0.30308052 1.         0.20241209] that was outside action space Box(0.0, 1.0, (5,), float32). Environment is clipping to space
[WARNING]: Received an action [0.         0.         1.         1.         0.74255047] that was outside action space Box(0.0, 1.0, (5,), float32). Environment is clipping to space
[WARNING]: Received an action [1.         0.52849199 0.13963308 0.39002117 0.65073804] that was outside action space Box(0.0, 1.0, (5,), float32). Environment is clipping to space
[WARNING]: Received an action [1.         1.         0.28307597 0.36810437 0.39984232] that was outside action space Box(0.0, 1.0, (5,), float32). Environment is clipping to space
[WARNING]: Received an action [0.49450619 0.53522624 0.19894889 0.38826244 0.92015904] that was outside action space Box(0.0, 1.0, (5,), float32). Environment is clipping to space
[WARNING]: Received an action [0.09155579 0.55962953 0.10339563 0.         0.38243764] that was outside action space Box(0.0, 1.0, (5,), float32). Environment is clipping to space
[WARNING]: Received an action [1.         0.29894366 0.51234902 0.44568455 0.68215164] that was outside action space Box(0.0, 1.0, (5,), float32). Environment is clipping to space
[WARNING]: Received an action [0.         0.77614958 0.70284443 0.43489573 0.81448026] that was outside action space Box(0.0, 1.0, (5,), float32). Environment is clipping to space
[WARNING]: Received an action [0.34820249 0.18680414 0.11102503 0.1323109  0.81193665] that was outside action space Box(0.0, 1.0, (5,), float32). Environment is clipping to space
[WARNING]: Received an action [1.         0.05482516 0.26098412 0.32619431 1.        ] that was outside action space Box(0.0, 1.0, (5,), float32). Environment is clipping to space
[WARNING]: Received an action [0.72731624 0.7860915  0.20294526 0.83020854 0.21165185] that was outside action space Box(0.0, 1.0, (5,), float32). Environment is clipping to space
[WARNING]: Received an action [0.188828   0.         0.9694282  0.80209389 0.67906572] that was outside action space Box(0.0, 1.0, (5,), float32). Environment is clipping to space
[WARNING]: Received an action [1.         0.07187158 0.82076026 0.28855734 0.91393893] that was outside action space Box(0.0, 1.0, (5,), float32). Environment is clipping to space
[WARNING]: Received an action [1.         0.31260062 0.35255618 0.52777893 0.66361433] that was outside action space Box(0.0, 1.0, (5,), float32). Environment is clipping to space
[WARNING]: Received an action [0.65979638 0.48020998 0.54725536 1.         0.49634217] that was outside action space Box(0.0, 1.0, (5,), float32). Environment is clipping to space
[WARNING]: Received an action [0.36643859 0.61978595 0.58336895 0.11364749 0.37418062] that was outside action space Box(0.0, 1.0, (5,), float32). Environment is clipping to space
[WARNING]: Received an action [0.64250316 0.75302927 0.58587108 0.62131595 0.44264452] that was outside action space Box(0.0, 1.0, (5,), float32). Environment is clipping to space
[WARNING]: Received an action [0.41207683 0.5002668  0.03678403 0.         0.02187772] that was outside action space Box(0.0, 1.0, (5,), float32). Environment is clipping to space
[WARNING]: Received an action [0.06133538 1.         0.34077883 0.51003085 0.64983488] that was outside action space Box(0.0, 1.0, (5,), float32). Environment is clipping to space
[WARNING]: Received an action [1.         1.         0.81176489 0.35852862 0.        ] that was outside action space Box(0.0, 1.0, (5,), float32). Environment is clipping to space
[WARNING]: Received an action [0.83166263 0.5804016  0.         0.24250119 0.        ] that was outside action space Box(0.0, 1.0, (5,), float32). Environment is clipping to space
[WARNING]: Received an action [0.22509685 1.         0.99525724 0.60397455 0.28536652] that was outside action space Box(0.0, 1.0, (5,), float32). Environment is clipping to space
[WARNING]: Received an action [0.60122946 0.65119313 0.01633648 0.28806285 1.        ] that was outside action space Box(0.0, 1.0, (5,), float32). Environment is clipping to space
[WARNING]: Received an action [0.05685537 0.09794453 0.52409315 0.53379228 0.64024592] that was outside action space Box(0.0, 1.0, (5,), float32). Environment is clipping to space
[WARNING]: Received an action [1.         0.         0.02004061 0.         0.63262026] that was outside action space Box(0.0, 1.0, (5,), float32). Environment is clipping to space
[WARNING]: Received an action [1.         0.41374321 0.5331547  0.09111262 0.67566418] that was outside action space Box(0.0, 1.0, (5,), float32). Environment is clipping to space
[WARNING]: Received an action [0.56532073 0.68941716 1.         0.         0.81244138] that was outside action space Box(0.0, 1.0, (5,), float32). Environment is clipping to space
[WARNING]: Received an action [0.77220005 0.         0.6715191  0.32383928 0.40610243] that was outside action space Box(0.0, 1.0, (5,), float32). Environment is clipping to space
[WARNING]: Received an action [0.59892211 0.33597576 0.         0.54796893 1.        ] that was outside action space Box(0.0, 1.0, (5,), float32). Environment is clipping to space
[WARNING]: Received an action [0.82121439 0.5272065  0.36509723 0.5598251  0.98034385] that was outside action space Box(0.0, 1.0, (5,), float32). Environment is clipping to space
[WARNING]: Received an action [0.         1.         0.19389617 0.         0.92527937] that was outside action space Box(0.0, 1.0, (5,), float32). Environment is clipping to space
[WARNING]: Received an action [1.         0.         0.31248378 0.51367484 0.53143987] that was outside action space Box(0.0, 1.0, (5,), float32). Environment is clipping to space
[WARNING]: Received an action [0.27826605 0.57187305 0.473654   0.80702651 0.98351646] that was outside action space Box(0.0, 1.0, (5,), float32). Environment is clipping to space
[WARNING]: Received an action [0.03476242 1.         0.65814889 0.         0.64113963] that was outside action space Box(0.0, 1.0, (5,), float32). Environment is clipping to space
[WARNING]: Received an action [0.83648619 0.         0.09136043 0.78993681 0.47412698] that was outside action space Box(0.0, 1.0, (5,), float32). Environment is clipping to space
[WARNING]: Received an action [0.77640109 0.45553126 0.57851626 0.93457453 0.61350575] that was outside action space Box(0.0, 1.0, (5,), float32). Environment is clipping to space
[WARNING]: Received an action [0.57284259 1.         1.         0.56052168 1.        ] that was outside action space Box(0.0, 1.0, (5,), float32). Environment is clipping to space
[WARNING]: Received an action [0.93874079 0.         0.55134814 0.38790649 1.        ] that was outside action space Box(0.0, 1.0, (5,), float32). Environment is clipping to space
[WARNING]: Received an action [0.99488606 0.1191252  0.60460366 0.69940085 0.        ] that was outside action space Box(0.0, 1.0, (5,), float32). Environment is clipping to space
[WARNING]: Received an action [0.42951261 0.17479361 0.         0.01435426 1.        ] that was outside action space Box(0.0, 1.0, (5,), float32). Environment is clipping to space
[WARNING]: Received an action [0.85863718 1.         0.33244385 1.         0.03608904] that was outside action space Box(0.0, 1.0, (5,), float32). Environment is clipping to space
[WARNING]: Received an action [1.         0.85130268 0.42865656 0.02517801 0.71470244] that was outside action space Box(0.0, 1.0, (5,), float32). Environment is clipping to space
[WARNING]: Received an action [0.43233955 0.25059    0.03551056 0.82891726 0.20129484] that was outside action space Box(0.0, 1.0, (5,), float32). Environment is clipping to space
[WARNING]: Received an action [1.         0.51386677 0.49798333 0.45970341 1.        ] that was outside action space Box(0.0, 1.0, (5,), float32). Environment is clipping to space
[WARNING]: Received an action [0.89323035 0.09404797 1.         0.90458852 0.10147244] that was outside action space Box(0.0, 1.0, (5,), float32). Environment is clipping to space
[WARNING]: Received an action [0.22767563 0.64915371 0.29738828 1.         0.32254141] that was outside action space Box(0.0, 1.0, (5,), float32). Environment is clipping to space
[WARNING]: Received an action [0.96250207 0.         0.44576271 0.99993466 0.15665821] that was outside action space Box(0.0, 1.0, (5,), float32). Environment is clipping to space
[WARNING]: Received an action [0.51454453 0.72256636 0.2990748  0.46741527 0.31401019] that was outside action space Box(0.0, 1.0, (5,), float32). Environment is clipping to space
[WARNING]: Received an action [0.11862715 0.26264753 0.44106094 0.62220715 0.28638387] that was outside action space Box(0.0, 1.0, (5,), float32). Environment is clipping to space
[WARNING]: Received an action [0.83419558 1.         0.47975909 0.         0.01350605] that was outside action space Box(0.0, 1.0, (5,), float32). Environment is clipping to space
[WARNING]: Received an action [0.969774   1.         0.76958479 0.54635085 0.45831681] that was outside action space Box(0.0, 1.0, (5,), float32). Environment is clipping to space
[WARNING]: Received an action [0.45964469 1.         0.12102468 0.31762433 0.73939857] that was outside action space Box(0.0, 1.0, (5,), float32). Environment is clipping to space
[WARNING]: Received an action [1.         0.47710822 0.30671533 0.48305651 0.06685649] that was outside action space Box(0.0, 1.0, (5,), float32). Environment is clipping to space
[WARNING]: Received an action [0.8570199  0.42853422 0.52349444 0.33893135 0.74069307] that was outside action space Box(0.0, 1.0, (5,), float32). Environment is clipping to space
[WARNING]: Received an action [0.32104131 0.36883953 0.18467096 0.74045994 0.94810656] that was outside action space Box(0.0, 1.0, (5,), float32). Environment is clipping to space
[WARNING]: Received an action [0.63761769 0.50658824 0.27922549 0.         0.        ] that was outside action space Box(0.0, 1.0, (5,), float32). Environment is clipping to space
[WARNING]: Received an action [0.4034782  0.29263272 0.         0.49379524 0.07572191] that was outside action space Box(0.0, 1.0, (5,), float32). Environment is clipping to space
[WARNING]: Received an action [1.         0.71902899 0.60972223 0.02016255 0.32044766] that was outside action space Box(0.0, 1.0, (5,), float32). Environment is clipping to space
[WARNING]: Received an action [0.24822178 0.48304524 0.22551344 0.         0.        ] that was outside action space Box(0.0, 1.0, (5,), float32). Environment is clipping to space
[WARNING]: Received an action [0.41749154 0.         0.81606365 0.02784593 0.52907068] that was outside action space Box(0.0, 1.0, (5,), float32). Environment is clipping to space
[WARNING]: Received an action [0.50382696 0.61882437 0.7601629  0.         0.76071527] that was outside action space Box(0.0, 1.0, (5,), float32). Environment is clipping to space
[WARNING]: Received an action [0.         0.73972772 0.8529291  0.         0.4209743 ] that was outside action space Box(0.0, 1.0, (5,), float32). Environment is clipping to space
[WARNING]: Received an action [0.84444034 0.41032441 0.51856935 1.         0.        ] that was outside action space Box(0.0, 1.0, (5,), float32). Environment is clipping to space
[WARNING]: Received an action [0.24288334 1.         0.         0.77927012 0.68922365] that was outside action space Box(0.0, 1.0, (5,), float32). Environment is clipping to space
[WARNING]: Received an action [1.         0.47848981 0.81837791 1.         0.        ] that was outside action space Box(0.0, 1.0, (5,), float32). Environment is clipping to space
[WARNING]: Received an action [0.71992033 0.97383537 0.49686705 0.1283347  1.        ] that was outside action space Box(0.0, 1.0, (5,), float32). Environment is clipping to space
[WARNING]: Received an action [0.50382865 0.60316391 0.13122366 0.         0.62364681] that was outside action space Box(0.0, 1.0, (5,), float32). Environment is clipping to space
[WARNING]: Received an action [1.         0.         0.21593281 0.31125424 0.        ] that was outside action space Box(0.0, 1.0, (5,), float32). Environment is clipping to space
[WARNING]: Received an action [0.41456195 1.         0.40090707 0.         0.71845487] that was outside action space Box(0.0, 1.0, (5,), float32). Environment is clipping to space
[WARNING]: Received an action [0.69522261 0.50834621 0.47205953 0.10516903 0.05755717] that was outside action space Box(0.0, 1.0, (5,), float32). Environment is clipping to space
[WARNING]: Received an action [0.97613826 0.81485517 0.15837442 0.31732222 0.        ] that was outside action space Box(0.0, 1.0, (5,), float32). Environment is clipping to space
[WARNING]: Received an action [0.52169201 0.733405   0.39587987 1.         0.        ] that was outside action space Box(0.0, 1.0, (5,), float32). Environment is clipping to space
[WARNING]: Received an action [0.61039371 0.         0.79848944 0.         0.64317071] that was outside action space Box(0.0, 1.0, (5,), float32). Environment is clipping to space
[WARNING]: Received an action [0.08755404 0.         0.75337718 0.37797968 0.44431046] that was outside action space Box(0.0, 1.0, (5,), float32). Environment is clipping to space
[WARNING]: Received an action [0.98802561 0.45941079 0.75177181 0.         0.66851461] that was outside action space Box(0.0, 1.0, (5,), float32). Environment is clipping to space
[WARNING]: Received an action [0.55882431 0.19313535 0.14847832 0.         1.        ] that was outside action space Box(0.0, 1.0, (5,), float32). Environment is clipping to space
[WARNING]: Received an action [0.68590786 0.08226435 0.73727043 0.         0.63378039] that was outside action space Box(0.0, 1.0, (5,), float32). Environment is clipping to space
[WARNING]: Received an action [0.73863054 0.41932452 0.40328956 0.3261547  0.91377054] that was outside action space Box(0.0, 1.0, (5,), float32). Environment is clipping to space
[WARNING]: Received an action [0.16045703 0.62041348 0.3614176  1.         0.06365551] that was outside action space Box(0.0, 1.0, (5,), float32). Environment is clipping to space
[WARNING]: Received an action [0.46977604 0.74672505 0.59741071 0.23040584 0.89542664] that was outside action space Box(0.0, 1.0, (5,), float32). Environment is clipping to space
[WARNING]: Received an action [0.13395176 0.93839087 1.         0.87069816 0.        ] that was outside action space Box(0.0, 1.0, (5,), float32). Environment is clipping to space
[WARNING]: Received an action [0.39847458 0.23362305 0.64364986 0.36454905 0.32122898] that was outside action space Box(0.0, 1.0, (5,), float32). Environment is clipping to space
[WARNING]: Received an action [0.63281888 0.75771154 0.96018837 0.1014931  0.44397211] that was outside action space Box(0.0, 1.0, (5,), float32). Environment is clipping to space
[WARNING]: Received an action [0.7342745  1.         0.75555973 0.35142519 0.06671351] that was outside action space Box(0.0, 1.0, (5,), float32). Environment is clipping to space
[WARNING]: Received an action [1.         0.4237077  0.63811311 1.         0.41311064] that was outside action space Box(0.0, 1.0, (5,), float32). Environment is clipping to space
[WARNING]: Received an action [0.3150166  0.33721184 0.79312451 0.91733196 0.14374019] that was outside action space Box(0.0, 1.0, (5,), float32). Environment is clipping to space
[WARNING]: Received an action [0.57955467 0.15790919 0.05331834 0.62592446 0.7972223 ] that was outside action space Box(0.0, 1.0, (5,), float32). Environment is clipping to space
[WARNING]: Received an action [1.         0.75214228 0.78387209 0.65294686 0.39710477] that was outside action space Box(0.0, 1.0, (5,), float32). Environment is clipping to space
[WARNING]: Received an action [0.44582362 0.40170763 0.81228548 0.03972576 0.99643285] that was outside action space Box(0.0, 1.0, (5,), float32). Environment is clipping to space
[WARNING]: Received an action [0.66694508 0.23576422 0.41148803 0.47639171 0.80397094] that was outside action space Box(0.0, 1.0, (5,), float32). Environment is clipping to space
[WARNING]: Received an action [0.         0.28144939 0.62835124 0.39780763 0.58357757] that was outside action space Box(0.0, 1.0, (5,), float32). Environment is clipping to space
[WARNING]: Received an action [0.545123   0.74635764 0.51686791 0.         0.        ] that was outside action space Box(0.0, 1.0, (5,), float32). Environment is clipping to space
[WARNING]: Received an action [0.0797047  0.02696046 0.30404414 0.46874671 0.29835044] that was outside action space Box(0.0, 1.0, (5,), float32). Environment is clipping to space
[WARNING]: Received an action [0.17033829 0.56789802 0.84813084 0.43910898 0.47594289] that was outside action space Box(0.0, 1.0, (5,), float32). Environment is clipping to space
[WARNING]: Received an action [0.19635104 0.         1.         0.         1.        ] that was outside action space Box(0.0, 1.0, (5,), float32). Environment is clipping to space
[WARNING]: Received an action [0.63906377 0.34977023 0.73571898 0.         1.        ] that was outside action space Box(0.0, 1.0, (5,), float32). Environment is clipping to space
[WARNING]: Received an action [0.        0.        1.        1.        0.6274795] that was outside action space Box(0.0, 1.0, (5,), float32). Environment is clipping to space
[WARNING]: Received an action [0.10309349 0.9864184  0.68052079 0.8237174  0.20294359] that was outside action space Box(0.0, 1.0, (5,), float32). Environment is clipping to space
[WARNING]: Received an action [0.83029181 0.08540926 0.85376596 0.726544   0.44916696] that was outside action space Box(0.0, 1.0, (5,), float32). Environment is clipping to space
[WARNING]: Received an action [0.70406556 1.         0.55842189 0.159909   0.        ] that was outside action space Box(0.0, 1.0, (5,), float32). Environment is clipping to space
[WARNING]: Received an action [0.         0.10939583 0.21772637 0.5093961  0.61280929] that was outside action space Box(0.0, 1.0, (5,), float32). Environment is clipping to space
[WARNING]: Received an action [0.50743602 1.         0.         1.         0.98916032] that was outside action space Box(0.0, 1.0, (5,), float32). Environment is clipping to space
[WARNING]: Received an action [0.46699958 0.09412641 0.7603962  0.74346462 0.70256514] that was outside action space Box(0.0, 1.0, (5,), float32). Environment is clipping to space
[WARNING]: Received an action [1.         0.53205858 0.70256682 0.33879348 0.43924518] that was outside action space Box(0.0, 1.0, (5,), float32). Environment is clipping to space
[WARNING]: Received an action [0.61933547 0.45976379 0.75500452 0.22977018 1.        ] that was outside action space Box(0.0, 1.0, (5,), float32). Environment is clipping to space
[WARNING]: Received an action [0.35584845 0.01381497 0.42131507 0.14354901 0.84259778] that was outside action space Box(0.0, 1.0, (5,), float32). Environment is clipping to space
[WARNING]: Received an action [0.93012442 0.75050976 0.09115266 0.98306524 0.13244641] that was outside action space Box(0.0, 1.0, (5,), float32). Environment is clipping to space
[WARNING]: Received an action [1.         1.         0.3127717  0.33530353 1.        ] that was outside action space Box(0.0, 1.0, (5,), float32). Environment is clipping to space
[WARNING]: Received an action [0.30609784 0.31633036 0.55688564 0.59398019 0.3816705 ] that was outside action space Box(0.0, 1.0, (5,), float32). Environment is clipping to space
[WARNING]: Received an action [0.19677649 1.         0.60823564 1.         0.48900296] that was outside action space Box(0.0, 1.0, (5,), float32). Environment is clipping to space
[WARNING]: Received an action [0.40440028 0.01227813 1.         0.70198851 0.        ] that was outside action space Box(0.0, 1.0, (5,), float32). Environment is clipping to space
[WARNING]: Received an action [0.90532509 0.         0.3378751  0.32441678 0.84881217] that was outside action space Box(0.0, 1.0, (5,), float32). Environment is clipping to space
[WARNING]: Received an action [0.8397225  0.23186653 0.60740926 0.08428132 0.57305119] that was outside action space Box(0.0, 1.0, (5,), float32). Environment is clipping to space
[WARNING]: Received an action [0.46723982 0.40538633 0.65692091 1.         0.43405515] that was outside action space Box(0.0, 1.0, (5,), float32). Environment is clipping to space
[WARNING]: Received an action [0.50155285 0.74690649 0.77554831 0.81135111 0.27052143] that was outside action space Box(0.0, 1.0, (5,), float32). Environment is clipping to space
[WARNING]: Received an action [0.92098688 0.87786385 0.8713617  0.60985259 1.        ] that was outside action space Box(0.0, 1.0, (5,), float32). Environment is clipping to space
[WARNING]: Received an action [0.41147315 0.35790443 0.35162754 0.43929026 0.91881899] that was outside action space Box(0.0, 1.0, (5,), float32). Environment is clipping to space
[WARNING]: Received an action [1.         0.         0.32421367 0.         1.        ] that was outside action space Box(0.0, 1.0, (5,), float32). Environment is clipping to space
[WARNING]: Received an action [0.42923911 0.46557064 0.80871284 0.19205715 0.07608096] that was outside action space Box(0.0, 1.0, (5,), float32). Environment is clipping to space
[WARNING]: Received an action [0.53401342 1.         0.94895019 0.509157   0.70885923] that was outside action space Box(0.0, 1.0, (5,), float32). Environment is clipping to space
[WARNING]: Received an action [0.60433986 0.64872988 0.36119323 0.66648308 0.58638155] that was outside action space Box(0.0, 1.0, (5,), float32). Environment is clipping to space
[WARNING]: Received an action [0.20696551 0.86560719 0.56648958 0.31832257 1.        ] that was outside action space Box(0.0, 1.0, (5,), float32). Environment is clipping to space
[WARNING]: Received an action [0.58675632 0.14562633 0.41203466 0.80279677 0.12597302] that was outside action space Box(0.0, 1.0, (5,), float32). Environment is clipping to space
[WARNING]: Received an action [0.44456958 0.28852351 1.         0.02370379 0.53294897] that was outside action space Box(0.0, 1.0, (5,), float32). Environment is clipping to space
[WARNING]: Received an action [0.64990056 0.25062277 1.         0.35770449 1.        ] that was outside action space Box(0.0, 1.0, (5,), float32). Environment is clipping to space
[WARNING]: Received an action [0.76926771 0.18719638 0.47560057 0.87721956 0.11966195] that was outside action space Box(0.0, 1.0, (5,), float32). Environment is clipping to space
[WARNING]: Received an action [0.3645804  0.31826731 0.10188319 1.         1.        ] that was outside action space Box(0.0, 1.0, (5,), float32). Environment is clipping to space
[WARNING]: Received an action [1.         0.74037198 0.42043533 0.43077486 0.69597445] that was outside action space Box(0.0, 1.0, (5,), float32). Environment is clipping to space
[WARNING]: Received an action [0.         0.35004048 1.         0.90415086 0.33161882] that was outside action space Box(0.0, 1.0, (5,), float32). Environment is clipping to space
[WARNING]: Received an action [0.26041334 0.         0.23262306 0.         0.757471  ] that was outside action space Box(0.0, 1.0, (5,), float32). Environment is clipping to space
[WARNING]: Received an action [0.44807798 0.99754385 0.36466642 0.         0.14897586] that was outside action space Box(0.0, 1.0, (5,), float32). Environment is clipping to space
[WARNING]: Received an action [1.         0.67685849 0.25982856 0.6753254  0.33558523] that was outside action space Box(0.0, 1.0, (5,), float32). Environment is clipping to space
[WARNING]: Received an action [0.73949341 0.29947529 0.31548711 0.72794928 0.04682803] that was outside action space Box(0.0, 1.0, (5,), float32). Environment is clipping to space
[WARNING]: Received an action [0.96451785 0.97368556 1.         0.41248761 0.92149817] that was outside action space Box(0.0, 1.0, (5,), float32). Environment is clipping to space
[WARNING]: Received an action [1.         1.         0.46845106 0.         0.44881023] that was outside action space Box(0.0, 1.0, (5,), float32). Environment is clipping to space
[WARNING]: Received an action [0.48006051 1.         0.         0.         0.27479585] that was outside action space Box(0.0, 1.0, (5,), float32). Environment is clipping to space
[WARNING]: Received an action [1.         1.         0.90013547 0.54273365 0.72187731] that was outside action space Box(0.0, 1.0, (5,), float32). Environment is clipping to space
[WARNING]: Received an action [1.         0.65206162 0.68543635 0.02966664 0.26428217] that was outside action space Box(0.0, 1.0, (5,), float32). Environment is clipping to space
[WARNING]: Received an action [1.         0.51389386 0.33220582 0.50546011 0.        ] that was outside action space Box(0.0, 1.0, (5,), float32). Environment is clipping to space
[WARNING]: Received an action [0.5774644  0.         1.         0.92265028 1.        ] that was outside action space Box(0.0, 1.0, (5,), float32). Environment is clipping to space
[WARNING]: Received an action [0.54402435 0.         0.81340284 1.         0.37051117] that was outside action space Box(0.0, 1.0, (5,), float32). Environment is clipping to space
[WARNING]: Received an action [0.3838177  0.38848472 1.         0.00376176 0.09577213] that was outside action space Box(0.0, 1.0, (5,), float32). Environment is clipping to space
[WARNING]: Received an action [0.23492188 1.         0.47303558 0.10136155 0.5322816 ] that was outside action space Box(0.0, 1.0, (5,), float32). Environment is clipping to space
[WARNING]: Received an action [0.80540914 0.         0.09502807 1.         0.59530844] that was outside action space Box(0.0, 1.0, (5,), float32). Environment is clipping to space
[WARNING]: Received an action [1.         0.         0.90593351 0.806417   0.10815649] that was outside action space Box(0.0, 1.0, (5,), float32). Environment is clipping to space
[WARNING]: Received an action [0.86944261 0.20938908 0.         0.17052504 0.53300459] that was outside action space Box(0.0, 1.0, (5,), float32). Environment is clipping to space
[WARNING]: Received an action [0.9980477  0.16866153 0.3660703  0.0541811  0.81558363] that was outside action space Box(0.0, 1.0, (5,), float32). Environment is clipping to space
[WARNING]: Received an action [0.77727965 0.32358156 0.59892973 0.54340218 1.        ] that was outside action space Box(0.0, 1.0, (5,), float32). Environment is clipping to space
[WARNING]: Received an action [1.         1.         0.05796941 0.65439929 0.75836161] that was outside action space Box(0.0, 1.0, (5,), float32). Environment is clipping to space
[WARNING]: Received an action [1.         0.28838676 0.4431976  0.         0.21427516] that was outside action space Box(0.0, 1.0, (5,), float32). Environment is clipping to space
[WARNING]: Received an action [0.97065186 0.7558536  0.21449239 0.07457752 0.37479857] that was outside action space Box(0.0, 1.0, (5,), float32). Environment is clipping to space
[WARNING]: Received an action [0.22847545 1.         0.23549053 0.85540782 0.91313056] that was outside action space Box(0.0, 1.0, (5,), float32). Environment is clipping to space
[WARNING]: Received an action [0.82131939 0.26184544 0.12159807 0.32380625 0.54193771] that was outside action space Box(0.0, 1.0, (5,), float32). Environment is clipping to space
[WARNING]: Received an action [0.23401521 0.65943552 0.67055866 1.         0.40651707] that was outside action space Box(0.0, 1.0, (5,), float32). Environment is clipping to space
[WARNING]: Received an action [1.         0.624419   0.13854404 1.         0.46356555] that was outside action space Box(0.0, 1.0, (5,), float32). Environment is clipping to space
[WARNING]: Received an action [0.58124394 1.         0.23955137 0.67613788 0.29291336] that was outside action space Box(0.0, 1.0, (5,), float32). Environment is clipping to space
[WARNING]: Received an action [1.         0.         0.45499451 1.         1.        ] that was outside action space Box(0.0, 1.0, (5,), float32). Environment is clipping to space
[WARNING]: Received an action [0.7736135  0.         1.         0.56256963 0.42218893] that was outside action space Box(0.0, 1.0, (5,), float32). Environment is clipping to space
[WARNING]: Received an action [0.58348907 0.88404758 0.03030248 0.72154859 0.31468996] that was outside action space Box(0.0, 1.0, (5,), float32). Environment is clipping to space
[WARNING]: Received an action [1.         0.91645391 0.55393703 1.         0.49088721] that was outside action space Box(0.0, 1.0, (5,), float32). Environment is clipping to space
[WARNING]: Received an action [0.         0.77992234 0.78200307 0.47239843 0.74795415] that was outside action space Box(0.0, 1.0, (5,), float32). Environment is clipping to space
[WARNING]: Received an action [0.83601752 0.52244745 0.41252457 0.51221065 0.46275693] that was outside action space Box(0.0, 1.0, (5,), float32). Environment is clipping to space
[WARNING]: Received an action [0.41154573 0.97116931 0.73570558 0.78391346 0.06465104] that was outside action space Box(0.0, 1.0, (5,), float32). Environment is clipping to space
[WARNING]: Received an action [0.53681821 0.57302863 0.4246803  0.94447887 0.0209427 ] that was outside action space Box(0.0, 1.0, (5,), float32). Environment is clipping to space
[WARNING]: Received an action [0.22040756 0.         0.10364802 1.         0.09065946] that was outside action space Box(0.0, 1.0, (5,), float32). Environment is clipping to space
[WARNING]: Received an action [0.2589092  1.         0.01653261 0.         0.72914426] that was outside action space Box(0.0, 1.0, (5,), float32). Environment is clipping to space
[WARNING]: Received an action [1.         0.66696882 0.         0.64956036 0.38207243] that was outside action space Box(0.0, 1.0, (5,), float32). Environment is clipping to space
[WARNING]: Received an action [0.4994     0.52723298 0.18862091 0.68731066 0.13026684] that was outside action space Box(0.0, 1.0, (5,), float32). Environment is clipping to space
[WARNING]: Received an action [0.25080224 0.57599449 0.6160661  0.48730859 0.92817058] that was outside action space Box(0.0, 1.0, (5,), float32). Environment is clipping to space
[WARNING]: Received an action [1.         0.         0.29166796 0.66714107 0.84456572] that was outside action space Box(0.0, 1.0, (5,), float32). Environment is clipping to space
[WARNING]: Received an action [0.19430411 0.         0.74604028 0.47918231 0.42782941] that was outside action space Box(0.0, 1.0, (5,), float32). Environment is clipping to space
[WARNING]: Received an action [0.69928344 0.         0.43865074 0.40808019 0.62703228] that was outside action space Box(0.0, 1.0, (5,), float32). Environment is clipping to space
[WARNING]: Received an action [0.9048212  0.49873136 0.69935303 0.88628136 0.2221358 ] that was outside action space Box(0.0, 1.0, (5,), float32). Environment is clipping to space
[WARNING]: Received an action [0.56782825 0.3811913  0.27516482 0.74867525 0.66661037] that was outside action space Box(0.0, 1.0, (5,), float32). Environment is clipping to space
[WARNING]: Received an action [0.         0.53114154 1.         0.87882924 0.973264  ] that was outside action space Box(0.0, 1.0, (5,), float32). Environment is clipping to space
[WARNING]: Received an action [0.71448231 0.33907347 0.1446693  0.7162136  0.        ] that was outside action space Box(0.0, 1.0, (5,), float32). Environment is clipping to space
[WARNING]: Received an action [0.91936112 0.85380528 0.631173   0.59594691 0.88490436] that was outside action space Box(0.0, 1.0, (5,), float32). Environment is clipping to space
[WARNING]: Received an action [0.65851504 0.67496062 0.50793425 0.         0.        ] that was outside action space Box(0.0, 1.0, (5,), float32). Environment is clipping to space
[WARNING]: Received an action [1.         0.17352601 0.19899868 0.5875472  0.80552925] that was outside action space Box(0.0, 1.0, (5,), float32). Environment is clipping to space
[WARNING]: Received an action [0.40518795 0.42223448 0.06826054 0.32749091 0.33766672] that was outside action space Box(0.0, 1.0, (5,), float32). Environment is clipping to space
[WARNING]: Received an action [0.72096309 0.71857639 0.         0.83579733 0.59710198] that was outside action space Box(0.0, 1.0, (5,), float32). Environment is clipping to space
[WARNING]: Received an action [0.57472514 0.4974401  0.19192529 0.98212771 0.        ] that was outside action space Box(0.0, 1.0, (5,), float32). Environment is clipping to space
[WARNING]: Received an action [0.55123934 0.43545099 1.         0.43681586 0.39526611] that was outside action space Box(0.0, 1.0, (5,), float32). Environment is clipping to space
[WARNING]: Received an action [0.         0.86244729 0.78396111 1.         0.50918632] that was outside action space Box(0.0, 1.0, (5,), float32). Environment is clipping to space
[WARNING]: Received an action [0.78161215 0.         0.69835236 0.75392998 0.18656262] that was outside action space Box(0.0, 1.0, (5,), float32). Environment is clipping to space
[WARNING]: Received an action [0.43318233 1.         0.08413178 0.29079228 0.64491822] that was outside action space Box(0.0, 1.0, (5,), float32). Environment is clipping to space
[WARNING]: Received an action [0.68126616 0.72630904 0.85849222 1.         0.75378114] that was outside action space Box(0.0, 1.0, (5,), float32). Environment is clipping to space
[WARNING]: Received an action [0.24578021 0.2009619  0.92541278 1.         1.        ] that was outside action space Box(0.0, 1.0, (5,), float32). Environment is clipping to space
[WARNING]: Received an action [1.         0.85383304 0.67524754 0.64133682 1.        ] that was outside action space Box(0.0, 1.0, (5,), float32). Environment is clipping to space
[WARNING]: Received an action [0.         1.         0.36202186 0.08103994 0.85188149] that was outside action space Box(0.0, 1.0, (5,), float32). Environment is clipping to space
[WARNING]: Received an action [0.72215581 0.30000919 0.18977868 0.35952409 0.3787135 ] that was outside action space Box(0.0, 1.0, (5,), float32). Environment is clipping to space
[WARNING]: Received an action [0.69072487 0.58443626 1.         1.         0.28685663] that was outside action space Box(0.0, 1.0, (5,), float32). Environment is clipping to space
[WARNING]: Received an action [0.3339233  0.17614654 0.72718154 0.368972   1.        ] that was outside action space Box(0.0, 1.0, (5,), float32). Environment is clipping to space
[WARNING]: Received an action [0.         0.55697228 0.55320875 0.36435467 0.20076274] that was outside action space Box(0.0, 1.0, (5,), float32). Environment is clipping to space
[WARNING]: Received an action [0.         0.84155348 0.10062279 0.66701363 0.88826888] that was outside action space Box(0.0, 1.0, (5,), float32). Environment is clipping to space
[WARNING]: Received an action [0.12648374 0.52407817 0.4579087  1.         0.04979421] that was outside action space Box(0.0, 1.0, (5,), float32). Environment is clipping to space
[WARNING]: Received an action [0.         0.52186588 1.         0.95820441 0.49178787] that was outside action space Box(0.0, 1.0, (5,), float32). Environment is clipping to space
[WARNING]: Received an action [1.         0.849064   0.29842842 0.         0.11557567] that was outside action space Box(0.0, 1.0, (5,), float32). Environment is clipping to space
[WARNING]: Received an action [0.55850422 0.88121731 0.45178027 0.27782554 0.        ] that was outside action space Box(0.0, 1.0, (5,), float32). Environment is clipping to space
[WARNING]: Received an action [0.48164931 0.29107457 1.         0.39582475 0.54973256] that was outside action space Box(0.0, 1.0, (5,), float32). Environment is clipping to space
[WARNING]: Received an action [0.76503319 0.52839621 0.         1.         0.28576245] that was outside action space Box(0.0, 1.0, (5,), float32). Environment is clipping to space
[WARNING]: Received an action [0.70308357 1.         0.85485104 0.91145732 0.54031147] that was outside action space Box(0.0, 1.0, (5,), float32). Environment is clipping to space
[WARNING]: Received an action [1.         0.         0.39618394 0.74512004 0.41826513] that was outside action space Box(0.0, 1.0, (5,), float32). Environment is clipping to space
[WARNING]: Received an action [1.         0.11347048 1.         1.         0.        ] that was outside action space Box(0.0, 1.0, (5,), float32). Environment is clipping to space
[WARNING]: Received an action [0.74394028 0.13885517 0.43816652 0.7171213  0.        ] that was outside action space Box(0.0, 1.0, (5,), float32). Environment is clipping to space
[WARNING]: Received an action [0.54751046 0.36845317 0.97572279 1.         0.        ] that was outside action space Box(0.0, 1.0, (5,), float32). Environment is clipping to space
[WARNING]: Received an action [0.78757547 0.25011964 0.3571336  0.13388689 1.        ] that was outside action space Box(0.0, 1.0, (5,), float32). Environment is clipping to space
[WARNING]: Received an action [0.35175776 0.         0.29036741 0.45851276 0.        ] that was outside action space Box(0.0, 1.0, (5,), float32). Environment is clipping to space
[WARNING]: Received an action [1.         0.61624809 0.43744574 0.65649816 0.1967567 ] that was outside action space Box(0.0, 1.0, (5,), float32). Environment is clipping to space
[WARNING]: Received an action [0.59458476 0.74858528 0.         0.76715001 0.17557276] that was outside action space Box(0.0, 1.0, (5,), float32). Environment is clipping to space
[WARNING]: Received an action [0.65110647 0.41750475 0.51129628 0.88444655 1.        ] that was outside action space Box(0.0, 1.0, (5,), float32). Environment is clipping to space
[WARNING]: Received an action [0.64076091 0.42206403 0.         0.51296526 0.15963599] that was outside action space Box(0.0, 1.0, (5,), float32). Environment is clipping to space
[WARNING]: Received an action [1.         0.76320063 1.         0.32303967 0.20946635] that was outside action space Box(0.0, 1.0, (5,), float32). Environment is clipping to space
[WARNING]: Received an action [1.         0.02759151 1.         0.77161713 0.15513586] that was outside action space Box(0.0, 1.0, (5,), float32). Environment is clipping to space
[WARNING]: Received an action [0.79172024 0.08225192 0.37934809 0.29906543 0.84703239] that was outside action space Box(0.0, 1.0, (5,), float32). Environment is clipping to space
[WARNING]: Received an action [0.116082   1.         0.32767547 1.         0.60292288] that was outside action space Box(0.0, 1.0, (5,), float32). Environment is clipping to space
[WARNING]: Received an action [0.         1.         0.77251293 1.         0.        ] that was outside action space Box(0.0, 1.0, (5,), float32). Environment is clipping to space
[WARNING]: Received an action [0.         1.         0.42635622 0.61639041 0.14548566] that was outside action space Box(0.0, 1.0, (5,), float32). Environment is clipping to space
[WARNING]: Received an action [0.17099419 0.54622659 0.60513591 0.19853737 0.05269812] that was outside action space Box(0.0, 1.0, (5,), float32). Environment is clipping to space
[WARNING]: Received an action [0.50977668 0.84288577 0.42356383 0.2899594  0.76508152] that was outside action space Box(0.0, 1.0, (5,), float32). Environment is clipping to space
[WARNING]: Received an action [0.59845934 0.         0.         0.6820518  0.92004736] that was outside action space Box(0.0, 1.0, (5,), float32). Environment is clipping to space
[WARNING]: Received an action [0.60978057 0.88125065 0.68381616 0.06846852 0.75582201] that was outside action space Box(0.0, 1.0, (5,), float32). Environment is clipping to space
[WARNING]: Received an action [0.99651608 0.5949587  1.         0.         1.        ] that was outside action space Box(0.0, 1.0, (5,), float32). Environment is clipping to space
[WARNING]: Received an action [0.2574334  1.         0.85406932 0.14691123 0.89819597] that was outside action space Box(0.0, 1.0, (5,), float32). Environment is clipping to space
[WARNING]: Received an action [0.45072105 0.16673375 0.10875045 0.73277183 0.88364838] that was outside action space Box(0.0, 1.0, (5,), float32). Environment is clipping to space
[WARNING]: Received an action [0.57746832 0.39893858 0.14040166 0.45084745 0.        ] that was outside action space Box(0.0, 1.0, (5,), float32). Environment is clipping to space
[WARNING]: Received an action [0.75100371 0.84365408 1.         1.         0.81825907] that was outside action space Box(0.0, 1.0, (5,), float32). Environment is clipping to space
[WARNING]: Received an action [0.         1.         0.39320697 0.55413197 0.12198757] that was outside action space Box(0.0, 1.0, (5,), float32). Environment is clipping to space
[WARNING]: Received an action [0.         0.51021227 0.71470273 0.98580995 0.68679384] that was outside action space Box(0.0, 1.0, (5,), float32). Environment is clipping to space
[WARNING]: Received an action [0.58022476 1.         0.74546934 0.4128107  0.        ] that was outside action space Box(0.0, 1.0, (5,), float32). Environment is clipping to space
[WARNING]: Received an action [0.81600612 0.34511542 0.26051899 0.80100237 1.        ] that was outside action space Box(0.0, 1.0, (5,), float32). Environment is clipping to space
[WARNING]: Received an action [0.19576576 0.         0.84188601 0.36877566 0.16874613] that was outside action space Box(0.0, 1.0, (5,), float32). Environment is clipping to space
[WARNING]: Received an action [1.         0.66683716 0.14886316 0.08444272 0.38011677] that was outside action space Box(0.0, 1.0, (5,), float32). Environment is clipping to space
[WARNING]: Received an action [0.35876101 0.5058545  0.15979201 0.50593839 1.        ] that was outside action space Box(0.0, 1.0, (5,), float32). Environment is clipping to space
[WARNING]: Received an action [0.66968694 0.54591302 0.73933703 0.         1.        ] that was outside action space Box(0.0, 1.0, (5,), float32). Environment is clipping to space
[WARNING]: Received an action [1.         0.55481844 0.9965549  0.48560356 0.23795436] that was outside action space Box(0.0, 1.0, (5,), float32). Environment is clipping to space
[WARNING]: Received an action [0.86133739 0.75387521 1.         0.39144448 0.38077979] that was outside action space Box(0.0, 1.0, (5,), float32). Environment is clipping to space
[WARNING]: Received an action [0.17395321 0.62625489 0.93762997 0.00829101 0.71830277] that was outside action space Box(0.0, 1.0, (5,), float32). Environment is clipping to space
[WARNING]: Received an action [0.54051458 0.74377415 1.         0.25740001 0.11120356] that was outside action space Box(0.0, 1.0, (5,), float32). Environment is clipping to space
[WARNING]: Received an action [0.66826184 0.11567901 0.         0.         1.        ] that was outside action space Box(0.0, 1.0, (5,), float32). Environment is clipping to space
[WARNING]: Received an action [0.         0.82556085 0.64305535 1.         0.74272626] that was outside action space Box(0.0, 1.0, (5,), float32). Environment is clipping to space
[WARNING]: Received an action [0.96436484 0.398147   0.50912353 0.64136504 1.        ] that was outside action space Box(0.0, 1.0, (5,), float32). Environment is clipping to space
[WARNING]: Received an action [0.27411411 0.21765723 0.04826503 0.         0.32925676] that was outside action space Box(0.0, 1.0, (5,), float32). Environment is clipping to space
[WARNING]: Received an action [0.         0.6113814  0.01599698 0.41415977 0.16526107] that was outside action space Box(0.0, 1.0, (5,), float32). Environment is clipping to space
[WARNING]: Received an action [1.         1.         0.73992907 0.50858257 0.81301735] that was outside action space Box(0.0, 1.0, (5,), float32). Environment is clipping to space
[WARNING]: Received an action [1.         0.         1.         0.03007022 0.93771474] that was outside action space Box(0.0, 1.0, (5,), float32). Environment is clipping to space
[WARNING]: Received an action [0.14348117 0.70136111 0.79372313 0.76401123 0.27676508] that was outside action space Box(0.0, 1.0, (5,), float32). Environment is clipping to space
[WARNING]: Received an action [0.34033489 0.06857658 0.90988134 1.         0.87232778] that was outside action space Box(0.0, 1.0, (5,), float32). Environment is clipping to space
[WARNING]: Received an action [0.         0.02686021 0.54437112 1.         0.51259857] that was outside action space Box(0.0, 1.0, (5,), float32). Environment is clipping to space
[WARNING]: Received an action [0.25766338 0.80296485 0.58596406 0.783127   0.90048142] that was outside action space Box(0.0, 1.0, (5,), float32). Environment is clipping to space
[WARNING]: Received an action [0.59244653 0.89459102 0.3980853  0.67406203 0.35626736] that was outside action space Box(0.0, 1.0, (5,), float32). Environment is clipping to space
[WARNING]: Received an action [0.36957897 0.10686491 0.25923988 0.16774173 1.        ] that was outside action space Box(0.0, 1.0, (5,), float32). Environment is clipping to space
[WARNING]: Received an action [0.33635051 0.0098232  0.82243907 1.         0.18179882] that was outside action space Box(0.0, 1.0, (5,), float32). Environment is clipping to space
[WARNING]: Received an action [0.8363907  0.73454193 0.         0.         0.        ] that was outside action space Box(0.0, 1.0, (5,), float32). Environment is clipping to space
[WARNING]: Received an action [0.64061315 0.88253888 0.71157068 0.73549845 0.69678328] that was outside action space Box(0.0, 1.0, (5,), float32). Environment is clipping to space
[WARNING]: Received an action [0.44369401 0.05424524 0.97034777 0.7503412  0.38456508] that was outside action space Box(0.0, 1.0, (5,), float32). Environment is clipping to space
[WARNING]: Received an action [0.06632659 0.97865301 0.28745674 0.58250548 0.59760219] that was outside action space Box(0.0, 1.0, (5,), float32). Environment is clipping to space
[WARNING]: Received an action [0.68500068 0.         0.84328068 1.         1.        ] that was outside action space Box(0.0, 1.0, (5,), float32). Environment is clipping to space
[WARNING]: Received an action [1.         1.         0.4487707  0.58023255 0.63667785] that was outside action space Box(0.0, 1.0, (5,), float32). Environment is clipping to space
[WARNING]: Received an action [0.95913383 0.         0.91971797 1.         0.05799052] that was outside action space Box(0.0, 1.0, (5,), float32). Environment is clipping to space
[WARNING]: Received an action [1.         0.20894861 0.54801422 0.62355357 0.11269286] that was outside action space Box(0.0, 1.0, (5,), float32). Environment is clipping to space
[WARNING]: Received an action [0.06038492 1.         0.1530655  0.48279673 1.        ] that was outside action space Box(0.0, 1.0, (5,), float32). Environment is clipping to space
[WARNING]: Received an action [0.69728719 0.07830833 0.         1.         0.80280178] that was outside action space Box(0.0, 1.0, (5,), float32). Environment is clipping to space
[WARNING]: Received an action [0.         0.         0.43812943 0.5004048  1.        ] that was outside action space Box(0.0, 1.0, (5,), float32). Environment is clipping to space
[WARNING]: Received an action [0.37924857 0.06966714 0.78171922 0.44964639 0.64414751] that was outside action space Box(0.0, 1.0, (5,), float32). Environment is clipping to space
[WARNING]: Received an action [0.73006422 1.         0.67750605 0.56520888 0.40822906] that was outside action space Box(0.0, 1.0, (5,), float32). Environment is clipping to space
[WARNING]: Received an action [1.         1.         0.42368108 0.68449745 0.        ] that was outside action space Box(0.0, 1.0, (5,), float32). Environment is clipping to space
[WARNING]: Received an action [1.         1.         0.12159998 0.93783817 0.7102112 ] that was outside action space Box(0.0, 1.0, (5,), float32). Environment is clipping to space
[WARNING]: Received an action [0.62197426 0.52014321 1.         0.03453707 0.28817729] that was outside action space Box(0.0, 1.0, (5,), float32). Environment is clipping to space
[WARNING]: Received an action [0.44538587 0.         0.51108232 0.22296233 0.35402117] that was outside action space Box(0.0, 1.0, (5,), float32). Environment is clipping to space
[WARNING]: Received an action [0.11009447 0.17470959 0.39657273 0.68258543 0.40793552] that was outside action space Box(0.0, 1.0, (5,), float32). Environment is clipping to space
[WARNING]: Received an action [0.21908098 1.         0.97395523 0.67220413 1.        ] that was outside action space Box(0.0, 1.0, (5,), float32). Environment is clipping to space
[WARNING]: Received an action [0.04660711 0.         0.         0.21181127 0.62729415] that was outside action space Box(0.0, 1.0, (5,), float32). Environment is clipping to space
[WARNING]: Received an action [0.8567116  0.286966   0.62979579 0.6303177  0.35319546] that was outside action space Box(0.0, 1.0, (5,), float32). Environment is clipping to space
[WARNING]: Received an action [0.80416716 1.         0.         0.56003374 0.        ] that was outside action space Box(0.0, 1.0, (5,), float32). Environment is clipping to space
[WARNING]: Received an action [0.86867405 0.91141861 0.         0.66659863 0.06723571] that was outside action space Box(0.0, 1.0, (5,), float32). Environment is clipping to space
[WARNING]: Received an action [0.62998169 0.13910052 0.96628113 0.59560033 0.77359884] that was outside action space Box(0.0, 1.0, (5,), float32). Environment is clipping to space
[WARNING]: Received an action [0.64315769 0.84623675 0.82023224 0.64919009 0.0078904 ] that was outside action space Box(0.0, 1.0, (5,), float32). Environment is clipping to space
[WARNING]: Received an action [0.22033497 0.28307685 0.52398798 0.54847493 0.        ] that was outside action space Box(0.0, 1.0, (5,), float32). Environment is clipping to space
[WARNING]: Received an action [1.         0.52380007 0.11630663 1.         0.0115841 ] that was outside action space Box(0.0, 1.0, (5,), float32). Environment is clipping to space
[WARNING]: Received an action [0.78545514 0.55997864 0.61909313 0.85187176 1.        ] that was outside action space Box(0.0, 1.0, (5,), float32). Environment is clipping to space
[WARNING]: Received an action [0.04092709 0.         0.87658074 0.32083187 0.40903135] that was outside action space Box(0.0, 1.0, (5,), float32). Environment is clipping to space
[WARNING]: Received an action [0.62802826 0.18949285 0.17863257 0.52247988 0.05343145] that was outside action space Box(0.0, 1.0, (5,), float32). Environment is clipping to space
[WARNING]: Received an action [0.08389615 0.6031351  0.69457684 0.89132496 0.9626426 ] that was outside action space Box(0.0, 1.0, (5,), float32). Environment is clipping to space
[WARNING]: Received an action [0.90096504 0.10609937 0.17944323 1.         0.5029906 ] that was outside action space Box(0.0, 1.0, (5,), float32). Environment is clipping to space
[WARNING]: Received an action [0.88046445 0.04590393 0.48724008 0.50715881 0.36237279] that was outside action space Box(0.0, 1.0, (5,), float32). Environment is clipping to space
[WARNING]: Received an action [1.         0.05767489 0.85168846 0.14408003 0.51551405] that was outside action space Box(0.0, 1.0, (5,), float32). Environment is clipping to space
[WARNING]: Received an action [0.55238558 0.84348978 0.83037116 0.52945563 0.68606173] that was outside action space Box(0.0, 1.0, (5,), float32). Environment is clipping to space
[WARNING]: Received an action [1.         0.         0.         0.22256576 1.        ] that was outside action space Box(0.0, 1.0, (5,), float32). Environment is clipping to space
[WARNING]: Received an action [0.47681803 0.         0.59286396 0.5343053  0.7981836 ] that was outside action space Box(0.0, 1.0, (5,), float32). Environment is clipping to space
[WARNING]: Received an action [0.78676925 0.77774767 0.18868993 0.02082048 1.        ] that was outside action space Box(0.0, 1.0, (5,), float32). Environment is clipping to space
[WARNING]: Received an action [0.80840796 0.4025155  0.78012321 0.10760621 0.51693938] that was outside action space Box(0.0, 1.0, (5,), float32). Environment is clipping to space
[WARNING]: Received an action [0.78547076 0.40535857 0.73278928 0.2463331  0.81556607] that was outside action space Box(0.0, 1.0, (5,), float32). Environment is clipping to space
[WARNING]: Received an action [1.         0.59888194 0.         0.33157623 0.1934784 ] that was outside action space Box(0.0, 1.0, (5,), float32). Environment is clipping to space
[WARNING]: Received an action [0.67421938 0.70987622 0.61851741 0.09170695 0.37275102] that was outside action space Box(0.0, 1.0, (5,), float32). Environment is clipping to space
[WARNING]: Received an action [0.65098527 0.60259684 0.         0.         1.        ] that was outside action space Box(0.0, 1.0, (5,), float32). Environment is clipping to space
[WARNING]: Received an action [0.42813201 0.55408621 0.55188509 0.90452281 0.58448499] that was outside action space Box(0.0, 1.0, (5,), float32). Environment is clipping to space
[WARNING]: Received an action [0.         0.0910487  0.59998985 0.12517656 0.        ] that was outside action space Box(0.0, 1.0, (5,), float32). Environment is clipping to space
[WARNING]: Received an action [1.         0.         0.48851851 0.46391436 0.26382903] that was outside action space Box(0.0, 1.0, (5,), float32). Environment is clipping to space
[WARNING]: Received an action [0.8245653  0.73003937 0.26734706 0.8209279  0.        ] that was outside action space Box(0.0, 1.0, (5,), float32). Environment is clipping to space
[WARNING]: Received an action [0.25771942 0.2614891  0.2957391  0.31038202 1.        ] that was outside action space Box(0.0, 1.0, (5,), float32). Environment is clipping to space
[WARNING]: Received an action [0.61350636 1.         0.08604088 0.27729085 0.06100531] that was outside action space Box(0.0, 1.0, (5,), float32). Environment is clipping to space
[WARNING]: Received an action [0.12796703 0.88110664 0.77267746 0.72281261 0.        ] that was outside action space Box(0.0, 1.0, (5,), float32). Environment is clipping to space
[WARNING]: Received an action [0.5460192  0.50196077 1.         0.48712284 0.28300435] that was outside action space Box(0.0, 1.0, (5,), float32). Environment is clipping to space
[WARNING]: Received an action [0.69814884 0.20968067 0.4199809  0.         0.        ] that was outside action space Box(0.0, 1.0, (5,), float32). Environment is clipping to space
[WARNING]: Received an action [0.48283229 1.         0.08558761 0.60331715 0.62612989] that was outside action space Box(0.0, 1.0, (5,), float32). Environment is clipping to space
[WARNING]: Received an action [0.52693853 0.         0.27741284 0.69977114 1.        ] that was outside action space Box(0.0, 1.0, (5,), float32). Environment is clipping to space
[WARNING]: Received an action [0.         1.         0.00962979 0.75063512 0.        ] that was outside action space Box(0.0, 1.0, (5,), float32). Environment is clipping to space
[WARNING]: Received an action [0.88420381 0.82883574 0.58192658 0.47057209 0.37912969] that was outside action space Box(0.0, 1.0, (5,), float32). Environment is clipping to space
[WARNING]: Received an action [0.21225609 0.18325073 0.43366293 0.78318682 0.        ] that was outside action space Box(0.0, 1.0, (5,), float32). Environment is clipping to space
[WARNING]: Received an action [0.11018344 0.42957523 0.45361563 0.69071766 0.87949306] that was outside action space Box(0.0, 1.0, (5,), float32). Environment is clipping to space
[WARNING]: Received an action [0.36910905 0.88006365 0.44492401 0.         0.29765199] that was outside action space Box(0.0, 1.0, (5,), float32). Environment is clipping to space
[WARNING]: Received an action [0.19819387 0.54669038 0.31827125 0.90912956 0.14594072] that was outside action space Box(0.0, 1.0, (5,), float32). Environment is clipping to space
[WARNING]: Received an action [0.54208924 0.         0.8450504  0.02615754 0.43736966] that was outside action space Box(0.0, 1.0, (5,), float32). Environment is clipping to space
[WARNING]: Received an action [0.98994609 0.06026824 0.88640506 0.69676113 0.54163168] that was outside action space Box(0.0, 1.0, (5,), float32). Environment is clipping to space
[WARNING]: Received an action [0.22075731 0.67598068 1.         0.58233209 0.15960253] that was outside action space Box(0.0, 1.0, (5,), float32). Environment is clipping to space
[WARNING]: Received an action [0.         0.16060099 0.85584627 1.         0.50607771] that was outside action space Box(0.0, 1.0, (5,), float32). Environment is clipping to space
[WARNING]: Received an action [0.10906168 0.65698462 0.90888431 0.97762663 1.        ] that was outside action space Box(0.0, 1.0, (5,), float32). Environment is clipping to space
[WARNING]: Received an action [0.61502782 0.00182235 0.03591544 0.0545654  0.25696368] that was outside action space Box(0.0, 1.0, (5,), float32). Environment is clipping to space
[WARNING]: Received an action [0.68477752 0.5597912  0.6887326  0.73454549 0.8285221 ] that was outside action space Box(0.0, 1.0, (5,), float32). Environment is clipping to space
[WARNING]: Received an action [0.53616362 0.         0.22908676 0.         0.87966061] that was outside action space Box(0.0, 1.0, (5,), float32). Environment is clipping to space
[WARNING]: Received an action [0.35960505 0.99894687 1.         0.24582989 0.74598066] that was outside action space Box(0.0, 1.0, (5,), float32). Environment is clipping to space
[WARNING]: Received an action [0.15656857 1.         0.92627867 0.88269079 1.        ] that was outside action space Box(0.0, 1.0, (5,), float32). Environment is clipping to space
[WARNING]: Received an action [0.22383776 0.86272381 0.53474    1.         0.70294381] that was outside action space Box(0.0, 1.0, (5,), float32). Environment is clipping to space
[WARNING]: Received an action [0.12332091 0.66787925 0.         0.93980929 0.33236745] that was outside action space Box(0.0, 1.0, (5,), float32). Environment is clipping to space
[WARNING]: Received an action [0.25512678 1.         1.         0.22184741 0.37708558] that was outside action space Box(0.0, 1.0, (5,), float32). Environment is clipping to space
[WARNING]: Received an action [0.35758346 0.         0.2036393  0.12509636 0.25620813] that was outside action space Box(0.0, 1.0, (5,), float32). Environment is clipping to space
[WARNING]: Received an action [0.67419312 0.         0.05300497 0.55792064 0.        ] that was outside action space Box(0.0, 1.0, (5,), float32). Environment is clipping to space
[WARNING]: Received an action [0.3387256  0.98220928 0.27276275 0.01823279 0.51758873] that was outside action space Box(0.0, 1.0, (5,), float32). Environment is clipping to space
[WARNING]: Received an action [0.19272498 0.         0.07868294 0.75210976 0.95363222] that was outside action space Box(0.0, 1.0, (5,), float32). Environment is clipping to space
[WARNING]: Received an action [0.         0.33142108 0.44915858 0.40373891 0.47338777] that was outside action space Box(0.0, 1.0, (5,), float32). Environment is clipping to space
[WARNING]: Received an action [0.55787173 0.         0.92575324 0.12610216 0.65113777] that was outside action space Box(0.0, 1.0, (5,), float32). Environment is clipping to space
[WARNING]: Received an action [1.         0.74271206 0.73823033 0.65777543 0.54853472] that was outside action space Box(0.0, 1.0, (5,), float32). Environment is clipping to space
[WARNING]: Received an action [0.8998005  0.1490257  0.         0.11157981 0.17804023] that was outside action space Box(0.0, 1.0, (5,), float32). Environment is clipping to space
[WARNING]: Received an action [0.         0.24763673 0.88821235 0.         0.94628661] that was outside action space Box(0.0, 1.0, (5,), float32). Environment is clipping to space
[WARNING]: Received an action [0.49928224 0.083978   0.51685306 0.49854166 0.54773324] that was outside action space Box(0.0, 1.0, (5,), float32). Environment is clipping to space
[WARNING]: Received an action [0.         0.57209963 0.56921148 0.77056565 0.        ] that was outside action space Box(0.0, 1.0, (5,), float32). Environment is clipping to space
[WARNING]: Received an action [0.         0.         0.         0.87375822 0.45153424] that was outside action space Box(0.0, 1.0, (5,), float32). Environment is clipping to space
[WARNING]: Received an action [1.         0.74365936 0.24648917 0.         0.76638632] that was outside action space Box(0.0, 1.0, (5,), float32). Environment is clipping to space
[WARNING]: Received an action [0.76574234 0.60621728 0.77023106 1.         0.915765  ] that was outside action space Box(0.0, 1.0, (5,), float32). Environment is clipping to space
[WARNING]: Received an action [0.19676729 0.9589101  0.16114498 0.23642741 0.45304079] that was outside action space Box(0.0, 1.0, (5,), float32). Environment is clipping to space
[WARNING]: Received an action [1.         0.66053274 0.27500081 1.         0.86384962] that was outside action space Box(0.0, 1.0, (5,), float32). Environment is clipping to space
[WARNING]: Received an action [0.37907355 0.83921995 0.64036469 0.52001384 0.14123734] that was outside action space Box(0.0, 1.0, (5,), float32). Environment is clipping to space
[WARNING]: Received an action [0.74238064 0.75698065 1.         0.02687941 0.59199342] that was outside action space Box(0.0, 1.0, (5,), float32). Environment is clipping to space
[WARNING]: Received an action [0.88929064 0.85127726 0.         0.55660196 0.92777289] that was outside action space Box(0.0, 1.0, (5,), float32). Environment is clipping to space
[WARNING]: Received an action [0.55359713 1.         0.17206213 0.1223484  0.77644055] that was outside action space Box(0.0, 1.0, (5,), float32). Environment is clipping to space
[WARNING]: Received an action [0.79022419 0.4991673  0.75478274 0.36437442 0.66487741] that was outside action space Box(0.0, 1.0, (5,), float32). Environment is clipping to space
[WARNING]: Received an action [0.         1.         0.02611259 0.75027991 0.37465625] that was outside action space Box(0.0, 1.0, (5,), float32). Environment is clipping to space
[WARNING]: Received an action [0.46431848 1.         1.         0.2626311  0.34269282] that was outside action space Box(0.0, 1.0, (5,), float32). Environment is clipping to space
[WARNING]: Received an action [1.         0.15903583 0.         0.18602454 0.26831878] that was outside action space Box(0.0, 1.0, (5,), float32). Environment is clipping to space
[WARNING]: Received an action [1.         0.         0.88927891 0.3912362  1.        ] that was outside action space Box(0.0, 1.0, (5,), float32). Environment is clipping to space
[WARNING]: Received an action [1.         0.99016629 0.67826359 0.26202401 0.        ] that was outside action space Box(0.0, 1.0, (5,), float32). Environment is clipping to space
[WARNING]: Received an action [0.90164213 0.64872336 0.84689302 1.         0.27178219] that was outside action space Box(0.0, 1.0, (5,), float32). Environment is clipping to space
[WARNING]: Received an action [0.61720633 0.31572266 0.51065226 0.7088853  0.1032926 ] that was outside action space Box(0.0, 1.0, (5,), float32). Environment is clipping to space
[WARNING]: Received an action [0.44534036 0.16954727 0.52987062 1.         0.11527009] that was outside action space Box(0.0, 1.0, (5,), float32). Environment is clipping to space
[WARNING]: Received an action [0.75975348 1.         0.59374042 0.         0.68699504] that was outside action space Box(0.0, 1.0, (5,), float32). Environment is clipping to space
[WARNING]: Received an action [0.38977077 0.         0.47101527 0.62975322 0.60697005] that was outside action space Box(0.0, 1.0, (5,), float32). Environment is clipping to space
[WARNING]: Received an action [0.52459597 0.16559502 0.91969985 0.32906256 0.70606484] that was outside action space Box(0.0, 1.0, (5,), float32). Environment is clipping to space
[WARNING]: Received an action [0.61825062 0.12569503 1.         1.         0.68270486] that was outside action space Box(0.0, 1.0, (5,), float32). Environment is clipping to space
[WARNING]: Received an action [1.         1.         0.58589982 0.64056613 0.6145478 ] that was outside action space Box(0.0, 1.0, (5,), float32). Environment is clipping to space
[WARNING]: Received an action [0.4434285  0.39638436 1.         0.05041551 0.41808106] that was outside action space Box(0.0, 1.0, (5,), float32). Environment is clipping to space
[WARNING]: Received an action [0.45886233 0.00373356 0.14823947 0.89662545 0.71717609] that was outside action space Box(0.0, 1.0, (5,), float32). Environment is clipping to space
[WARNING]: Received an action [0.1855465  0.3975586  0.78661787 1.         0.12856838] that was outside action space Box(0.0, 1.0, (5,), float32). Environment is clipping to space
[WARNING]: Received an action [0.         0.88713954 0.27085017 0.85417133 0.0460901 ] that was outside action space Box(0.0, 1.0, (5,), float32). Environment is clipping to space
[WARNING]: Received an action [0.02737353 0.17141936 1.         1.         0.75254544] that was outside action space Box(0.0, 1.0, (5,), float32). Environment is clipping to space
[WARNING]: Received an action [0.22096593 0.70354806 0.9074053  0.37149505 0.50618552] that was outside action space Box(0.0, 1.0, (5,), float32). Environment is clipping to space
[WARNING]: Received an action [0.82961125 0.73825699 0.50588069 0.98265312 0.39897732] that was outside action space Box(0.0, 1.0, (5,), float32). Environment is clipping to space
[WARNING]: Received an action [0.51009316 1.         0.58473912 0.68062022 0.64324192] that was outside action space Box(0.0, 1.0, (5,), float32). Environment is clipping to space
[WARNING]: Received an action [1.         0.02137661 0.79770348 0.7433744  0.        ] that was outside action space Box(0.0, 1.0, (5,), float32). Environment is clipping to space
[WARNING]: Received an action [0.26986215 0.41446352 0.36533442 0.37958742 0.33503435] that was outside action space Box(0.0, 1.0, (5,), float32). Environment is clipping to space
[WARNING]: Received an action [1.         0.48081786 0.42779212 0.33774845 0.10552701] that was outside action space Box(0.0, 1.0, (5,), float32). Environment is clipping to space
[WARNING]: Received an action [0.84083756 0.75931566 0.16030294 0.36207655 0.02853381] that was outside action space Box(0.0, 1.0, (5,), float32). Environment is clipping to space
[WARNING]: Received an action [0.07093443 0.04399572 0.73454188 0.05206124 0.4939346 ] that was outside action space Box(0.0, 1.0, (5,), float32). Environment is clipping to space
[WARNING]: Received an action [0.145249   0.         0.74491325 0.86610201 1.        ] that was outside action space Box(0.0, 1.0, (5,), float32). Environment is clipping to space
[WARNING]: Received an action [0.37524255 0.33768396 0.53813271 0.5371855  1.        ] that was outside action space Box(0.0, 1.0, (5,), float32). Environment is clipping to space
[WARNING]: Received an action [0.68418744 0.         0.77172701 0.8529111  0.47263144] that was outside action space Box(0.0, 1.0, (5,), float32). Environment is clipping to space
[WARNING]: Received an action [0.56588115 1.         1.         0.15343864 1.        ] that was outside action space Box(0.0, 1.0, (5,), float32). Environment is clipping to space
[WARNING]: Received an action [0.52509624 0.46908405 0.72630096 0.40439685 0.30585927] that was outside action space Box(0.0, 1.0, (5,), float32). Environment is clipping to space
[WARNING]: Received an action [0.58661859 0.44367916 0.97149163 0.53839784 0.91646693] that was outside action space Box(0.0, 1.0, (5,), float32). Environment is clipping to space
[WARNING]: Received an action [0.63701012 0.         0.50624738 0.         0.56641654] that was outside action space Box(0.0, 1.0, (5,), float32). Environment is clipping to space
[WARNING]: Received an action [0.73474078 0.74408276 0.54068009 0.87903989 0.45657262] that was outside action space Box(0.0, 1.0, (5,), float32). Environment is clipping to space
[WARNING]: Received an action [0.72730438 0.23820465 0.4833225  0.54957724 0.34122254] that was outside action space Box(0.0, 1.0, (5,), float32). Environment is clipping to space
[WARNING]: Received an action [0.73052306 0.32731065 0.45642042 0.8749889  0.24170886] that was outside action space Box(0.0, 1.0, (5,), float32). Environment is clipping to space
[WARNING]: Received an action [0.1856941  0.54531599 1.         1.         0.32588572] that was outside action space Box(0.0, 1.0, (5,), float32). Environment is clipping to space
[WARNING]: Received an action [0.29872378 0.12338157 0.79237317 0.56489659 0.44023181] that was outside action space Box(0.0, 1.0, (5,), float32). Environment is clipping to space
[WARNING]: Received an action [0.         0.36118533 0.59127594 1.         0.98128595] that was outside action space Box(0.0, 1.0, (5,), float32). Environment is clipping to space
[WARNING]: Received an action [0.76075391 0.45892976 0.82274122 0.83822344 0.58015589] that was outside action space Box(0.0, 1.0, (5,), float32). Environment is clipping to space
[WARNING]: Received an action [1.         0.75154632 0.74852949 0.3436158  0.51302555] that was outside action space Box(0.0, 1.0, (5,), float32). Environment is clipping to space
[WARNING]: Received an action [0.42835374 0.17879086 0.54956231 0.20484702 0.88794705] that was outside action space Box(0.0, 1.0, (5,), float32). Environment is clipping to space
[WARNING]: Received an action [0.48884243 0.44175746 0.         0.30943496 0.58961424] that was outside action space Box(0.0, 1.0, (5,), float32). Environment is clipping to space
[WARNING]: Received an action [0.23258049 0.2143738  0.72804552 0.54498275 0.37206084] that was outside action space Box(0.0, 1.0, (5,), float32). Environment is clipping to space
[WARNING]: Received an action [0.         0.70572049 0.88689331 0.70951174 0.        ] that was outside action space Box(0.0, 1.0, (5,), float32). Environment is clipping to space
[WARNING]: Received an action [0.49006754 0.56388705 0.67147066 0.66822741 0.39716129] that was outside action space Box(0.0, 1.0, (5,), float32). Environment is clipping to space
[WARNING]: Received an action [0.61861457 0.37872184 0.37930178 0.31334719 0.74946542] that was outside action space Box(0.0, 1.0, (5,), float32). Environment is clipping to space
[WARNING]: Received an action [0.18231194 0.25494678 0.78051147 0.78544994 0.428112  ] that was outside action space Box(0.0, 1.0, (5,), float32). Environment is clipping to space
[WARNING]: Received an action [0.29364651 0.83500456 0.56555002 1.         0.93250751] that was outside action space Box(0.0, 1.0, (5,), float32). Environment is clipping to space
[WARNING]: Received an action [0.         0.         0.04072665 0.88983223 1.        ] that was outside action space Box(0.0, 1.0, (5,), float32). Environment is clipping to space
[WARNING]: Received an action [0.         0.49463446 0.18542494 0.85614321 0.32567867] that was outside action space Box(0.0, 1.0, (5,), float32). Environment is clipping to space
[WARNING]: Received an action [1.         0.44423561 0.68424888 0.40027256 0.        ] that was outside action space Box(0.0, 1.0, (5,), float32). Environment is clipping to space
[WARNING]: Received an action [0.69329349 0.17159423 0.81362244 0.         0.82977642] that was outside action space Box(0.0, 1.0, (5,), float32). Environment is clipping to space
[WARNING]: Received an action [0.31369282 0.30760724 0.33377682 0.         0.67051433] that was outside action space Box(0.0, 1.0, (5,), float32). Environment is clipping to space
[WARNING]: Received an action [0.98038534 0.73007939 0.77328654 0.21510619 0.51401275] that was outside action space Box(0.0, 1.0, (5,), float32). Environment is clipping to space
[WARNING]: Received an action [0.49665675 0.52693867 1.         0.45573327 0.25105596] that was outside action space Box(0.0, 1.0, (5,), float32). Environment is clipping to space
[WARNING]: Received an action [0.91637059 0.86424184 0.69389288 0.55053741 0.56059805] that was outside action space Box(0.0, 1.0, (5,), float32). Environment is clipping to space
[WARNING]: Received an action [0.62797412 0.35534883 0.12445813 0.70569952 0.51261391] that was outside action space Box(0.0, 1.0, (5,), float32). Environment is clipping to space
[WARNING]: Received an action [0.77097569 0.34700261 0.27130321 0.         0.7135287 ] that was outside action space Box(0.0, 1.0, (5,), float32). Environment is clipping to space
[WARNING]: Received an action [0.4364213  0.75971413 0.2941719  0.50811479 0.16645302] that was outside action space Box(0.0, 1.0, (5,), float32). Environment is clipping to space
[WARNING]: Received an action [0.72864562 0.69744933 0.91695541 0.35686066 0.70886356] that was outside action space Box(0.0, 1.0, (5,), float32). Environment is clipping to space
[WARNING]: Received an action [0.43808212 0.59369794 0.07987938 1.         0.12049039] that was outside action space Box(0.0, 1.0, (5,), float32). Environment is clipping to space
[WARNING]: Received an action [0.83174972 0.42351276 0.36330711 0.93440784 0.60153822] that was outside action space Box(0.0, 1.0, (5,), float32). Environment is clipping to space
[WARNING]: Received an action [0.24408943 1.         1.         1.         0.56878575] that was outside action space Box(0.0, 1.0, (5,), float32). Environment is clipping to space
[WARNING]: Received an action [0.64789726 1.         0.         1.         0.96952696] that was outside action space Box(0.0, 1.0, (5,), float32). Environment is clipping to space
[WARNING]: Received an action [0.65188011 0.24318845 0.77158419 0.88334875 0.71869687] that was outside action space Box(0.0, 1.0, (5,), float32). Environment is clipping to space
[WARNING]: Received an action [0.81321937 0.61801057 0.47551735 0.08699034 0.52862418] that was outside action space Box(0.0, 1.0, (5,), float32). Environment is clipping to space
[WARNING]: Received an action [0.00923501 0.61118637 0.51288337 0.62421993 0.1448004 ] that was outside action space Box(0.0, 1.0, (5,), float32). Environment is clipping to space
[WARNING]: Received an action [0.65783006 0.86185342 0.1463765  0.44406099 0.52094925] that was outside action space Box(0.0, 1.0, (5,), float32). Environment is clipping to space
[WARNING]: Received an action [0.57277253 0.36840037 0.25641866 0.63253717 0.32521373] that was outside action space Box(0.0, 1.0, (5,), float32). Environment is clipping to space
[WARNING]: Received an action [0.78029518 0.59718895 0.37965115 0.72208421 0.42333758] that was outside action space Box(0.0, 1.0, (5,), float32). Environment is clipping to space
[WARNING]: Received an action [0.61390907 0.2750957  0.25222229 0.59257457 0.07396416] that was outside action space Box(0.0, 1.0, (5,), float32). Environment is clipping to space
[WARNING]: Received an action [1.         0.94127323 1.         0.21873541 1.        ] that was outside action space Box(0.0, 1.0, (5,), float32). Environment is clipping to space
[WARNING]: Received an action [0.55937107 0.12607238 0.22698075 0.46260322 0.54840795] that was outside action space Box(0.0, 1.0, (5,), float32). Environment is clipping to space
[WARNING]: Received an action [0.         0.84557838 0.81198244 0.68220971 0.6633052 ] that was outside action space Box(0.0, 1.0, (5,), float32). Environment is clipping to space
[WARNING]: Received an action [0.73044964 1.         0.26444394 0.33790137 0.64456625] that was outside action space Box(0.0, 1.0, (5,), float32). Environment is clipping to space
[WARNING]: Received an action [0.47178145 0.56346445 1.         0.55906734 0.09756651] that was outside action space Box(0.0, 1.0, (5,), float32). Environment is clipping to space
[WARNING]: Received an action [0.08222564 0.66796812 0.35198272 0.90320033 1.        ] that was outside action space Box(0.0, 1.0, (5,), float32). Environment is clipping to space
[WARNING]: Received an action [0.53880658 0.23442217 0.34139237 1.         0.51718048] that was outside action space Box(0.0, 1.0, (5,), float32). Environment is clipping to space
[WARNING]: Received an action [0.41295983 0.85920899 0.19632693 0.58676288 0.19780191] that was outside action space Box(0.0, 1.0, (5,), float32). Environment is clipping to space
[WARNING]: Received an action [0.63033965 0.51647766 0.42951084 0.51902535 0.31530807] that was outside action space Box(0.0, 1.0, (5,), float32). Environment is clipping to space
[WARNING]: Received an action [0.9704431  0.93541529 0.35303778 0.41629599 0.        ] that was outside action space Box(0.0, 1.0, (5,), float32). Environment is clipping to space
[WARNING]: Received an action [0.80752284 0.76942508 0.43167161 0.43066617 0.02609032] that was outside action space Box(0.0, 1.0, (5,), float32). Environment is clipping to space
[WARNING]: Received an action [0.48271294 0.77280494 0.80737038 0.15658284 0.01494734] that was outside action space Box(0.0, 1.0, (5,), float32). Environment is clipping to space
[WARNING]: Received an action [0.93813593 0.41630905 0.69159227 0.85998545 0.61148942] that was outside action space Box(0.0, 1.0, (5,), float32). Environment is clipping to space
[WARNING]: Received an action [0.44431067 0.64362726 0.35021396 0.43445814 0.80587281] that was outside action space Box(0.0, 1.0, (5,), float32). Environment is clipping to space
[WARNING]: Received an action [0.52657014 0.67445654 0.10514538 0.8537236  0.94087498] that was outside action space Box(0.0, 1.0, (5,), float32). Environment is clipping to space
[WARNING]: Received an action [0.38836405 0.9619963  0.56584109 0.         0.38660775] that was outside action space Box(0.0, 1.0, (5,), float32). Environment is clipping to space
[WARNING]: Received an action [0.64710556 0.89581262 0.15489734 1.         0.19879666] that was outside action space Box(0.0, 1.0, (5,), float32). Environment is clipping to space
[WARNING]: Received an action [0.86818829 0.65678512 0.29834899 0.38376796 0.68115553] that was outside action space Box(0.0, 1.0, (5,), float32). Environment is clipping to space
[WARNING]: Received an action [0.13719244 0.84872643 0.         1.         0.17708108] that was outside action space Box(0.0, 1.0, (5,), float32). Environment is clipping to space
[WARNING]: Received an action [1.         0.29927516 0.29101595 0.96746686 0.52316424] that was outside action space Box(0.0, 1.0, (5,), float32). Environment is clipping to space
[WARNING]: Received an action [0.47714596 0.19924194 0.49256292 1.         0.57894211] that was outside action space Box(0.0, 1.0, (5,), float32). Environment is clipping to space
[WARNING]: Received an action [0.94777423 0.80543786 0.4730228  0.07571765 0.38491468] that was outside action space Box(0.0, 1.0, (5,), float32). Environment is clipping to space
[WARNING]: Received an action [0.48633563 0.24114798 0.48367145 0.64878001 0.46346397] that was outside action space Box(0.0, 1.0, (5,), float32). Environment is clipping to space
[WARNING]: Received an action [0.443348   0.08839415 1.         0.58400651 0.71236015] that was outside action space Box(0.0, 1.0, (5,), float32). Environment is clipping to space
[WARNING]: Received an action [0.79681283 0.71654849 0.45951542 0.62682672 0.1350516 ] that was outside action space Box(0.0, 1.0, (5,), float32). Environment is clipping to space
[WARNING]: Received an action [1.         0.43348883 0.27597949 0.44761824 0.55145369] that was outside action space Box(0.0, 1.0, (5,), float32). Environment is clipping to space
[WARNING]: Received an action [0.68995368 0.89041519 0.40829071 0.12762393 0.48258977] that was outside action space Box(0.0, 1.0, (5,), float32). Environment is clipping to space
[WARNING]: Received an action [0.19370253 0.52699139 0.96453453 0.80914096 0.29001573] that was outside action space Box(0.0, 1.0, (5,), float32). Environment is clipping to space
[WARNING]: Received an action [0.71181584 0.30091955 0.71096966 0.24953516 0.51044969] that was outside action space Box(0.0, 1.0, (5,), float32). Environment is clipping to space
[WARNING]: Received an action [0.58405133 0.43101311 0.26994654 0.79015915 0.38600995] that was outside action space Box(0.0, 1.0, (5,), float32). Environment is clipping to space
[WARNING]: Received an action [0.31477734 0.25771639 0.27576911 0.43519554 0.4493245 ] that was outside action space Box(0.0, 1.0, (5,), float32). Environment is clipping to space
[WARNING]: Received an action [0.4783289  0.89666866 0.6733626  0.05754659 0.73992092] that was outside action space Box(0.0, 1.0, (5,), float32). Environment is clipping to space
[WARNING]: Received an action [0.46646316 0.09835329 0.89627917 0.79962215 0.45048136] that was outside action space Box(0.0, 1.0, (5,), float32). Environment is clipping to space
[WARNING]: Received an action [0.46004497 0.88469704 1.         0.28026329 0.        ] that was outside action space Box(0.0, 1.0, (5,), float32). Environment is clipping to space
[WARNING]: Received an action [1.         0.62693376 1.         0.15048768 0.45385181] that was outside action space Box(0.0, 1.0, (5,), float32). Environment is clipping to space
[WARNING]: Received an action [0.42578431 0.11255062 0.         0.         0.21835625] that was outside action space Box(0.0, 1.0, (5,), float32). Environment is clipping to space
[WARNING]: Received an action [0.5798313  0.68842594 0.25191412 0.40109215 1.        ] that was outside action space Box(0.0, 1.0, (5,), float32). Environment is clipping to space
[WARNING]: Received an action [0.41337098 0.92223842 0.30650375 0.05124162 0.34077287] that was outside action space Box(0.0, 1.0, (5,), float32). Environment is clipping to space
[WARNING]: Received an action [0.31915208 0.12350495 0.60013587 0.86183862 0.25298751] that was outside action space Box(0.0, 1.0, (5,), float32). Environment is clipping to space
[WARNING]: Received an action [0.43806548 0.         0.29307857 0.86573871 0.41719478] that was outside action space Box(0.0, 1.0, (5,), float32). Environment is clipping to space
[WARNING]: Received an action [0.95338763 0.76346309 0.46219602 0.14577353 0.30186008] that was outside action space Box(0.0, 1.0, (5,), float32). Environment is clipping to space
[WARNING]: Received an action [0.66607442 0.70750394 0.52720332 1.         0.        ] that was outside action space Box(0.0, 1.0, (5,), float32). Environment is clipping to space
[WARNING]: Received an action [0.41346681 1.         0.35526721 0.         0.16659215] that was outside action space Box(0.0, 1.0, (5,), float32). Environment is clipping to space
[WARNING]: Received an action [0.64827459 0.         0.89730205 0.11324117 0.21755185] that was outside action space Box(0.0, 1.0, (5,), float32). Environment is clipping to space
[WARNING]: Received an action [0.         0.33104359 0.18087756 0.36548063 0.35690998] that was outside action space Box(0.0, 1.0, (5,), float32). Environment is clipping to space
[WARNING]: Received an action [0.29238009 0.51308784 0.4623371  0.70658555 0.76837834] that was outside action space Box(0.0, 1.0, (5,), float32). Environment is clipping to space
[WARNING]: Received an action [0.75694408 0.         0.25548625 0.28806331 0.69279879] that was outside action space Box(0.0, 1.0, (5,), float32). Environment is clipping to space
[WARNING]: Received an action [0.52701327 0.41818681 0.11081755 0.61313349 1.        ] that was outside action space Box(0.0, 1.0, (5,), float32). Environment is clipping to space
[WARNING]: Received an action [1.         0.70723031 0.44966684 0.26846036 0.40856771] that was outside action space Box(0.0, 1.0, (5,), float32). Environment is clipping to space
[WARNING]: Received an action [0.24587496 0.42835914 0.47481464 0.68021684 0.44152783] that was outside action space Box(0.0, 1.0, (5,), float32). Environment is clipping to space
[WARNING]: Received an action [0.71885327 0.60674264 0.45411077 0.84167346 0.36371369] that was outside action space Box(0.0, 1.0, (5,), float32). Environment is clipping to space
[WARNING]: Received an action [0.58577562 0.44244084 0.42568146 0.08464386 0.69571642] that was outside action space Box(0.0, 1.0, (5,), float32). Environment is clipping to space
[WARNING]: Received an action [0.67926317 0.81590412 0.15111623 0.91890944 0.56203291] that was outside action space Box(0.0, 1.0, (5,), float32). Environment is clipping to space
[WARNING]: Received an action [0.14681157 0.20502049 0.70083207 0.32856341 0.38039068] that was outside action space Box(0.0, 1.0, (5,), float32). Environment is clipping to space
[WARNING]: Received an action [0.37780956 0.4176205  0.71649648 0.8031136  0.68827689] that was outside action space Box(0.0, 1.0, (5,), float32). Environment is clipping to space
[WARNING]: Received an action [0.09747347 0.54827478 0.99259535 0.15698532 0.42659104] that was outside action space Box(0.0, 1.0, (5,), float32). Environment is clipping to space
[WARNING]: Received an action [0.63340899 0.52708891 0.42469935 0.7344617  0.22962589] that was outside action space Box(0.0, 1.0, (5,), float32). Environment is clipping to space
[WARNING]: Received an action [1.         1.         0.2100199  0.63495769 0.39790034] that was outside action space Box(0.0, 1.0, (5,), float32). Environment is clipping to space
[WARNING]: Received an action [0.8533946  0.18740483 0.62142471 0.29118854 0.89210251] that was outside action space Box(0.0, 1.0, (5,), float32). Environment is clipping to space
[WARNING]: Received an action [0.58862988 0.49967617 0.71124208 0.24839828 0.49064723] that was outside action space Box(0.0, 1.0, (5,), float32). Environment is clipping to space
[WARNING]: Received an action [1.         0.49922765 0.06549993 0.49705992 0.70406594] that was outside action space Box(0.0, 1.0, (5,), float32). Environment is clipping to space
[WARNING]: Received an action [0.59567785 0.70377853 0.74385472 0.39921955 0.86753944] that was outside action space Box(0.0, 1.0, (5,), float32). Environment is clipping to space
[WARNING]: Received an action [0.98176209 0.91840216 0.6195555  0.48508467 0.48462058] that was outside action space Box(0.0, 1.0, (5,), float32). Environment is clipping to space
[WARNING]: Received an action [0.62802053 0.43481266 0.         0.61980442 0.97383772] that was outside action space Box(0.0, 1.0, (5,), float32). Environment is clipping to space
[WARNING]: Received an action [0.         0.88214657 0.32067123 0.46650524 0.98636562] that was outside action space Box(0.0, 1.0, (5,), float32). Environment is clipping to space
[WARNING]: Received an action [0.52613719 0.15354108 0.         0.62420405 0.32514053] that was outside action space Box(0.0, 1.0, (5,), float32). Environment is clipping to space
[WARNING]: Received an action [0.8503871  0.25546222 0.865474   0.90479031 0.61623764] that was outside action space Box(0.0, 1.0, (5,), float32). Environment is clipping to space
[WARNING]: Received an action [0.34664001 0.49361362 0.10015334 0.93955557 0.48208515] that was outside action space Box(0.0, 1.0, (5,), float32). Environment is clipping to space
[WARNING]: Received an action [1.         0.43533413 0.09563493 0.47373715 0.9129168 ] that was outside action space Box(0.0, 1.0, (5,), float32). Environment is clipping to space
[WARNING]: Received an action [1.         0.01742625 0.         0.1071348  0.61650152] that was outside action space Box(0.0, 1.0, (5,), float32). Environment is clipping to space
[WARNING]: Received an action [0.01574543 0.35146703 0.76864196 0.35886311 0.69104331] that was outside action space Box(0.0, 1.0, (5,), float32). Environment is clipping to space
[WARNING]: Received an action [0.02989441 0.00774086 0.55220129 0.         0.77711709] that was outside action space Box(0.0, 1.0, (5,), float32). Environment is clipping to space
[WARNING]: Received an action [0.46958855 0.52601518 0.61535563 0.         0.25915714] that was outside action space Box(0.0, 1.0, (5,), float32). Environment is clipping to space
[WARNING]: Received an action [0.25521029 0.84933673 0.08264288 0.33844685 0.5192253 ] that was outside action space Box(0.0, 1.0, (5,), float32). Environment is clipping to space
[WARNING]: Received an action [0.36552426 0.         0.35236675 0.82016074 0.00204907] that was outside action space Box(0.0, 1.0, (5,), float32). Environment is clipping to space
[WARNING]: Received an action [1.         0.21868664 1.         0.77594944 0.07561223] that was outside action space Box(0.0, 1.0, (5,), float32). Environment is clipping to space
[WARNING]: Received an action [0.73202349 0.44688254 0.49156464 0.99262421 0.06108758] that was outside action space Box(0.0, 1.0, (5,), float32). Environment is clipping to space
[WARNING]: Received an action [0.49553896 0.92289234 0.93680781 0.51035528 0.16269973] that was outside action space Box(0.0, 1.0, (5,), float32). Environment is clipping to space
[WARNING]: Received an action [0.66493613 0.53416797 1.         0.03259724 0.57570251] that was outside action space Box(0.0, 1.0, (5,), float32). Environment is clipping to space
[WARNING]: Received an action [0.73634465 0.16380902 0.30243584 0.63013912 0.66050909] that was outside action space Box(0.0, 1.0, (5,), float32). Environment is clipping to space
[WARNING]: Received an action [0.77863545 0.         0.3383831  1.         0.25494987] that was outside action space Box(0.0, 1.0, (5,), float32). Environment is clipping to space
[WARNING]: Received an action [0.71377972 0.18214912 0.69034123 0.85394265 0.28905697] that was outside action space Box(0.0, 1.0, (5,), float32). Environment is clipping to space
[WARNING]: Received an action [0.63207785 0.80691037 0.16444668 0.03766652 0.42459264] that was outside action space Box(0.0, 1.0, (5,), float32). Environment is clipping to space
[WARNING]: Received an action [0.29084855 0.44554556 0.57815448 0.80088646 0.70586784] that was outside action space Box(0.0, 1.0, (5,), float32). Environment is clipping to space
[WARNING]: Received an action [0.07803471 0.89895705 0.61974338 0.         0.17965105] that was outside action space Box(0.0, 1.0, (5,), float32). Environment is clipping to space
[WARNING]: Received an action [0.         0.24438838 0.09105836 0.59676859 0.29753399] that was outside action space Box(0.0, 1.0, (5,), float32). Environment is clipping to space
[WARNING]: Received an action [0.21926035 0.4364004  1.         0.84815555 0.27859042] that was outside action space Box(0.0, 1.0, (5,), float32). Environment is clipping to space
[WARNING]: Received an action [0.43039061 0.07483881 0.8620705  0.65315522 0.15135823] that was outside action space Box(0.0, 1.0, (5,), float32). Environment is clipping to space
[WARNING]: Received an action [0.38480128 1.         0.40005661 1.         0.31053484] that was outside action space Box(0.0, 1.0, (5,), float32). Environment is clipping to space
[WARNING]: Received an action [0.15486266 0.40026876 0.32878745 0.54695448 0.08115992] that was outside action space Box(0.0, 1.0, (5,), float32). Environment is clipping to space
[WARNING]: Received an action [0.66795317 0.44117507 0.51837869 0.60368269 0.61741873] that was outside action space Box(0.0, 1.0, (5,), float32). Environment is clipping to space
[WARNING]: Received an action [0.9720344  0.59825428 0.59355048 1.         0.85838485] that was outside action space Box(0.0, 1.0, (5,), float32). Environment is clipping to space
[WARNING]: Received an action [0.24392363 0.41773161 0.93967689 0.45955678 0.27764178] that was outside action space Box(0.0, 1.0, (5,), float32). Environment is clipping to space
[WARNING]: Received an action [0.26946457 0.         1.         0.37291242 0.78406248] that was outside action space Box(0.0, 1.0, (5,), float32). Environment is clipping to space
[WARNING]: Received an action [0.56807985 0.12915488 0.76381505 0.61333404 1.        ] that was outside action space Box(0.0, 1.0, (5,), float32). Environment is clipping to space
[WARNING]: Received an action [0.86551698 0.35482951 0.79234707 0.11002699 0.75082944] that was outside action space Box(0.0, 1.0, (5,), float32). Environment is clipping to space
[WARNING]: Received an action [0.75618401 0.66166653 0.54501198 0.66334154 0.63646799] that was outside action space Box(0.0, 1.0, (5,), float32). Environment is clipping to space
[WARNING]: Received an action [0.46155227 1.         0.31017904 0.01824909 0.23634527] that was outside action space Box(0.0, 1.0, (5,), float32). Environment is clipping to space
[WARNING]: Received an action [1.         0.59294647 0.         0.4372815  0.4317918 ] that was outside action space Box(0.0, 1.0, (5,), float32). Environment is clipping to space
[WARNING]: Received an action [0.22443612 0.0568225  0.24448956 0.55088048 0.03826112] that was outside action space Box(0.0, 1.0, (5,), float32). Environment is clipping to space
[WARNING]: Received an action [0.08057954 0.18580751 0.80029826 0.14678543 0.5597642 ] that was outside action space Box(0.0, 1.0, (5,), float32). Environment is clipping to space
[WARNING]: Received an action [0.18286604 0.         0.         0.44206873 0.30073095] that was outside action space Box(0.0, 1.0, (5,), float32). Environment is clipping to space
[WARNING]: Received an action [0.54757105 0.49207324 0.93955074 1.         1.        ] that was outside action space Box(0.0, 1.0, (5,), float32). Environment is clipping to space
[WARNING]: Received an action [0.3979378  0.63751647 0.1011973  0.28902299 0.55953199] that was outside action space Box(0.0, 1.0, (5,), float32). Environment is clipping to space
[WARNING]: Received an action [0.13819698 0.54616347 0.         0.26572531 0.40655024] that was outside action space Box(0.0, 1.0, (5,), float32). Environment is clipping to space
[WARNING]: Received an action [0.33119749 0.43520823 0.6640642  0.41660205 0.29660238] that was outside action space Box(0.0, 1.0, (5,), float32). Environment is clipping to space
[WARNING]: Received an action [0.5756553  0.34493448 0.45474497 0.58015485 0.60278869] that was outside action space Box(0.0, 1.0, (5,), float32). Environment is clipping to space
[WARNING]: Received an action [0.6824329  0.43781599 0.20736124 0.68865823 0.4300415 ] that was outside action space Box(0.0, 1.0, (5,), float32). Environment is clipping to space
[WARNING]: Received an action [0.46158854 0.77696125 0.54658486 0.17538104 0.63721145] that was outside action space Box(0.0, 1.0, (5,), float32). Environment is clipping to space
[WARNING]: Received an action [0.80475963 0.78508708 0.60192414 0.62610692 1.        ] that was outside action space Box(0.0, 1.0, (5,), float32). Environment is clipping to space
[WARNING]: Received an action [0.33902602 0.86242    0.55950086 0.63853134 0.        ] that was outside action space Box(0.0, 1.0, (5,), float32). Environment is clipping to space
[WARNING]: Received an action [0.52096932 0.05463239 0.18249035 1.         0.13926562] that was outside action space Box(0.0, 1.0, (5,), float32). Environment is clipping to space
[WARNING]: Received an action [0.96389465 0.64720283 0.27993782 0.17545658 0.37064022] that was outside action space Box(0.0, 1.0, (5,), float32). Environment is clipping to space
[WARNING]: Received an action [0.60632095 0.3077613  0.53866444 0.72991764 0.54351212] that was outside action space Box(0.0, 1.0, (5,), float32). Environment is clipping to space
[WARNING]: Received an action [0.30715636 0.37159329 0.40870323 0.53082287 0.86686047] that was outside action space Box(0.0, 1.0, (5,), float32). Environment is clipping to space
[WARNING]: Received an action [0.73634082 0.31112301 0.64259359 0.33191179 0.90030543] that was outside action space Box(0.0, 1.0, (5,), float32). Environment is clipping to space
[WARNING]: Received an action [0.27319647 0.06470501 0.91141119 0.53844265 0.33779969] that was outside action space Box(0.0, 1.0, (5,), float32). Environment is clipping to space
[WARNING]: Received an action [0.46837656 0.38143805 0.73807698 0.28038073 0.34721664] that was outside action space Box(0.0, 1.0, (5,), float32). Environment is clipping to space
[WARNING]: Received an action [0.20179103 1.         0.45364064 0.64008063 0.60581796] that was outside action space Box(0.0, 1.0, (5,), float32). Environment is clipping to space
[WARNING]: Received an action [0.9724979  0.60904789 0.18437661 0.12402134 0.44017127] that was outside action space Box(0.0, 1.0, (5,), float32). Environment is clipping to space
[WARNING]: Received an action [0.2529259  1.         0.74330299 0.61038205 0.40860293] that was outside action space Box(0.0, 1.0, (5,), float32). Environment is clipping to space
[WARNING]: Received an action [0.31298794 0.35888981 0.36412965 0.76208387 0.70951706] that was outside action space Box(0.0, 1.0, (5,), float32). Environment is clipping to space
[WARNING]: Received an action [0.         0.31126742 0.01140666 0.         0.        ] that was outside action space Box(0.0, 1.0, (5,), float32). Environment is clipping to space
[WARNING]: Received an action [0.48133002 0.5613979  0.56706917 0.80906975 0.47418934] that was outside action space Box(0.0, 1.0, (5,), float32). Environment is clipping to space
[WARNING]: Received an action [0.15131005 0.         0.4243267  0.23648497 0.5251755 ] that was outside action space Box(0.0, 1.0, (5,), float32). Environment is clipping to space
[WARNING]: Received an action [0.96936558 0.75644925 0.78399809 0.3226945  0.334991  ] that was outside action space Box(0.0, 1.0, (5,), float32). Environment is clipping to space
[WARNING]: Received an action [0.13982423 0.40564209 0.8784159  0.46517424 0.16970252] that was outside action space Box(0.0, 1.0, (5,), float32). Environment is clipping to space
[WARNING]: Received an action [0.82739561 0.83952165 0.44931928 0.42217633 0.78197124] that was outside action space Box(0.0, 1.0, (5,), float32). Environment is clipping to space
[WARNING]: Received an action [0.6783984  0.00470554 0.23215176 0.36558843 0.06368636] that was outside action space Box(0.0, 1.0, (5,), float32). Environment is clipping to space
[WARNING]: Received an action [0.89108561 0.59050138 0.71599824 0.44910211 0.6882799 ] that was outside action space Box(0.0, 1.0, (5,), float32). Environment is clipping to space
[WARNING]: Received an action [0.29000079 0.1686157  0.5592883  0.         0.87273463] that was outside action space Box(0.0, 1.0, (5,), float32). Environment is clipping to space
[WARNING]: Received an action [0.72649091 0.50006902 0.05023442 0.83558024 0.97239008] that was outside action space Box(0.0, 1.0, (5,), float32). Environment is clipping to space
[WARNING]: Received an action [0.68728026 0.72856327 0.55118876 0.50626495 0.19701172] that was outside action space Box(0.0, 1.0, (5,), float32). Environment is clipping to space
[WARNING]: Received an action [0.35077906 0.         0.         0.33821844 0.26829564] that was outside action space Box(0.0, 1.0, (5,), float32). Environment is clipping to space
[WARNING]: Received an action [0.         0.4994784  0.27176701 0.68294679 0.53777457] that was outside action space Box(0.0, 1.0, (5,), float32). Environment is clipping to space
[WARNING]: Received an action [0.89506535 0.36811868 0.7378096  0.53896493 0.46390644] that was outside action space Box(0.0, 1.0, (5,), float32). Environment is clipping to space
[WARNING]: Received an action [0.85371225 0.99153516 0.42124589 0.39193589 0.56251998] that was outside action space Box(0.0, 1.0, (5,), float32). Environment is clipping to space
[WARNING]: Received an action [0.49578958 0.74792502 0.46733312 1.         0.83507794] that was outside action space Box(0.0, 1.0, (5,), float32). Environment is clipping to space
[WARNING]: Received an action [0.6681908  0.16716019 0.66883162 0.37388099 0.78713417] that was outside action space Box(0.0, 1.0, (5,), float32). Environment is clipping to space
[WARNING]: Received an action [0.46056893 0.69009537 0.50318393 0.1883558  0.60965621] that was outside action space Box(0.0, 1.0, (5,), float32). Environment is clipping to space
[WARNING]: Received an action [1.         0.40545497 0.         0.44971478 0.40133665] that was outside action space Box(0.0, 1.0, (5,), float32). Environment is clipping to space
[WARNING]: Received an action [0.47256657 0.04076687 0.29897383 0.57083984 0.63818914] that was outside action space Box(0.0, 1.0, (5,), float32). Environment is clipping to space
[WARNING]: Received an action [0.69396475 0.10522298 0.43656289 0.25521469 0.5495234 ] that was outside action space Box(0.0, 1.0, (5,), float32). Environment is clipping to space
[WARNING]: Received an action [0.04488485 0.05925795 0.36841279 0.44819484 0.68589577] that was outside action space Box(0.0, 1.0, (5,), float32). Environment is clipping to space
[WARNING]: Received an action [0.58691338 0.22461915 0.50842788 0.02059553 0.97619584] that was outside action space Box(0.0, 1.0, (5,), float32). Environment is clipping to space
[WARNING]: Received an action [0.78668321 0.07973795 0.83235381 0.31889977 0.86005495] that was outside action space Box(0.0, 1.0, (5,), float32). Environment is clipping to space
[WARNING]: Received an action [0.77284077 0.47087815 0.40509033 0.27270892 0.44761357] that was outside action space Box(0.0, 1.0, (5,), float32). Environment is clipping to space
[WARNING]: Received an action [0.39133452 0.70006739 0.59163125 0.6427988  0.        ] that was outside action space Box(0.0, 1.0, (5,), float32). Environment is clipping to space
[WARNING]: Received an action [0.48138105 0.5301072  0.74156592 1.         0.60950768] that was outside action space Box(0.0, 1.0, (5,), float32). Environment is clipping to space
[WARNING]: Received an action [0.20657993 0.59145686 0.17412417 0.2767514  0.49670054] that was outside action space Box(0.0, 1.0, (5,), float32). Environment is clipping to space
[WARNING]: Received an action [0.41525068 0.14593423 0.80187277 1.         0.71833881] that was outside action space Box(0.0, 1.0, (5,), float32). Environment is clipping to space
[WARNING]: Received an action [0.30262403 0.67361174 0.22176657 0.28048362 0.20669833] that was outside action space Box(0.0, 1.0, (5,), float32). Environment is clipping to space
[WARNING]: Received an action [0.56473011 0.34118313 0.31753295 0.392717   0.26516079] that was outside action space Box(0.0, 1.0, (5,), float32). Environment is clipping to space
[WARNING]: Received an action [0.         0.72639369 0.4634406  0.32669419 0.53337664] that was outside action space Box(0.0, 1.0, (5,), float32). Environment is clipping to space
[WARNING]: Received an action [0.23110649 0.70818768 0.91801424 0.54572769 0.01276357] that was outside action space Box(0.0, 1.0, (5,), float32). Environment is clipping to space
[WARNING]: Received an action [0.47751677 0.32419748 0.86898604 0.54247971 0.56345279] that was outside action space Box(0.0, 1.0, (5,), float32). Environment is clipping to space
[WARNING]: Received an action [0.25019706 0.         0.8194832  0.69531521 0.7015502 ] that was outside action space Box(0.0, 1.0, (5,), float32). Environment is clipping to space
[WARNING]: Received an action [0.6432868  0.         0.57847672 0.34900657 0.9055438 ] that was outside action space Box(0.0, 1.0, (5,), float32). Environment is clipping to space
[WARNING]: Received an action [1.         0.         0.89193723 0.2580726  0.54674256] that was outside action space Box(0.0, 1.0, (5,), float32). Environment is clipping to space
[WARNING]: Received an action [0.84344131 0.66448215 0.32324716 0.39088188 0.20106494] that was outside action space Box(0.0, 1.0, (5,), float32). Environment is clipping to space
[WARNING]: Received an action [0.23975915 0.57569704 0.83971823 0.         0.92433627] that was outside action space Box(0.0, 1.0, (5,), float32). Environment is clipping to space
[WARNING]: Received an action [0.33706783 0.17695604 0.94803346 0.16284611 0.35049651] that was outside action space Box(0.0, 1.0, (5,), float32). Environment is clipping to space
[WARNING]: Received an action [0.67513775 0.35147935 0.8912482  0.81172282 0.46304353] that was outside action space Box(0.0, 1.0, (5,), float32). Environment is clipping to space
[WARNING]: Received an action [0.93368893 1.         0.48417581 0.76493375 0.69873549] that was outside action space Box(0.0, 1.0, (5,), float32). Environment is clipping to space
[WARNING]: Received an action [0.58078006 0.28569234 0.33088054 0.49985207 0.62168169] that was outside action space Box(0.0, 1.0, (5,), float32). Environment is clipping to space
[WARNING]: Received an action [0.65743044 0.60092416 0.         0.53942749 0.46696498] that was outside action space Box(0.0, 1.0, (5,), float32). Environment is clipping to space
[WARNING]: Received an action [0.82955591 0.88902757 0.         0.46841226 0.43695157] that was outside action space Box(0.0, 1.0, (5,), float32). Environment is clipping to space
[WARNING]: Received an action [0.57321296 0.35965281 1.         0.38296916 0.29250678] that was outside action space Box(0.0, 1.0, (5,), float32). Environment is clipping to space
[WARNING]: Received an action [0.86722205 0.         0.45982591 0.45557725 0.40577841] that was outside action space Box(0.0, 1.0, (5,), float32). Environment is clipping to space
[WARNING]: Received an action [0.         0.6211634  0.90588826 0.3363751  0.94338378] that was outside action space Box(0.0, 1.0, (5,), float32). Environment is clipping to space
[WARNING]: Received an action [0.44266171 0.60290179 0.70734192 0.         0.61501385] that was outside action space Box(0.0, 1.0, (5,), float32). Environment is clipping to space
[WARNING]: Received an action [0.76690726 0.54906274 0.95926224 0.32216144 0.51194817] that was outside action space Box(0.0, 1.0, (5,), float32). Environment is clipping to space
[WARNING]: Received an action [0.90177389 0.5616125  0.         1.         0.        ] that was outside action space Box(0.0, 1.0, (5,), float32). Environment is clipping to space
[WARNING]: Received an action [0.36567133 0.63102536 0.         0.28692681 0.19105673] that was outside action space Box(0.0, 1.0, (5,), float32). Environment is clipping to space
[WARNING]: Received an action [0.75655327 0.00749248 0.17106833 0.31493031 0.59029019] that was outside action space Box(0.0, 1.0, (5,), float32). Environment is clipping to space
[WARNING]: Received an action [0.50949661 0.35994058 0.6912807  0.         0.00163734] that was outside action space Box(0.0, 1.0, (5,), float32). Environment is clipping to space
[WARNING]: Received an action [0.48145225 0.60902242 0.51311215 0.19287733 0.83953156] that was outside action space Box(0.0, 1.0, (5,), float32). Environment is clipping to space
[WARNING]: Received an action [0.64971845 0.80963108 0.61917177 0.         1.        ] that was outside action space Box(0.0, 1.0, (5,), float32). Environment is clipping to space
[WARNING]: Received an action [0.44789244 0.         0.58971977 0.74184748 0.30012938] that was outside action space Box(0.0, 1.0, (5,), float32). Environment is clipping to space
[WARNING]: Received an action [0.74060671 0.36666354 0.40639218 0.         1.        ] that was outside action space Box(0.0, 1.0, (5,), float32). Environment is clipping to space
[WARNING]: Received an action [0.7276975  0.05710079 1.         0.56049965 0.72679337] that was outside action space Box(0.0, 1.0, (5,), float32). Environment is clipping to space
[WARNING]: Received an action [0.95078559 0.59666902 0.1933267  0.57785816 0.7235811 ] that was outside action space Box(0.0, 1.0, (5,), float32). Environment is clipping to space
[WARNING]: Received an action [0.54696718 1.         0.35658803 0.59528708 0.42302776] that was outside action space Box(0.0, 1.0, (5,), float32). Environment is clipping to space
[WARNING]: Received an action [0.64495354 0.99588971 0.24933894 0.05567216 0.10367034] that was outside action space Box(0.0, 1.0, (5,), float32). Environment is clipping to space
[WARNING]: Received an action [0.48950319 0.29478388 0.59862213 0.37696758 0.73694013] that was outside action space Box(0.0, 1.0, (5,), float32). Environment is clipping to space
[WARNING]: Received an action [0.1124764  1.         0.58657041 0.71495457 1.        ] that was outside action space Box(0.0, 1.0, (5,), float32). Environment is clipping to space
[WARNING]: Received an action [0.71388873 0.20422834 0.88218947 0.1868981  0.29067437] that was outside action space Box(0.0, 1.0, (5,), float32). Environment is clipping to space
[WARNING]: Received an action [0.79288281 0.60651086 0.69905042 0.         0.65240841] that was outside action space Box(0.0, 1.0, (5,), float32). Environment is clipping to space
[WARNING]: Received an action [0.58802527 0.73274965 0.         0.55008229 0.68848446] that was outside action space Box(0.0, 1.0, (5,), float32). Environment is clipping to space
[WARNING]: Received an action [0.60813191 0.45241492 0.45662153 0.67380984 1.        ] that was outside action space Box(0.0, 1.0, (5,), float32). Environment is clipping to space
[WARNING]: Received an action [0.21572472 0.3637693  0.27030697 0.43619864 0.29359333] that was outside action space Box(0.0, 1.0, (5,), float32). Environment is clipping to space
[WARNING]: Received an action [0.02643273 0.26798818 0.8114505  0.31147043 0.9689169 ] that was outside action space Box(0.0, 1.0, (5,), float32). Environment is clipping to space
[WARNING]: Received an action [0.65772626 0.72067838 0.29372802 0.40176591 0.89657033] that was outside action space Box(0.0, 1.0, (5,), float32). Environment is clipping to space
[WARNING]: Received an action [0.43217556 0.3412952  0.46051345 0.1143236  0.64606238] that was outside action space Box(0.0, 1.0, (5,), float32). Environment is clipping to space
[WARNING]: Received an action [0.91248019 0.34506801 0.41817088 0.45217047 0.87771513] that was outside action space Box(0.0, 1.0, (5,), float32). Environment is clipping to space
[WARNING]: Received an action [0.69717145 0.29925373 1.         0.80146164 0.09332116] that was outside action space Box(0.0, 1.0, (5,), float32). Environment is clipping to space
[WARNING]: Received an action [0.82621388 0.02209185 0.61865262 0.26743148 1.        ] that was outside action space Box(0.0, 1.0, (5,), float32). Environment is clipping to space
[WARNING]: Received an action [0.88516564 0.45736343 0.81028492 0.90179923 0.31365409] that was outside action space Box(0.0, 1.0, (5,), float32). Environment is clipping to space
[WARNING]: Received an action [0.99407664 0.63721142 0.24822053 0.51415813 1.        ] that was outside action space Box(0.0, 1.0, (5,), float32). Environment is clipping to space
[WARNING]: Received an action [0.50934558 0.4682412  0.86120646 0.25640332 0.39233482] that was outside action space Box(0.0, 1.0, (5,), float32). Environment is clipping to space
[WARNING]: Received an action [1.         0.30761245 0.58093204 0.9789977  0.6342495 ] that was outside action space Box(0.0, 1.0, (5,), float32). Environment is clipping to space
[WARNING]: Received an action [0.61061582 0.48466689 0.4440222  0.74453064 0.27983608] that was outside action space Box(0.0, 1.0, (5,), float32). Environment is clipping to space
[WARNING]: Received an action [0.78807896 0.43624089 0.43389805 0.45582791 0.96576665] that was outside action space Box(0.0, 1.0, (5,), float32). Environment is clipping to space
[WARNING]: Received an action [0.99454798 1.         0.59969197 0.         0.59692255] that was outside action space Box(0.0, 1.0, (5,), float32). Environment is clipping to space
[WARNING]: Received an action [0.86214044 0.47008768 0.36867741 0.34002445 0.88136334] that was outside action space Box(0.0, 1.0, (5,), float32). Environment is clipping to space
[WARNING]: Received an action [0.45091646 0.12839121 0.99960139 1.         0.28282714] that was outside action space Box(0.0, 1.0, (5,), float32). Environment is clipping to space
[WARNING]: Received an action [0.27441381 0.88812494 0.08510251 0.         0.35719577] that was outside action space Box(0.0, 1.0, (5,), float32). Environment is clipping to space
[WARNING]: Received an action [0.74118353 0.74168719 0.34690091 0.         0.65246936] that was outside action space Box(0.0, 1.0, (5,), float32). Environment is clipping to space
[WARNING]: Received an action [0.444144   0.5689481  0.7427887  0.         0.77212812] that was outside action space Box(0.0, 1.0, (5,), float32). Environment is clipping to space
[WARNING]: Received an action [0.77913598 0.8284857  0.66294742 0.12312359 0.72041231] that was outside action space Box(0.0, 1.0, (5,), float32). Environment is clipping to space
[WARNING]: Received an action [0.63800184 0.         0.30483512 0.48090513 0.57681299] that was outside action space Box(0.0, 1.0, (5,), float32). Environment is clipping to space
[WARNING]: Received an action [0.13905793 0.69673054 0.01932184 0.78167017 0.42793854] that was outside action space Box(0.0, 1.0, (5,), float32). Environment is clipping to space
[WARNING]: Received an action [1.         0.61968666 0.35834115 0.60555929 0.75125322] that was outside action space Box(0.0, 1.0, (5,), float32). Environment is clipping to space
[WARNING]: Received an action [0.13330365 0.82919279 0.29568365 0.57416217 0.66238775] that was outside action space Box(0.0, 1.0, (5,), float32). Environment is clipping to space
[WARNING]: Received an action [0.87411376 0.27173996 0.         0.47822387 0.67829361] that was outside action space Box(0.0, 1.0, (5,), float32). Environment is clipping to space
[WARNING]: Received an action [0.35984516 0.49238439 0.71116913 0.90987522 0.50421836] that was outside action space Box(0.0, 1.0, (5,), float32). Environment is clipping to space
[WARNING]: Received an action [0.60690956 1.         0.9193016  0.         0.36510478] that was outside action space Box(0.0, 1.0, (5,), float32). Environment is clipping to space
[WARNING]: Received an action [0.14540537 0.80884893 0.60839516 0.37584812 0.61743181] that was outside action space Box(0.0, 1.0, (5,), float32). Environment is clipping to space
[WARNING]: Received an action [0.33092502 0.59282036 0.7023878  0.36511031 0.25725184] that was outside action space Box(0.0, 1.0, (5,), float32). Environment is clipping to space
[WARNING]: Received an action [0.59479416 0.56654628 1.         0.46960808 0.32630944] that was outside action space Box(0.0, 1.0, (5,), float32). Environment is clipping to space
[WARNING]: Received an action [1.         0.23876314 0.87815622 0.39162649 0.24245655] that was outside action space Box(0.0, 1.0, (5,), float32). Environment is clipping to space
[WARNING]: Received an action [0.74913189 0.65662037 0.44345762 0.60636053 1.        ] that was outside action space Box(0.0, 1.0, (5,), float32). Environment is clipping to space
[WARNING]: Received an action [1.         0.63235235 0.37983279 0.48022105 0.47620665] that was outside action space Box(0.0, 1.0, (5,), float32). Environment is clipping to space
[WARNING]: Received an action [0.634335   0.74274043 0.93841194 0.72473576 0.35747344] that was outside action space Box(0.0, 1.0, (5,), float32). Environment is clipping to space
[WARNING]: Received an action [0.33089727 0.         0.29673713 0.98861905 1.        ] that was outside action space Box(0.0, 1.0, (5,), float32). Environment is clipping to space
[WARNING]: Received an action [1.         0.70473847 0.56289911 0.42965239 0.79231361] that was outside action space Box(0.0, 1.0, (5,), float32). Environment is clipping to space
[WARNING]: Received an action [0.51457624 0.5575114  0.49493023 0.31597005 0.02447114] that was outside action space Box(0.0, 1.0, (5,), float32). Environment is clipping to space
[WARNING]: Received an action [0.76889321 0.81811307 0.8743839  0.71890204 0.23774901] that was outside action space Box(0.0, 1.0, (5,), float32). Environment is clipping to space
[WARNING]: Received an action [0.61519562 0.38227449 0.98647966 0.97346859 0.67824007] that was outside action space Box(0.0, 1.0, (5,), float32). Environment is clipping to space
[WARNING]: Received an action [0.27326343 0.3935619  0.93860367 0.56469698 0.16156243] that was outside action space Box(0.0, 1.0, (5,), float32). Environment is clipping to space
[WARNING]: Received an action [0.28884938 1.         0.61802471 0.73123525 1.        ] that was outside action space Box(0.0, 1.0, (5,), float32). Environment is clipping to space
[WARNING]: Received an action [0.78066528 0.44147473 0.7805837  0.59877321 0.80013038] that was outside action space Box(0.0, 1.0, (5,), float32). Environment is clipping to space
[WARNING]: Received an action [0.12043068 0.39675972 0.09424703 0.         0.25767239] that was outside action space Box(0.0, 1.0, (5,), float32). Environment is clipping to space
[WARNING]: Received an action [0.05592154 0.73302848 0.60445429 0.80775489 0.39801109] that was outside action space Box(0.0, 1.0, (5,), float32). Environment is clipping to space
[WARNING]: Received an action [0.57349094 0.58073319 0.83451735 0.80980997 1.        ] that was outside action space Box(0.0, 1.0, (5,), float32). Environment is clipping to space
[WARNING]: Received an action [0.52185108 0.08438907 0.         0.66546873 0.        ] that was outside action space Box(0.0, 1.0, (5,), float32). Environment is clipping to space
[WARNING]: Received an action [0.1062528  0.93058624 0.65289651 0.22543    0.6685314 ] that was outside action space Box(0.0, 1.0, (5,), float32). Environment is clipping to space
[WARNING]: Received an action [0.54447538 0.60473755 0.34039301 0.49918881 0.63855721] that was outside action space Box(0.0, 1.0, (5,), float32). Environment is clipping to space
[WARNING]: Received an action [0.42205821 0.70786307 0.457667   1.         0.16844826] that was outside action space Box(0.0, 1.0, (5,), float32). Environment is clipping to space
[WARNING]: Received an action [0.73258422 0.69884689 0.57520445 1.         0.43275967] that was outside action space Box(0.0, 1.0, (5,), float32). Environment is clipping to space
[WARNING]: Received an action [0.01548205 0.         0.96197621 0.50686868 0.86016457] that was outside action space Box(0.0, 1.0, (5,), float32). Environment is clipping to space
[WARNING]: Received an action [0.63170535 0.39489833 0.9662503  0.36123111 0.08894846] that was outside action space Box(0.0, 1.0, (5,), float32). Environment is clipping to space
[WARNING]: Received an action [0.53427779 0.40268545 0.88475772 0.44190811 0.35513042] that was outside action space Box(0.0, 1.0, (5,), float32). Environment is clipping to space
[WARNING]: Received an action [0.07209739 0.87479796 0.45882182 0.64637274 0.        ] that was outside action space Box(0.0, 1.0, (5,), float32). Environment is clipping to space
[WARNING]: Received an action [0.67709227 0.21964117 0.59799264 0.         0.        ] that was outside action space Box(0.0, 1.0, (5,), float32). Environment is clipping to space
[WARNING]: Received an action [0.87370719 0.27067592 0.79492424 0.39718283 0.38943807] that was outside action space Box(0.0, 1.0, (5,), float32). Environment is clipping to space
[WARNING]: Received an action [0.         0.35902488 0.46404006 0.43002961 0.19681299] that was outside action space Box(0.0, 1.0, (5,), float32). Environment is clipping to space
[WARNING]: Received an action [0.5799182  0.75309942 0.40170118 0.46471736 0.37757415] that was outside action space Box(0.0, 1.0, (5,), float32). Environment is clipping to space
[WARNING]: Received an action [0.70733306 0.29332279 0.15993834 0.63790954 0.64664213] that was outside action space Box(0.0, 1.0, (5,), float32). Environment is clipping to space
[WARNING]: Received an action [0.70973914 0.42910176 0.58566797 0.87572047 0.57180773] that was outside action space Box(0.0, 1.0, (5,), float32). Environment is clipping to space
[WARNING]: Received an action [0.15046244 0.64036177 0.12883935 0.         0.21601554] that was outside action space Box(0.0, 1.0, (5,), float32). Environment is clipping to space
[WARNING]: Received an action [1.         0.6744999  0.57768031 0.67924608 0.98746625] that was outside action space Box(0.0, 1.0, (5,), float32). Environment is clipping to space
[WARNING]: Received an action [0.5789644  0.37862587 0.6277916  0.45311454 0.4281039 ] that was outside action space Box(0.0, 1.0, (5,), float32). Environment is clipping to space
[WARNING]: Received an action [1.         0.48505818 0.49306101 0.70063431 0.        ] that was outside action space Box(0.0, 1.0, (5,), float32). Environment is clipping to space
[WARNING]: Received an action [0.14390551 0.15177585 0.60852314 1.         0.36243551] that was outside action space Box(0.0, 1.0, (5,), float32). Environment is clipping to space
[WARNING]: Received an action [0.66079957 0.44917615 0.55019029 0.32032558 0.321879  ] that was outside action space Box(0.0, 1.0, (5,), float32). Environment is clipping to space
[WARNING]: Received an action [0.30672955 0.35442969 0.81491715 0.71459798 0.29466067] that was outside action space Box(0.0, 1.0, (5,), float32). Environment is clipping to space
[WARNING]: Received an action [0.68496618 0.69818541 0.74812018 0.42750754 0.82005662] that was outside action space Box(0.0, 1.0, (5,), float32). Environment is clipping to space
[WARNING]: Received an action [0.6268116  0.7362707  0.53555647 0.38176358 0.40576976] that was outside action space Box(0.0, 1.0, (5,), float32). Environment is clipping to space
[WARNING]: Received an action [0.00177431 0.72913671 0.49464014 0.56917113 0.36004315] that was outside action space Box(0.0, 1.0, (5,), float32). Environment is clipping to space
[WARNING]: Received an action [0.54981507 1.         0.70951293 0.         0.46971506] that was outside action space Box(0.0, 1.0, (5,), float32). Environment is clipping to space
[WARNING]: Received an action [0.95709797 0.26752836 0.81527707 0.73534726 0.78287338] that was outside action space Box(0.0, 1.0, (5,), float32). Environment is clipping to space
[WARNING]: Received an action [0.57700265 0.89678276 0.83077044 0.47236124 0.26732393] that was outside action space Box(0.0, 1.0, (5,), float32). Environment is clipping to space
[WARNING]: Received an action [0.85548212 0.25264668 1.         0.68225297 0.53850208] that was outside action space Box(0.0, 1.0, (5,), float32). Environment is clipping to space
[WARNING]: Received an action [0.71245896 0.35664015 0.40035445 0.44033516 0.00419912] that was outside action space Box(0.0, 1.0, (5,), float32). Environment is clipping to space
[WARNING]: Received an action [0.30050424 0.15083081 0.74810946 0.         0.07277596] that was outside action space Box(0.0, 1.0, (5,), float32). Environment is clipping to space
[WARNING]: Received an action [0.         0.11878426 0.51998926 1.         0.        ] that was outside action space Box(0.0, 1.0, (5,), float32). Environment is clipping to space
[WARNING]: Received an action [0.48661607 0.54091633 0.69405401 0.44752115 0.40688836] that was outside action space Box(0.0, 1.0, (5,), float32). Environment is clipping to space
[WARNING]: Received an action [1.         0.51131769 0.81058442 0.98829982 0.65336524] that was outside action space Box(0.0, 1.0, (5,), float32). Environment is clipping to space
[WARNING]: Received an action [0.39394785 0.         0.47571367 0.42720901 0.60388922] that was outside action space Box(0.0, 1.0, (5,), float32). Environment is clipping to space
[WARNING]: Received an action [0.63296065 0.2422068  0.90866813 0.83725945 0.59053732] that was outside action space Box(0.0, 1.0, (5,), float32). Environment is clipping to space
[WARNING]: Received an action [0.0802011  0.         0.28659931 0.87807016 0.15179542] that was outside action space Box(0.0, 1.0, (5,), float32). Environment is clipping to space
[WARNING]: Received an action [0.15749433 0.         0.41397488 0.6523752  0.47819999] that was outside action space Box(0.0, 1.0, (5,), float32). Environment is clipping to space
[WARNING]: Received an action [0.58026655 0.42374272 0.76597037 0.60757514 0.        ] that was outside action space Box(0.0, 1.0, (5,), float32). Environment is clipping to space
[WARNING]: Received an action [0.768254   0.02552434 0.         0.46121384 0.11976009] that was outside action space Box(0.0, 1.0, (5,), float32). Environment is clipping to space
[WARNING]: Received an action [0.39405421 0.38604529 0.10110743 0.33300104 0.        ] that was outside action space Box(0.0, 1.0, (5,), float32). Environment is clipping to space
[WARNING]: Received an action [0.77785539 1.         0.16680645 0.49129359 0.06510783] that was outside action space Box(0.0, 1.0, (5,), float32). Environment is clipping to space
[WARNING]: Received an action [0.88823732 0.         0.77999417 0.49934353 1.        ] that was outside action space Box(0.0, 1.0, (5,), float32). Environment is clipping to space
[WARNING]: Received an action [0.14321994 0.41788876 0.57187866 0.19742955 0.79366461] that was outside action space Box(0.0, 1.0, (5,), float32). Environment is clipping to space
[WARNING]: Received an action [1.         1.         0.17244354 0.49754691 0.56933349] that was outside action space Box(0.0, 1.0, (5,), float32). Environment is clipping to space
[WARNING]: Received an action [0.26004671 0.47615193 0.75357481 0.         0.5546495 ] that was outside action space Box(0.0, 1.0, (5,), float32). Environment is clipping to space
[WARNING]: Received an action [0.54476455 0.40024667 0.48869205 0.52224184 0.24733278] that was outside action space Box(0.0, 1.0, (5,), float32). Environment is clipping to space
[WARNING]: Received an action [0.14413172 0.79422672 0.45815413 0.1421925  0.64516408] that was outside action space Box(0.0, 1.0, (5,), float32). Environment is clipping to space
[WARNING]: Received an action [0.31561756 0.16668879 0.64215143 0.22426147 0.58637378] that was outside action space Box(0.0, 1.0, (5,), float32). Environment is clipping to space
[WARNING]: Received an action [0.25556981 0.47619372 0.4361355  0.71346204 1.        ] that was outside action space Box(0.0, 1.0, (5,), float32). Environment is clipping to space
[WARNING]: Received an action [0.82857394 0.66579214 0.12624329 0.46042287 0.6709855 ] that was outside action space Box(0.0, 1.0, (5,), float32). Environment is clipping to space
[WARNING]: Received an action [0.69116165 0.30541851 0.40366851 1.         0.30090327] that was outside action space Box(0.0, 1.0, (5,), float32). Environment is clipping to space
[WARNING]: Received an action [0.25635495 0.18963686 0.46759814 0.36610824 0.60664575] that was outside action space Box(0.0, 1.0, (5,), float32). Environment is clipping to space
[WARNING]: Received an action [0.2730765  0.21867711 0.         0.37137416 0.47238134] that was outside action space Box(0.0, 1.0, (5,), float32). Environment is clipping to space
[WARNING]: Received an action [0.13011334 0.59140204 0.36525988 0.42315153 1.        ] that was outside action space Box(0.0, 1.0, (5,), float32). Environment is clipping to space
[WARNING]: Received an action [0.80135199 0.45260152 0.04250651 0.         0.70543133] that was outside action space Box(0.0, 1.0, (5,), float32). Environment is clipping to space
[WARNING]: Received an action [0.31657619 0.46533826 0.47102227 0.81120705 0.        ] that was outside action space Box(0.0, 1.0, (5,), float32). Environment is clipping to space
[WARNING]: Received an action [0.         0.50595969 0.60010887 0.20923108 0.44211779] that was outside action space Box(0.0, 1.0, (5,), float32). Environment is clipping to space
[WARNING]: Received an action [0.42496437 0.25405287 0.53610113 0.659401   1.        ] that was outside action space Box(0.0, 1.0, (5,), float32). Environment is clipping to space
[WARNING]: Received an action [0.35561606 0.73946188 0.58911928 0.38010724 0.32772265] that was outside action space Box(0.0, 1.0, (5,), float32). Environment is clipping to space
[WARNING]: Received an action [0.5398261  0.60602691 0.51044729 0.67164064 0.05761865] that was outside action space Box(0.0, 1.0, (5,), float32). Environment is clipping to space
[WARNING]: Received an action [0.         0.80360524 0.45077684 0.07387523 0.38975187] that was outside action space Box(0.0, 1.0, (5,), float32). Environment is clipping to space
[WARNING]: Received an action [0.27800903 0.38454541 0.38889226 0.         0.5805867 ] that was outside action space Box(0.0, 1.0, (5,), float32). Environment is clipping to space
[WARNING]: Received an action [0.59610312 0.         0.27518833 1.         0.63698092] that was outside action space Box(0.0, 1.0, (5,), float32). Environment is clipping to space
[WARNING]: Received an action [0.62897701 0.72490374 0.64462024 0.34631489 0.33761479] that was outside action space Box(0.0, 1.0, (5,), float32). Environment is clipping to space
[WARNING]: Received an action [0.58769435 0.4589307  0.64039504 0.67153258 0.48950536] that was outside action space Box(0.0, 1.0, (5,), float32). Environment is clipping to space
[WARNING]: Received an action [0.81863156 0.42279263 0.75618786 0.35737448 0.38036476] that was outside action space Box(0.0, 1.0, (5,), float32). Environment is clipping to space
[WARNING]: Received an action [0.38326838 0.32933055 0.95088882 0.59492634 0.75504224] that was outside action space Box(0.0, 1.0, (5,), float32). Environment is clipping to space
[WARNING]: Received an action [0.62137553 0.38336378 0.76796407 0.36064499 0.50285339] that was outside action space Box(0.0, 1.0, (5,), float32). Environment is clipping to space
[WARNING]: Received an action [0.46041962 0.70942505 0.32745222 0.66811624 0.45618726] that was outside action space Box(0.0, 1.0, (5,), float32). Environment is clipping to space
[WARNING]: Received an action [0.99551863 0.43743544 1.         0.5483018  1.        ] that was outside action space Box(0.0, 1.0, (5,), float32). Environment is clipping to space
[WARNING]: Received an action [0.25960572 0.97875941 0.2268546  0.56472159 0.98249873] that was outside action space Box(0.0, 1.0, (5,), float32). Environment is clipping to space
[WARNING]: Received an action [0.99972728 0.22981549 0.51706661 0.68374212 0.86701912] that was outside action space Box(0.0, 1.0, (5,), float32). Environment is clipping to space
[WARNING]: Received an action [0.19254965 0.83308344 0.24413212 0.79480942 0.17046107] that was outside action space Box(0.0, 1.0, (5,), float32). Environment is clipping to space
[WARNING]: Received an action [0.63706431 0.07367453 0.99367419 0.49183546 1.        ] that was outside action space Box(0.0, 1.0, (5,), float32). Environment is clipping to space
[WARNING]: Received an action [0.52988571 0.43461586 0.88245363 0.45483936 0.12723985] that was outside action space Box(0.0, 1.0, (5,), float32). Environment is clipping to space
[WARNING]: Received an action [0.35980587 0.27176278 0.7639801  1.         0.71459147] that was outside action space Box(0.0, 1.0, (5,), float32). Environment is clipping to space
[WARNING]: Received an action [0.43764943 0.20397394 0.25272075 0.49245468 0.69821393] that was outside action space Box(0.0, 1.0, (5,), float32). Environment is clipping to space
[WARNING]: Received an action [0.96479345 0.07641705 0.         0.54921804 0.46638895] that was outside action space Box(0.0, 1.0, (5,), float32). Environment is clipping to space
[WARNING]: Received an action [0.96696354 0.17191225 0.81858044 0.96006108 0.42882113] that was outside action space Box(0.0, 1.0, (5,), float32). Environment is clipping to space
[WARNING]: Received an action [1.         0.05537973 0.58589634 0.43938818 0.72467438] that was outside action space Box(0.0, 1.0, (5,), float32). Environment is clipping to space
[WARNING]: Received an action [0.67397175 0.02610472 0.50350555 0.74554151 0.30502654] that was outside action space Box(0.0, 1.0, (5,), float32). Environment is clipping to space
[WARNING]: Received an action [0.66516233 0.91946396 0.15823586 1.         0.05899583] that was outside action space Box(0.0, 1.0, (5,), float32). Environment is clipping to space
[WARNING]: Received an action [0.62915201 0.         0.35869388 0.75354251 0.81306152] that was outside action space Box(0.0, 1.0, (5,), float32). Environment is clipping to space
[WARNING]: Received an action [0.56493881 0.49791476 0.87339598 0.34644877 0.81126492] that was outside action space Box(0.0, 1.0, (5,), float32). Environment is clipping to space
[WARNING]: Received an action [0.78348815 0.49203024 1.         0.63236783 0.52085487] that was outside action space Box(0.0, 1.0, (5,), float32). Environment is clipping to space
[WARNING]: Received an action [0.65922303 0.81239625 0.0443095  0.39699519 0.70071209] that was outside action space Box(0.0, 1.0, (5,), float32). Environment is clipping to space
[WARNING]: Received an action [0.66170735 0.21378152 0.48658049 0.77288235 0.48457688] that was outside action space Box(0.0, 1.0, (5,), float32). Environment is clipping to space
[WARNING]: Received an action [0.92216956 0.52156336 0.65542722 0.2235518  0.51096808] that was outside action space Box(0.0, 1.0, (5,), float32). Environment is clipping to space
[WARNING]: Received an action [0.65569619 0.         0.8747962  0.3852184  0.18505772] that was outside action space Box(0.0, 1.0, (5,), float32). Environment is clipping to space
[WARNING]: Received an action [0.64471684 0.14794616 0.15379391 0.4930778  0.56841637] that was outside action space Box(0.0, 1.0, (5,), float32). Environment is clipping to space
[WARNING]: Received an action [0.96483775 0.43786152 0.56471696 0.36298466 0.45490709] that was outside action space Box(0.0, 1.0, (5,), float32). Environment is clipping to space
[WARNING]: Received an action [0.68144788 0.77563062 0.31153977 0.65136502 0.17622391] that was outside action space Box(0.0, 1.0, (5,), float32). Environment is clipping to space
[WARNING]: Received an action [0.26835923 0.4343812  0.20866214 0.86751863 0.27567802] that was outside action space Box(0.0, 1.0, (5,), float32). Environment is clipping to space
[WARNING]: Received an action [0.22690854 0.29193597 0.68222111 0.6459601  0.81050472] that was outside action space Box(0.0, 1.0, (5,), float32). Environment is clipping to space
[WARNING]: Received an action [0.99884478 0.55385329 0.28223484 0.33026897 0.63685306] that was outside action space Box(0.0, 1.0, (5,), float32). Environment is clipping to space
[WARNING]: Received an action [1.         0.11172381 0.87363665 0.61833712 0.69663187] that was outside action space Box(0.0, 1.0, (5,), float32). Environment is clipping to space
[WARNING]: Received an action [0.36320848 0.80515517 1.         0.89885819 0.41235149] that was outside action space Box(0.0, 1.0, (5,), float32). Environment is clipping to space
[WARNING]: Received an action [0.60555331 0.09822745 0.47750285 0.57916011 0.75858232] that was outside action space Box(0.0, 1.0, (5,), float32). Environment is clipping to space
[WARNING]: Received an action [0.42403263 0.58796231 0.09469044 0.25263502 0.33686223] that was outside action space Box(0.0, 1.0, (5,), float32). Environment is clipping to space
[WARNING]: Received an action [0.70220645 0.15005585 0.30615003 0.24486041 0.09181476] that was outside action space Box(0.0, 1.0, (5,), float32). Environment is clipping to space
[WARNING]: Received an action [0.81101406 0.35982364 0.19283451 0.63116979 0.36947157] that was outside action space Box(0.0, 1.0, (5,), float32). Environment is clipping to space
[WARNING]: Received an action [0.49631371 0.62767609 0.59569874 0.91077001 0.1660197 ] that was outside action space Box(0.0, 1.0, (5,), float32). Environment is clipping to space
[WARNING]: Received an action [0.86313419 0.4402456  0.16369635 0.7838731  0.99851791] that was outside action space Box(0.0, 1.0, (5,), float32). Environment is clipping to space
[WARNING]: Received an action [0.60547238 0.52548926 0.74904448 0.55156836 0.14781223] that was outside action space Box(0.0, 1.0, (5,), float32). Environment is clipping to space
[WARNING]: Received an action [0.43840796 0.68794648 0.45667061 0.8411106  0.53341438] that was outside action space Box(0.0, 1.0, (5,), float32). Environment is clipping to space
[WARNING]: Received an action [0.17915342 0.63021626 0.4691044  0.         0.41426037] that was outside action space Box(0.0, 1.0, (5,), float32). Environment is clipping to space
[WARNING]: Received an action [1.         0.35659827 0.90322736 0.47671325 0.45657787] that was outside action space Box(0.0, 1.0, (5,), float32). Environment is clipping to space
[WARNING]: Received an action [0.38929812 0.40780835 0.42191073 0.55904672 0.        ] that was outside action space Box(0.0, 1.0, (5,), float32). Environment is clipping to space
[WARNING]: Received an action [0.75081356 0.13396795 0.         0.52081969 0.54975825] that was outside action space Box(0.0, 1.0, (5,), float32). Environment is clipping to space
[WARNING]: Received an action [0.80148542 0.40963711 0.58378605 0.53103141 0.70543903] that was outside action space Box(0.0, 1.0, (5,), float32). Environment is clipping to space
[WARNING]: Received an action [0.56496112 0.54511797 0.27329763 0.68336374 0.86924421] that was outside action space Box(0.0, 1.0, (5,), float32). Environment is clipping to space
[WARNING]: Received an action [0.63133526 0.58934153 0.49338074 0.26927596 0.48897814] that was outside action space Box(0.0, 1.0, (5,), float32). Environment is clipping to space
[WARNING]: Received an action [0.70426072 0.49435363 0.42953136 0.71882771 0.5549082 ] that was outside action space Box(0.0, 1.0, (5,), float32). Environment is clipping to space
[WARNING]: Received an action [0.50885294 0.28378721 0.53318074 0.54488392 0.61668723] that was outside action space Box(0.0, 1.0, (5,), float32). Environment is clipping to space
[WARNING]: Received an action [0.9489147  0.30815024 0.47674873 0.32791662 0.63332809] that was outside action space Box(0.0, 1.0, (5,), float32). Environment is clipping to space
[WARNING]: Received an action [0.4905922  0.97893085 0.13474794 0.65058981 0.52546028] that was outside action space Box(0.0, 1.0, (5,), float32). Environment is clipping to space
[WARNING]: Received an action [0.6806494  0.58232333 0.54839422 0.46160503 0.21074509] that was outside action space Box(0.0, 1.0, (5,), float32). Environment is clipping to space
[WARNING]: Received an action [0.64705898 0.44473747 0.         0.4304677  0.26882657] that was outside action space Box(0.0, 1.0, (5,), float32). Environment is clipping to space
[WARNING]: Received an action [0.86025933 0.6720261  1.         0.57557779 0.        ] that was outside action space Box(0.0, 1.0, (5,), float32). Environment is clipping to space
[WARNING]: Received an action [0.55466676 0.22561214 0.3966046  0.89569953 0.45928253] that was outside action space Box(0.0, 1.0, (5,), float32). Environment is clipping to space
[WARNING]: Received an action [0.71608337 0.47289115 0.24908074 0.58852342 0.52317736] that was outside action space Box(0.0, 1.0, (5,), float32). Environment is clipping to space
[WARNING]: Received an action [0.75182136 0.92604225 0.04015997 0.04355153 0.31485827] that was outside action space Box(0.0, 1.0, (5,), float32). Environment is clipping to space
[WARNING]: Received an action [0.36689837 0.25196637 0.41177571 0.01453707 0.5683565 ] that was outside action space Box(0.0, 1.0, (5,), float32). Environment is clipping to space
[WARNING]: Received an action [0.55887714 0.5740205  0.4659825  0.63722427 1.        ] that was outside action space Box(0.0, 1.0, (5,), float32). Environment is clipping to space
[WARNING]: Received an action [0.68498576 0.4424705  0.20814353 0.13407319 0.51745671] that was outside action space Box(0.0, 1.0, (5,), float32). Environment is clipping to space
[WARNING]: Received an action [0.62934245 0.62916525 0.55248853 0.26722739 0.29639974] that was outside action space Box(0.0, 1.0, (5,), float32). Environment is clipping to space
[WARNING]: Received an action [0.38475587 0.61176084 0.3650071  0.31361175 0.51300329] that was outside action space Box(0.0, 1.0, (5,), float32). Environment is clipping to space
[WARNING]: Received an action [0.3422988  0.74569652 0.67572694 0.60660439 0.44992605] that was outside action space Box(0.0, 1.0, (5,), float32). Environment is clipping to space
[WARNING]: Received an action [0.39021656 0.36183907 0.3250893  0.09692556 0.38695111] that was outside action space Box(0.0, 1.0, (5,), float32). Environment is clipping to space
[WARNING]: Received an action [0.84520289 0.65370971 0.22530702 0.35284529 0.97403859] that was outside action space Box(0.0, 1.0, (5,), float32). Environment is clipping to space
[WARNING]: Received an action [1.         0.60802804 0.56323044 0.6367227  0.59829352] that was outside action space Box(0.0, 1.0, (5,), float32). Environment is clipping to space
[WARNING]: Received an action [0.34397204 0.50202587 0.75725715 0.72241618 0.47449402] that was outside action space Box(0.0, 1.0, (5,), float32). Environment is clipping to space
[WARNING]: Received an action [0.23960472 0.50236941 0.83045447 0.45690106 0.38241988] that was outside action space Box(0.0, 1.0, (5,), float32). Environment is clipping to space
[WARNING]: Received an action [0.00152369 0.61347303 0.71776259 0.47274077 0.75013221] that was outside action space Box(0.0, 1.0, (5,), float32). Environment is clipping to space
[WARNING]: Received an action [0.35955404 0.36732163 0.75115645 0.69719086 0.69386815] that was outside action space Box(0.0, 1.0, (5,), float32). Environment is clipping to space
[WARNING]: Received an action [0.48083361 0.         0.64944198 0.58326887 0.59867711] that was outside action space Box(0.0, 1.0, (5,), float32). Environment is clipping to space
[WARNING]: Received an action [1.         0.20401484 0.48277132 0.42500576 0.62919344] that was outside action space Box(0.0, 1.0, (5,), float32). Environment is clipping to space
[WARNING]: Received an action [0.866257   0.41090682 0.44056472 0.52423733 0.03149661] that was outside action space Box(0.0, 1.0, (5,), float32). Environment is clipping to space
[WARNING]: Received an action [0.64014125 0.19962909 0.62987002 0.02643143 0.43758952] that was outside action space Box(0.0, 1.0, (5,), float32). Environment is clipping to space
[WARNING]: Received an action [0.6234304  0.07367511 0.55419478 0.50495079 0.45384461] that was outside action space Box(0.0, 1.0, (5,), float32). Environment is clipping to space
[WARNING]: Received an action [0.55536004 0.6970737  0.48986754 0.37235639 0.        ] that was outside action space Box(0.0, 1.0, (5,), float32). Environment is clipping to space
[WARNING]: Received an action [0.59381897 0.63804478 0.83745678 0.13278418 0.36290315] that was outside action space Box(0.0, 1.0, (5,), float32). Environment is clipping to space
[WARNING]: Received an action [0.39794411 0.58836273 0.83275719 0.4983971  0.40819962] that was outside action space Box(0.0, 1.0, (5,), float32). Environment is clipping to space
[WARNING]: Received an action [0.44806057 0.94028007 0.64244851 0.65811705 0.79228747] that was outside action space Box(0.0, 1.0, (5,), float32). Environment is clipping to space
[WARNING]: Received an action [0.41358583 0.76130307 0.58703593 0.84846703 0.7132159 ] that was outside action space Box(0.0, 1.0, (5,), float32). Environment is clipping to space
[WARNING]: Received an action [0.79104689 0.67140697 0.10372459 0.81089898 0.46466729] that was outside action space Box(0.0, 1.0, (5,), float32). Environment is clipping to space
[WARNING]: Received an action [0.23565992 0.91882881 0.48653162 0.52837051 0.34010852] that was outside action space Box(0.0, 1.0, (5,), float32). Environment is clipping to space
[WARNING]: Received an action [0.468763   0.06807164 0.72367349 0.3152933  0.62022922] that was outside action space Box(0.0, 1.0, (5,), float32). Environment is clipping to space
[WARNING]: Received an action [0.46886665 0.75292084 0.54972546 0.55210043 0.74199126] that was outside action space Box(0.0, 1.0, (5,), float32). Environment is clipping to space
[WARNING]: Received an action [0.4374809  0.63812164 0.23020439 0.37794908 0.50352368] that was outside action space Box(0.0, 1.0, (5,), float32). Environment is clipping to space
[WARNING]: Received an action [0.75084293 0.58394127 0.24262899 0.54187762 0.42664643] that was outside action space Box(0.0, 1.0, (5,), float32). Environment is clipping to space
[WARNING]: Received an action [0.74722944 0.87708999 0.52746914 0.38392966 0.42967189] that was outside action space Box(0.0, 1.0, (5,), float32). Environment is clipping to space
[WARNING]: Received an action [0.64404291 0.27184384 0.55758204 0.54503897 0.28615488] that was outside action space Box(0.0, 1.0, (5,), float32). Environment is clipping to space
[WARNING]: Received an action [0.84108699 0.5498199  0.84215795 0.38890473 0.83015944] that was outside action space Box(0.0, 1.0, (5,), float32). Environment is clipping to space
[WARNING]: Received an action [0.55191688 0.30402918 0.30931331 1.         0.11998312] that was outside action space Box(0.0, 1.0, (5,), float32). Environment is clipping to space
[WARNING]: Received an action [0.61873852 0.75993326 0.6626787  0.65327463 0.259298  ] that was outside action space Box(0.0, 1.0, (5,), float32). Environment is clipping to space
[WARNING]: Received an action [0.28037096 0.36103989 0.69957332 0.44838175 0.63571307] that was outside action space Box(0.0, 1.0, (5,), float32). Environment is clipping to space
[WARNING]: Received an action [0.57296772 0.15925886 0.47600251 0.31425631 0.49673583] that was outside action space Box(0.0, 1.0, (5,), float32). Environment is clipping to space
[WARNING]: Received an action [0.10848455 0.46081713 0.51987998 0.44559032 0.34551361] that was outside action space Box(0.0, 1.0, (5,), float32). Environment is clipping to space
[WARNING]: Received an action [0.28178311 0.44737033 0.31043515 0.44415655 0.66281005] that was outside action space Box(0.0, 1.0, (5,), float32). Environment is clipping to space
[WARNING]: Received an action [0.46776089 0.84134982 0.17327089 0.31056076 0.77112946] that was outside action space Box(0.0, 1.0, (5,), float32). Environment is clipping to space
[WARNING]: Received an action [0.8509825  0.24296664 0.68509837 0.65224725 0.37972325] that was outside action space Box(0.0, 1.0, (5,), float32). Environment is clipping to space
[WARNING]: Received an action [0.36148744 0.86964334 0.40045971 0.13934432 0.55463924] that was outside action space Box(0.0, 1.0, (5,), float32). Environment is clipping to space
[WARNING]: Received an action [0.60654581 0.2684145  0.49169936 0.59915741 0.65675153] that was outside action space Box(0.0, 1.0, (5,), float32). Environment is clipping to space
[WARNING]: Received an action [0.5446061  0.68199333 0.53060857 0.91007981 0.49362626] that was outside action space Box(0.0, 1.0, (5,), float32). Environment is clipping to space
[WARNING]: Received an action [0.4170766  0.57624533 0.82010906 0.47707855 0.7298855 ] that was outside action space Box(0.0, 1.0, (5,), float32). Environment is clipping to space
[WARNING]: Received an action [0.38369673 0.7193617  0.86098931 0.44767107 0.23150073] that was outside action space Box(0.0, 1.0, (5,), float32). Environment is clipping to space
[WARNING]: Received an action [0.58523718 0.35412924 0.53693293 1.         0.35993183] that was outside action space Box(0.0, 1.0, (5,), float32). Environment is clipping to space
[WARNING]: Received an action [0.58051636 0.53788281 0.60575659 0.32477132 0.60654543] that was outside action space Box(0.0, 1.0, (5,), float32). Environment is clipping to space
[WARNING]: Received an action [0.42307661 0.6828873  0.67699555 0.45562301 0.58755633] that was outside action space Box(0.0, 1.0, (5,), float32). Environment is clipping to space
[WARNING]: Received an action [0.5904774  0.43135173 0.49160778 0.81529418 0.54621891] that was outside action space Box(0.0, 1.0, (5,), float32). Environment is clipping to space
[WARNING]: Received an action [0.45030249 0.33046982 0.33913031 0.08331452 0.5595924 ] that was outside action space Box(0.0, 1.0, (5,), float32). Environment is clipping to space
[WARNING]: Received an action [0.40285933 0.70569702 0.40214135 0.21824787 0.50139829] that was outside action space Box(0.0, 1.0, (5,), float32). Environment is clipping to space
[WARNING]: Received an action [0.70194992 0.49964101 0.68072113 0.60241238 0.45928946] that was outside action space Box(0.0, 1.0, (5,), float32). Environment is clipping to space
[WARNING]: Received an action [0.25740743 0.58098238 0.7220163  0.4708614  0.32568597] that was outside action space Box(0.0, 1.0, (5,), float32). Environment is clipping to space
[WARNING]: Received an action [0.71931436 0.49538482 0.48594164 0.40158632 0.52168315] that was outside action space Box(0.0, 1.0, (5,), float32). Environment is clipping to space
[WARNING]: Received an action [0.39437281 0.33046128 0.6451102  0.0437503  0.8372741 ] that was outside action space Box(0.0, 1.0, (5,), float32). Environment is clipping to space
[WARNING]: Received an action [0.13380921 0.76451643 0.46071025 0.19018333 0.63498448] that was outside action space Box(0.0, 1.0, (5,), float32). Environment is clipping to space
[WARNING]: Received an action [0.67182075 0.22079147 0.4415489  0.69708891 0.96163461] that was outside action space Box(0.0, 1.0, (5,), float32). Environment is clipping to space
[WARNING]: Received an action [0.179877   0.4801516  1.         0.3380891  0.24157411] that was outside action space Box(0.0, 1.0, (5,), float32). Environment is clipping to space
[WARNING]: Received an action [0.48850974 0.48053273 0.28179911 0.50890984 0.88278717] that was outside action space Box(0.0, 1.0, (5,), float32). Environment is clipping to space
[WARNING]: Received an action [0.65826354 0.46504929 0.39276909 0.63923256 0.26981123] that was outside action space Box(0.0, 1.0, (5,), float32). Environment is clipping to space
[WARNING]: Received an action [0.5602157  0.15180338 0.51732076 0.51606052 0.10621763] that was outside action space Box(0.0, 1.0, (5,), float32). Environment is clipping to space
[WARNING]: Received an action [0.71432738 0.71020755 0.44806783 0.7008246  0.70704818] that was outside action space Box(0.0, 1.0, (5,), float32). Environment is clipping to space
[WARNING]: Received an action [0.2917854  0.93757021 0.38915145 0.44249352 0.53400365] that was outside action space Box(0.0, 1.0, (5,), float32). Environment is clipping to space
[WARNING]: Received an action [0.3486     0.28479985 0.60543893 0.46093901 0.92980464] that was outside action space Box(0.0, 1.0, (5,), float32). Environment is clipping to space
[WARNING]: Received an action [0.50557468 0.48086182 0.87707403 0.26848966 0.75813564] that was outside action space Box(0.0, 1.0, (5,), float32). Environment is clipping to space
[WARNING]: Received an action [0.76774551 0.31307359 0.47977914 0.3366438  0.69443674] that was outside action space Box(0.0, 1.0, (5,), float32). Environment is clipping to space
[WARNING]: Received an action [0.71255178 0.32866243 0.30303409 0.24580045 0.41203133] that was outside action space Box(0.0, 1.0, (5,), float32). Environment is clipping to space
[WARNING]: Received an action [1.         0.42737058 0.40294267 0.37670518 0.55678111] that was outside action space Box(0.0, 1.0, (5,), float32). Environment is clipping to space
[WARNING]: Received an action [0.29693707 0.4263085  0.8063335  0.52243107 0.44638699] that was outside action space Box(0.0, 1.0, (5,), float32). Environment is clipping to space
[WARNING]: Received an action [0.29421172 0.15607565 0.44947814 0.6875223  0.58714035] that was outside action space Box(0.0, 1.0, (5,), float32). Environment is clipping to space
[WARNING]: Received an action [0.44258178 0.47960307 0.86085032 0.20534642 0.20801203] that was outside action space Box(0.0, 1.0, (5,), float32). Environment is clipping to space
[WARNING]: Received an action [0.22206927 0.1670461  0.58791588 0.88654329 0.53975106] that was outside action space Box(0.0, 1.0, (5,), float32). Environment is clipping to space
[WARNING]: Received an action [0.59988121 0.58235827 0.29283254 0.36414422 0.761301  ] that was outside action space Box(0.0, 1.0, (5,), float32). Environment is clipping to space
[WARNING]: Received an action [0.6908911  0.49829024 0.2253774  0.48593608 0.26054343] that was outside action space Box(0.0, 1.0, (5,), float32). Environment is clipping to space
[WARNING]: Received an action [0.79167075 0.42792435 0.17908437 0.58184132 0.65746735] that was outside action space Box(0.0, 1.0, (5,), float32). Environment is clipping to space
[WARNING]: Received an action [0.68650805 0.39457091 0.29546128 0.24672907 0.57042992] that was outside action space Box(0.0, 1.0, (5,), float32). Environment is clipping to space
[WARNING]: Received an action [0.52122939 0.31126052 0.44609966 0.52715904 0.32733767] that was outside action space Box(0.0, 1.0, (5,), float32). Environment is clipping to space
[WARNING]: Received an action [0.04329613 0.5568717  0.50903575 0.18327176 0.09964303] that was outside action space Box(0.0, 1.0, (5,), float32). Environment is clipping to space
[WARNING]: Received an action [1.         0.33025904 0.22088089 0.         0.58804213] that was outside action space Box(0.0, 1.0, (5,), float32). Environment is clipping to space
[WARNING]: Received an action [1.         0.69691509 0.78347834 0.08912755 0.81100906] that was outside action space Box(0.0, 1.0, (5,), float32). Environment is clipping to space
[WARNING]: Received an action [0.50062029 0.34909361 0.47150064 0.42081637 0.55393807] that was outside action space Box(0.0, 1.0, (5,), float32). Environment is clipping to space
[WARNING]: Received an action [0.3908916  0.4008935  1.         0.40207159 0.79460505] that was outside action space Box(0.0, 1.0, (5,), float32). Environment is clipping to space
[WARNING]: Received an action [0.64205669 0.56803696 0.82259762 0.70244868 0.21937517] that was outside action space Box(0.0, 1.0, (5,), float32). Environment is clipping to space
[WARNING]: Received an action [0.81385808 0.11583737 0.62303005 0.69199508 0.59530673] that was outside action space Box(0.0, 1.0, (5,), float32). Environment is clipping to space
[WARNING]: Received an action [0.38660118 0.4868204  0.31246077 0.43767489 0.74398038] that was outside action space Box(0.0, 1.0, (5,), float32). Environment is clipping to space
[WARNING]: Received an action [0.87557371 0.57000787 0.20184133 0.66298808 1.        ] that was outside action space Box(0.0, 1.0, (5,), float32). Environment is clipping to space
[WARNING]: Received an action [0.61116171 0.3441515  0.5833882  0.30130956 0.7782965 ] that was outside action space Box(0.0, 1.0, (5,), float32). Environment is clipping to space
[WARNING]: Received an action [0.6205342  0.38657906 0.5363022  0.80810333 0.26922324] that was outside action space Box(0.0, 1.0, (5,), float32). Environment is clipping to space
[WARNING]: Received an action [0.45816145 0.91190747 0.74106743 0.81097955 0.29021792] that was outside action space Box(0.0, 1.0, (5,), float32). Environment is clipping to space
[WARNING]: Received an action [0.42037966 0.3435853  0.97638567 0.58720276 0.22096791] that was outside action space Box(0.0, 1.0, (5,), float32). Environment is clipping to space
[WARNING]: Received an action [0.67842283 0.41589467 0.17456056 0.89670773 0.72724519] that was outside action space Box(0.0, 1.0, (5,), float32). Environment is clipping to space
[WARNING]: Received an action [0.88738059 0.36945614 0.64120148 0.38232784 0.344492  ] that was outside action space Box(0.0, 1.0, (5,), float32). Environment is clipping to space
[WARNING]: Received an action [0.46122399 0.23587989 0.39468546 0.61931122 0.75842333] that was outside action space Box(0.0, 1.0, (5,), float32). Environment is clipping to space
[WARNING]: Received an action [0.56438293 0.58681621 0.20579436 0.65502069 0.45896556] that was outside action space Box(0.0, 1.0, (5,), float32). Environment is clipping to space
[WARNING]: Received an action [0.37386265 0.67790814 0.38050583 0.7088355  0.31192692] that was outside action space Box(0.0, 1.0, (5,), float32). Environment is clipping to space
[WARNING]: Received an action [0.61116347 0.31162395 0.55228789 0.52741703 0.60362494] that was outside action space Box(0.0, 1.0, (5,), float32). Environment is clipping to space
[WARNING]: Received an action [0.25758358 0.34774168 0.51678314 0.51213554 0.83996829] that was outside action space Box(0.0, 1.0, (5,), float32). Environment is clipping to space
[WARNING]: Received an action [0.88073089 0.50764217 0.43360802 0.4980968  0.80078827] that was outside action space Box(0.0, 1.0, (5,), float32). Environment is clipping to space
[WARNING]: Received an action [0.54859258 0.47481675 0.75724515 0.28670006 0.44946062] that was outside action space Box(0.0, 1.0, (5,), float32). Environment is clipping to space
[WARNING]: Received an action [0.50865196 0.54559896 0.0299972  0.74487567 0.25838624] that was outside action space Box(0.0, 1.0, (5,), float32). Environment is clipping to space
[WARNING]: Received an action [0.43750126 0.56029005 0.45910597 0.65994062 0.48823063] that was outside action space Box(0.0, 1.0, (5,), float32). Environment is clipping to space
[WARNING]: Received an action [0.74999521 0.1717812  0.67615256 0.96260195 0.23345755] that was outside action space Box(0.0, 1.0, (5,), float32). Environment is clipping to space
[WARNING]: Received an action [0.61018723 0.55418733 0.08360602 0.50726435 0.39761863] that was outside action space Box(0.0, 1.0, (5,), float32). Environment is clipping to space
[WARNING]: Received an action [0.38406352 0.63800667 0.22362301 0.20477888 0.39640752] that was outside action space Box(0.0, 1.0, (5,), float32). Environment is clipping to space
[WARNING]: Received an action [0.42605395 0.87178643 0.70573833 0.56591361 0.41628597] that was outside action space Box(0.0, 1.0, (5,), float32). Environment is clipping to space
[WARNING]: Received an action [0.31555403 0.72267947 0.77109914 0.72446516 0.6114422 ] that was outside action space Box(0.0, 1.0, (5,), float32). Environment is clipping to space
[WARNING]: Received an action [0.50606025 0.39128354 0.61315197 0.77044718 0.98869465] that was outside action space Box(0.0, 1.0, (5,), float32). Environment is clipping to space
[WARNING]: Received an action [0.23990928 0.0866162  0.         0.56137808 0.80718198] that was outside action space Box(0.0, 1.0, (5,), float32). Environment is clipping to space
[WARNING]: Received an action [0.73627805 0.49275311 0.40887969 0.25223127 0.42972182] that was outside action space Box(0.0, 1.0, (5,), float32). Environment is clipping to space
[WARNING]: Received an action [0.6387046  0.56216966 0.65455015 0.38700463 1.        ] that was outside action space Box(0.0, 1.0, (5,), float32). Environment is clipping to space
[WARNING]: Received an action [0.38341744 0.80375479 0.35691152 0.09257324 0.67518263] that was outside action space Box(0.0, 1.0, (5,), float32). Environment is clipping to space
[WARNING]: Received an action [0.65479463 0.35823952 0.55407971 0.00990361 0.47524349] that was outside action space Box(0.0, 1.0, (5,), float32). Environment is clipping to space
[WARNING]: Received an action [0.63579657 0.9395198  0.78016079 0.39667569 0.59181769] that was outside action space Box(0.0, 1.0, (5,), float32). Environment is clipping to space
[WARNING]: Received an action [0.64990765 0.54744149 0.64106436 0.49788709 0.35379107] that was outside action space Box(0.0, 1.0, (5,), float32). Environment is clipping to space
[WARNING]: Received an action [0.88656261 0.50489043 0.81357223 0.27396386 0.17545274] that was outside action space Box(0.0, 1.0, (5,), float32). Environment is clipping to space
[WARNING]: Received an action [0.80755528 0.76816054 0.53036378 0.66589126 0.88993036] that was outside action space Box(0.0, 1.0, (5,), float32). Environment is clipping to space
[WARNING]: Received an action [0.43796339 0.25540724 0.26508308 0.60962866 0.30310102] that was outside action space Box(0.0, 1.0, (5,), float32). Environment is clipping to space
[WARNING]: Received an action [0.4787978  0.87590709 0.66731147 0.69484489 0.47223156] that was outside action space Box(0.0, 1.0, (5,), float32). Environment is clipping to space
[WARNING]: Received an action [0.22998557 0.30468321 0.84580651 0.49963075 0.64801734] that was outside action space Box(0.0, 1.0, (5,), float32). Environment is clipping to space
[WARNING]: Received an action [0.27638231 0.9593994  0.26132429 0.50735801 0.7237379 ] that was outside action space Box(0.0, 1.0, (5,), float32). Environment is clipping to space
[WARNING]: Received an action [0.65867288 0.31799879 0.53890729 0.3848814  0.54655628] that was outside action space Box(0.0, 1.0, (5,), float32). Environment is clipping to space
[WARNING]: Received an action [0.58149665 0.35076194 0.71254356 0.30684291 0.16848812] that was outside action space Box(0.0, 1.0, (5,), float32). Environment is clipping to space
[WARNING]: Received an action [0.49056917 0.31909774 0.66143061 0.15284397 0.38402329] that was outside action space Box(0.0, 1.0, (5,), float32). Environment is clipping to space
[WARNING]: Received an action [0.58507338 0.12396343 0.62240922 0.46471908 0.56457985] that was outside action space Box(0.0, 1.0, (5,), float32). Environment is clipping to space
[WARNING]: Received an action [0.18091339 0.3641756  0.58897705 0.         0.82510311] that was outside action space Box(0.0, 1.0, (5,), float32). Environment is clipping to space
[WARNING]: Received an action [0.32070666 0.53548474 0.53152849 0.80209797 0.65054179] that was outside action space Box(0.0, 1.0, (5,), float32). Environment is clipping to space
[WARNING]: Received an action [0.67381055 0.35237241 0.86171278 0.36992398 0.7306437 ] that was outside action space Box(0.0, 1.0, (5,), float32). Environment is clipping to space
[WARNING]: Received an action [0.55365562 0.40791556 0.77825586 0.7413178  0.73467357] that was outside action space Box(0.0, 1.0, (5,), float32). Environment is clipping to space
[WARNING]: Received an action [0.5687352  0.51873083 0.79196893 0.59110249 0.50296652] that was outside action space Box(0.0, 1.0, (5,), float32). Environment is clipping to space
[WARNING]: Received an action [0.50285653 0.         0.27647747 0.68096379 0.33057541] that was outside action space Box(0.0, 1.0, (5,), float32). Environment is clipping to space
[WARNING]: Received an action [0.57495306 0.39786819 0.67599251 0.         0.49543244] that was outside action space Box(0.0, 1.0, (5,), float32). Environment is clipping to space
[WARNING]: Received an action [0.4074497  0.55565558 0.81731869 0.78463542 0.85743524] that was outside action space Box(0.0, 1.0, (5,), float32). Environment is clipping to space
[WARNING]: Received an action [0.73078817 0.09029662 0.42726963 0.95174119 0.67594057] that was outside action space Box(0.0, 1.0, (5,), float32). Environment is clipping to space
[WARNING]: Received an action [0.34489712 0.70971305 0.49032916 0.11469222 0.56926448] that was outside action space Box(0.0, 1.0, (5,), float32). Environment is clipping to space
[WARNING]: Received an action [0.58235159 0.         0.47979089 0.23947684 0.90824512] that was outside action space Box(0.0, 1.0, (5,), float32). Environment is clipping to space
[WARNING]: Received an action [0.49755502 0.84705774 0.18864448 0.09466891 0.73124596] that was outside action space Box(0.0, 1.0, (5,), float32). Environment is clipping to space
[WARNING]: Received an action [0.01991228 0.75771602 0.67683753 0.17827651 0.33344321] that was outside action space Box(0.0, 1.0, (5,), float32). Environment is clipping to space
[WARNING]: Received an action [0.66417094 0.33488061 0.81144729 0.63150235 0.51028485] that was outside action space Box(0.0, 1.0, (5,), float32). Environment is clipping to space
[WARNING]: Received an action [0.20461547 0.50736599 0.72079145 0.8742206  0.00472132] that was outside action space Box(0.0, 1.0, (5,), float32). Environment is clipping to space
[WARNING]: Received an action [0.25600257 0.77179869 0.75863111 0.43077857 0.62213643] that was outside action space Box(0.0, 1.0, (5,), float32). Environment is clipping to space
[WARNING]: Received an action [1.         0.68657665 0.10644083 0.30200992 0.69590867] that was outside action space Box(0.0, 1.0, (5,), float32). Environment is clipping to space
[WARNING]: Received an action [0.66891637 0.52558938 0.56509815 0.82450045 0.16026314] that was outside action space Box(0.0, 1.0, (5,), float32). Environment is clipping to space
[WARNING]: Received an action [0.50996708 0.5445588  0.37322992 0.06788372 0.77805107] that was outside action space Box(0.0, 1.0, (5,), float32). Environment is clipping to space
[WARNING]: Received an action [0.62799166 0.36487597 0.57181277 0.57960102 0.35113914] that was outside action space Box(0.0, 1.0, (5,), float32). Environment is clipping to space
[WARNING]: Received an action [0.5691665  0.62760831 0.41929519 0.45255858 0.14754598] that was outside action space Box(0.0, 1.0, (5,), float32). Environment is clipping to space
[WARNING]: Received an action [0.21097877 0.35563756 0.51599002 0.44609993 0.91166103] that was outside action space Box(0.0, 1.0, (5,), float32). Environment is clipping to space
[WARNING]: Received an action [0.46780485 0.32508906 0.65886122 0.75853984 0.40949649] that was outside action space Box(0.0, 1.0, (5,), float32). Environment is clipping to space
[WARNING]: Received an action [0.45744223 0.89342782 0.78934887 0.89965522 0.56777084] that was outside action space Box(0.0, 1.0, (5,), float32). Environment is clipping to space
[WARNING]: Received an action [0.82089796 0.66703766 0.03051323 0.         0.18838699] that was outside action space Box(0.0, 1.0, (5,), float32). Environment is clipping to space
[WARNING]: Received an action [0.82647513 0.03704054 0.39309559 0.84327541 0.64853758] that was outside action space Box(0.0, 1.0, (5,), float32). Environment is clipping to space
[WARNING]: Received an action [0.56770654 0.16018613 0.79868198 0.92366733 0.16927698] that was outside action space Box(0.0, 1.0, (5,), float32). Environment is clipping to space
[WARNING]: Received an action [0.51150603 0.42170754 0.13900994 0.62403686 0.63672422] that was outside action space Box(0.0, 1.0, (5,), float32). Environment is clipping to space
[WARNING]: Received an action [0.22839238 0.81608431 0.62516283 0.84413547 0.63632726] that was outside action space Box(0.0, 1.0, (5,), float32). Environment is clipping to space
[WARNING]: Received an action [0.55753766 0.62330915 0.46349575 0.17716509 0.3646093 ] that was outside action space Box(0.0, 1.0, (5,), float32). Environment is clipping to space
[WARNING]: Received an action [0.30487894 0.46730952 0.51835986 0.62698292 0.53521736] that was outside action space Box(0.0, 1.0, (5,), float32). Environment is clipping to space
[WARNING]: Received an action [0.58161712 0.61587901 0.         0.14909671 0.33940423] that was outside action space Box(0.0, 1.0, (5,), float32). Environment is clipping to space
[WARNING]: Received an action [0.39788683 0.37226226 0.37824062 0.41596906 0.43386211] that was outside action space Box(0.0, 1.0, (5,), float32). Environment is clipping to space
[WARNING]: Received an action [0.67028913 0.57213307 0.30289634 0.46088902 0.75259254] that was outside action space Box(0.0, 1.0, (5,), float32). Environment is clipping to space
[WARNING]: Received an action [0.54490277 0.70293165 0.22978123 0.16547171 0.45254332] that was outside action space Box(0.0, 1.0, (5,), float32). Environment is clipping to space
[WARNING]: Received an action [0.86123695 0.32518324 0.8416069  0.37081713 0.37343246] that was outside action space Box(0.0, 1.0, (5,), float32). Environment is clipping to space
[WARNING]: Received an action [0.50691423 0.37257867 0.38963055 0.91718431 0.59858632] that was outside action space Box(0.0, 1.0, (5,), float32). Environment is clipping to space
[WARNING]: Received an action [0.6791104  0.90404952 0.84806211 0.31366971 0.96024101] that was outside action space Box(0.0, 1.0, (5,), float32). Environment is clipping to space
[WARNING]: Received an action [0.46078105 0.         0.44995282 0.23067483 0.65546671] that was outside action space Box(0.0, 1.0, (5,), float32). Environment is clipping to space
[WARNING]: Received an action [1.         0.21360862 0.59743251 0.18782718 0.41092796] that was outside action space Box(0.0, 1.0, (5,), float32). Environment is clipping to space
[WARNING]: Received an action [0.76204957 0.25593964 0.59639821 0.7762816  0.09228424] that was outside action space Box(0.0, 1.0, (5,), float32). Environment is clipping to space
[WARNING]: Received an action [0.27115719 0.35540987 0.53466041 0.30438614 0.50911259] that was outside action space Box(0.0, 1.0, (5,), float32). Environment is clipping to space
[WARNING]: Received an action [0.36250175 0.4487705  1.         0.23372724 0.85633427] that was outside action space Box(0.0, 1.0, (5,), float32). Environment is clipping to space
[WARNING]: Received an action [0.35874604 0.20275695 0.42891947 0.61465302 0.81259324] that was outside action space Box(0.0, 1.0, (5,), float32). Environment is clipping to space
[WARNING]: Received an action [0.0316852  0.41449822 0.65826677 0.45382486 0.86510895] that was outside action space Box(0.0, 1.0, (5,), float32). Environment is clipping to space
[WARNING]: Received an action [0.01911834 0.4903462  0.         0.40660181 0.35183231] that was outside action space Box(0.0, 1.0, (5,), float32). Environment is clipping to space
[WARNING]: Received an action [1.         0.5883396  0.21522662 1.         0.84321333] that was outside action space Box(0.0, 1.0, (5,), float32). Environment is clipping to space
[WARNING]: Received an action [1.         0.5638464  0.18652935 0.27610822 0.30109011] that was outside action space Box(0.0, 1.0, (5,), float32). Environment is clipping to space
[WARNING]: Received an action [0.31074632 0.26430218 0.82086179 0.63479241 0.71786763] that was outside action space Box(0.0, 1.0, (5,), float32). Environment is clipping to space
[WARNING]: Received an action [0.6081918  0.62762935 0.05598589 0.52302875 0.50879604] that was outside action space Box(0.0, 1.0, (5,), float32). Environment is clipping to space
[WARNING]: Received an action [0.49783373 0.40410378 0.56151811 0.33230083 0.65390333] that was outside action space Box(0.0, 1.0, (5,), float32). Environment is clipping to space
[WARNING]: Received an action [0.2556018  0.85206323 0.88214223 0.59789605 0.4959981 ] that was outside action space Box(0.0, 1.0, (5,), float32). Environment is clipping to space
[WARNING]: Received an action [0.31460329 0.58540006 0.796983   0.83325186 0.42863002] that was outside action space Box(0.0, 1.0, (5,), float32). Environment is clipping to space
[WARNING]: Received an action [0.71440027 0.68781699 0.42967215 0.26952446 0.67666016] that was outside action space Box(0.0, 1.0, (5,), float32). Environment is clipping to space
[WARNING]: Received an action [0.4717586  0.63359728 0.38313027 0.43305593 0.53840147] that was outside action space Box(0.0, 1.0, (5,), float32). Environment is clipping to space
[WARNING]: Received an action [0.63557346 0.8588633  0.84908393 1.         0.66767981] that was outside action space Box(0.0, 1.0, (5,), float32). Environment is clipping to space
[WARNING]: Received an action [0.62069442 0.22000111 0.11907156 0.64869758 0.86051294] that was outside action space Box(0.0, 1.0, (5,), float32). Environment is clipping to space
[WARNING]: Received an action [0.81129789 0.64023575 0.42058695 0.28918385 0.55019014] that was outside action space Box(0.0, 1.0, (5,), float32). Environment is clipping to space
[WARNING]: Received an action [0.86098904 0.33926261 0.12554009 0.27649636 0.37904656] that was outside action space Box(0.0, 1.0, (5,), float32). Environment is clipping to space
[WARNING]: Received an action [0.41474306 0.42342314 0.70456024 0.64165329 0.44674197] that was outside action space Box(0.0, 1.0, (5,), float32). Environment is clipping to space
[WARNING]: Received an action [0.61728758 0.51377614 0.44013253 0.08284131 0.56897892] that was outside action space Box(0.0, 1.0, (5,), float32). Environment is clipping to space
[WARNING]: Received an action [0.77092763 0.49954768 0.8365924  0.75602907 0.63875529] that was outside action space Box(0.0, 1.0, (5,), float32). Environment is clipping to space
[WARNING]: Received an action [0.20383986 0.16528535 0.58577152 0.44192082 0.6149447 ] that was outside action space Box(0.0, 1.0, (5,), float32). Environment is clipping to space
[WARNING]: Received an action [0.63031948 0.88283236 0.7202888  0.61907632 0.81857633] that was outside action space Box(0.0, 1.0, (5,), float32). Environment is clipping to space
[WARNING]: Received an action [0.51089483 0.31579537 0.9823193  0.45003736 0.41233115] that was outside action space Box(0.0, 1.0, (5,), float32). Environment is clipping to space
[WARNING]: Received an action [0.         0.49044441 0.63881602 0.70052255 0.72741446] that was outside action space Box(0.0, 1.0, (5,), float32). Environment is clipping to space
[WARNING]: Received an action [0.38728485 0.41354457 0.26137535 0.62390414 0.66192601] that was outside action space Box(0.0, 1.0, (5,), float32). Environment is clipping to space
[WARNING]: Received an action [0.25639509 0.63804865 1.         0.46770201 0.73820931] that was outside action space Box(0.0, 1.0, (5,), float32). Environment is clipping to space
[WARNING]: Received an action [0.68193404 0.31542181 0.23695541 0.27247855 0.48809986] that was outside action space Box(0.0, 1.0, (5,), float32). Environment is clipping to space
[WARNING]: Received an action [0.8451848  0.18073957 0.28574387 0.52902418 0.674588  ] that was outside action space Box(0.0, 1.0, (5,), float32). Environment is clipping to space
[WARNING]: Received an action [0.24089658 0.69665289 0.04659263 0.64588687 0.52869538] that was outside action space Box(0.0, 1.0, (5,), float32). Environment is clipping to space
[WARNING]: Received an action [0.29201726 0.53061454 0.51611507 0.62404548 0.43520742] that was outside action space Box(0.0, 1.0, (5,), float32). Environment is clipping to space
[WARNING]: Received an action [0.74462499 0.26776582 0.58487619 0.47591048 0.37559784] that was outside action space Box(0.0, 1.0, (5,), float32). Environment is clipping to space
[WARNING]: Received an action [0.62263484 0.88248254 0.59028952 0.44167441 0.40612057] that was outside action space Box(0.0, 1.0, (5,), float32). Environment is clipping to space
[WARNING]: Received an action [0.54048488 0.39870391 0.56521644 0.59272312 0.55505518] that was outside action space Box(0.0, 1.0, (5,), float32). Environment is clipping to space
[WARNING]: Received an action [0.73507579 0.22087882 0.58584398 0.45253494 0.76151673] that was outside action space Box(0.0, 1.0, (5,), float32). Environment is clipping to space
[WARNING]: Received an action [0.77467507 0.09280316 0.31339511 0.48064007 0.54974267] that was outside action space Box(0.0, 1.0, (5,), float32). Environment is clipping to space
[WARNING]: Received an action [0.58543663 0.59883234 0.70197084 0.54699331 0.56120889] that was outside action space Box(0.0, 1.0, (5,), float32). Environment is clipping to space
[WARNING]: Received an action [0.32762942 0.46316354 0.73075129 0.58256542 0.37863616] that was outside action space Box(0.0, 1.0, (5,), float32). Environment is clipping to space
[WARNING]: Received an action [0.69721612 0.09121499 0.44754079 0.63504382 0.61131313] that was outside action space Box(0.0, 1.0, (5,), float32). Environment is clipping to space
[WARNING]: Received an action [0.98039498 0.76170222 0.3179134  0.60428958 0.59849018] that was outside action space Box(0.0, 1.0, (5,), float32). Environment is clipping to space
[WARNING]: Received an action [0.27058877 0.50084419 0.44435247 0.4178596  0.66824671] that was outside action space Box(0.0, 1.0, (5,), float32). Environment is clipping to space
[WARNING]: Received an action [0.39506955 0.56873787 0.64292495 0.89489705 0.8904707 ] that was outside action space Box(0.0, 1.0, (5,), float32). Environment is clipping to space
[WARNING]: Received an action [0.1164976  0.21723892 0.05794248 0.63265518 0.32818729] that was outside action space Box(0.0, 1.0, (5,), float32). Environment is clipping to space
[WARNING]: Received an action [0.69907226 0.60046138 0.50797472 0.50698774 0.8021896 ] that was outside action space Box(0.0, 1.0, (5,), float32). Environment is clipping to space
[WARNING]: Received an action [0.41767467 0.57057217 0.71684476 0.47330034 0.23576638] that was outside action space Box(0.0, 1.0, (5,), float32). Environment is clipping to space
[WARNING]: Received an action [0.28684053 0.65484538 0.58239055 0.30683264 0.72149872] that was outside action space Box(0.0, 1.0, (5,), float32). Environment is clipping to space
[WARNING]: Received an action [0.97187157 0.35650647 1.         0.44499997 0.71120424] that was outside action space Box(0.0, 1.0, (5,), float32). Environment is clipping to space
[WARNING]: Received an action [0.4052129  0.47344192 0.45567661 0.54591071 0.76830213] that was outside action space Box(0.0, 1.0, (5,), float32). Environment is clipping to space
[WARNING]: Received an action [0.51188216 0.32049829 0.89340992 0.32045534 0.3552003 ] that was outside action space Box(0.0, 1.0, (5,), float32). Environment is clipping to space
[WARNING]: Received an action [0.67661473 0.38729785 0.41955411 0.47812573 0.83494931] that was outside action space Box(0.0, 1.0, (5,), float32). Environment is clipping to space
[WARNING]: Received an action [0.69284275 0.48421425 0.58614308 0.43504614 0.66541842] that was outside action space Box(0.0, 1.0, (5,), float32). Environment is clipping to space
[WARNING]: Received an action [0.37159982 0.06933007 0.19363213 0.4536545  0.28923102] that was outside action space Box(0.0, 1.0, (5,), float32). Environment is clipping to space
[WARNING]: Received an action [0.23839675 0.29567507 0.26795124 0.706986   0.39310206] that was outside action space Box(0.0, 1.0, (5,), float32). Environment is clipping to space
[WARNING]: Received an action [0.63004395 0.1643412  0.60519162 0.675009   0.62704786] that was outside action space Box(0.0, 1.0, (5,), float32). Environment is clipping to space
[WARNING]: Received an action [0.72547815 0.37541485 0.33425768 0.4130869  0.49506545] that was outside action space Box(0.0, 1.0, (5,), float32). Environment is clipping to space
[WARNING]: Received an action [0.47894453 0.68576357 0.5654478  0.74544243 0.60565116] that was outside action space Box(0.0, 1.0, (5,), float32). Environment is clipping to space
[WARNING]: Received an action [0.42195189 0.88095215 0.76072468 0.50697006 0.42261755] that was outside action space Box(0.0, 1.0, (5,), float32). Environment is clipping to space
[WARNING]: Received an action [0.69279243 0.3155588  0.43523046 0.55419316 0.14256849] that was outside action space Box(0.0, 1.0, (5,), float32). Environment is clipping to space
[WARNING]: Received an action [0.86773422 0.44327335 0.38606258 0.37317828 0.72837457] that was outside action space Box(0.0, 1.0, (5,), float32). Environment is clipping to space
[WARNING]: Received an action [0.57059377 0.57392905 0.64735534 0.80348612 0.29450627] that was outside action space Box(0.0, 1.0, (5,), float32). Environment is clipping to space
[WARNING]: Received an action [0.28821936 0.17142803 0.18422143 0.58479106 0.55553477] that was outside action space Box(0.0, 1.0, (5,), float32). Environment is clipping to space
[WARNING]: Received an action [0.63032999 0.61780626 0.78651046 0.49558938 0.68103701] that was outside action space Box(0.0, 1.0, (5,), float32). Environment is clipping to space
[WARNING]: Received an action [1.         0.29662107 0.44851299 0.87845613 0.38484532] that was outside action space Box(0.0, 1.0, (5,), float32). Environment is clipping to space
[WARNING]: Received an action [0.72270372 0.85951027 0.23378878 0.28881695 0.40316618] that was outside action space Box(0.0, 1.0, (5,), float32). Environment is clipping to space
[WARNING]: Received an action [0.75279963 0.700594   0.50462004 0.51822965 0.58356166] that was outside action space Box(0.0, 1.0, (5,), float32). Environment is clipping to space
[WARNING]: Received an action [0.50201701 0.49365282 0.5454424  0.31393785 0.76247459] that was outside action space Box(0.0, 1.0, (5,), float32). Environment is clipping to space
[WARNING]: Received an action [0.3747494  0.07421253 0.0833678  0.09189768 0.82391294] that was outside action space Box(0.0, 1.0, (5,), float32). Environment is clipping to space
[WARNING]: Received an action [0.29206125 0.22131599 0.73962701 0.55850405 0.47365585] that was outside action space Box(0.0, 1.0, (5,), float32). Environment is clipping to space
[WARNING]: Received an action [0.84498842 0.94113173 0.60919219 0.26806691 0.65439032] that was outside action space Box(0.0, 1.0, (5,), float32). Environment is clipping to space
[WARNING]: Received an action [0.3917549  0.3740378  0.65019763 0.4772677  0.45625957] that was outside action space Box(0.0, 1.0, (5,), float32). Environment is clipping to space
[WARNING]: Received an action [0.44660839 0.3990896  0.50265034 0.762045   0.81190828] that was outside action space Box(0.0, 1.0, (5,), float32). Environment is clipping to space
[WARNING]: Received an action [0.46061678 0.24150532 0.82432565 0.42833909 0.1935825 ] that was outside action space Box(0.0, 1.0, (5,), float32). Environment is clipping to space
[WARNING]: Received an action [0.40208832 0.17901308 0.4169613  0.49843163 0.47353928] that was outside action space Box(0.0, 1.0, (5,), float32). Environment is clipping to space
[WARNING]: Received an action [0.77921037 0.54272129 0.44016155 0.59412783 0.45535456] that was outside action space Box(0.0, 1.0, (5,), float32). Environment is clipping to space
[WARNING]: Received an action [0.65370923 0.72830884 0.49098615 0.89964169 0.38455028] that was outside action space Box(0.0, 1.0, (5,), float32). Environment is clipping to space
[WARNING]: Received an action [0.27603861 0.55577707 0.4443914  0.22000613 0.52256314] that was outside action space Box(0.0, 1.0, (5,), float32). Environment is clipping to space
[WARNING]: Received an action [0.33921992 0.16783686 0.59590853 0.49696806 0.5901462 ] that was outside action space Box(0.0, 1.0, (5,), float32). Environment is clipping to space
[WARNING]: Received an action [0.39058197 0.37431338 0.13405606 0.23467569 0.41895322] that was outside action space Box(0.0, 1.0, (5,), float32). Environment is clipping to space
[WARNING]: Received an action [0.83386247 0.31656161 0.31130239 0.2037684  0.514732  ] that was outside action space Box(0.0, 1.0, (5,), float32). Environment is clipping to space
[WARNING]: Received an action [0.22418813 0.72342183 0.68987674 0.73612325 0.46873424] that was outside action space Box(0.0, 1.0, (5,), float32). Environment is clipping to space
[WARNING]: Received an action [0.82457948 0.67750541 0.32916235 0.03733758 0.27977019] that was outside action space Box(0.0, 1.0, (5,), float32). Environment is clipping to space
[WARNING]: Received an action [0.6253705  0.10734136 0.08188902 0.14765156 0.40704907] that was outside action space Box(0.0, 1.0, (5,), float32). Environment is clipping to space
[WARNING]: Received an action [0.9482909  1.         0.63572266 0.56320511 1.        ] that was outside action space Box(0.0, 1.0, (5,), float32). Environment is clipping to space
[WARNING]: Received an action [0.73552719 0.64983783 0.46646302 0.38187904 0.2023671 ] that was outside action space Box(0.0, 1.0, (5,), float32). Environment is clipping to space
[WARNING]: Received an action [0.79875301 0.46094132 0.49384483 0.49245061 0.66427626] that was outside action space Box(0.0, 1.0, (5,), float32). Environment is clipping to space
[WARNING]: Received an action [0.86256176 0.45359637 0.39456926 0.55441841 0.63016512] that was outside action space Box(0.0, 1.0, (5,), float32). Environment is clipping to space
[WARNING]: Received an action [0.46011602 0.4081132  0.61731261 0.34528431 0.47765777] that was outside action space Box(0.0, 1.0, (5,), float32). Environment is clipping to space
[WARNING]: Received an action [0.54317336 0.73707579 0.03587628 0.09939793 0.44080637] that was outside action space Box(0.0, 1.0, (5,), float32). Environment is clipping to space
[WARNING]: Received an action [0.66544813 0.52216728 0.52848608 0.48655646 0.76084707] that was outside action space Box(0.0, 1.0, (5,), float32). Environment is clipping to space
[WARNING]: Received an action [0.38156436 0.30231192 0.34755794 0.19985461 0.64488148] that was outside action space Box(0.0, 1.0, (5,), float32). Environment is clipping to space
[WARNING]: Received an action [0.69107208 0.11016671 0.47804813 0.58424741 0.6223759 ] that was outside action space Box(0.0, 1.0, (5,), float32). Environment is clipping to space
[WARNING]: Received an action [0.43244499 0.31818076 0.54420141 0.66713615 0.61009806] that was outside action space Box(0.0, 1.0, (5,), float32). Environment is clipping to space
[WARNING]: Received an action [0.44327855 0.5283854  0.35598376 0.40056365 0.52940371] that was outside action space Box(0.0, 1.0, (5,), float32). Environment is clipping to space
[WARNING]: Received an action [0.79833787 0.5059817  0.51669977 0.46278863 0.40136905] that was outside action space Box(0.0, 1.0, (5,), float32). Environment is clipping to space
[WARNING]: Received an action [0.48027717 0.65570257 0.49666807 0.8143062  0.77555279] that was outside action space Box(0.0, 1.0, (5,), float32). Environment is clipping to space
[WARNING]: Received an action [0.66718602 0.         0.23886298 0.46507821 0.36541673] that was outside action space Box(0.0, 1.0, (5,), float32). Environment is clipping to space
[WARNING]: Received an action [0.         0.53624339 0.44956657 0.68222915 0.60627614] that was outside action space Box(0.0, 1.0, (5,), float32). Environment is clipping to space
[WARNING]: Received an action [0.75078377 0.12741111 0.99490802 0.53818058 0.68079719] that was outside action space Box(0.0, 1.0, (5,), float32). Environment is clipping to space
[WARNING]: Received an action [0.77504543 0.48801261 0.27653895 0.64944125 0.338785  ] that was outside action space Box(0.0, 1.0, (5,), float32). Environment is clipping to space
[WARNING]: Received an action [0.39208181 0.29994246 0.28795787 0.56778279 0.45720857] that was outside action space Box(0.0, 1.0, (5,), float32). Environment is clipping to space
[WARNING]: Received an action [0.47882317 0.62410796 0.7667748  0.33047809 0.6018946 ] that was outside action space Box(0.0, 1.0, (5,), float32). Environment is clipping to space
[WARNING]: Received an action [0.53575554 0.62152193 0.71224279 0.83680283 0.74896462] that was outside action space Box(0.0, 1.0, (5,), float32). Environment is clipping to space
[WARNING]: Received an action [0.30631901 0.00695771 0.40362098 0.78868467 0.51411583] that was outside action space Box(0.0, 1.0, (5,), float32). Environment is clipping to space
[WARNING]: Received an action [0.79206736 0.54357523 0.93307111 0.69891705 0.47818222] that was outside action space Box(0.0, 1.0, (5,), float32). Environment is clipping to space
[WARNING]: Received an action [0.6945645  0.50277879 0.         0.76152444 0.24072187] that was outside action space Box(0.0, 1.0, (5,), float32). Environment is clipping to space
[WARNING]: Received an action [0.38082263 0.15608001 0.22208171 0.63269331 0.20689054] that was outside action space Box(0.0, 1.0, (5,), float32). Environment is clipping to space
[WARNING]: Received an action [0.27829906 0.52132687 0.69350751 0.46028112 0.81297723] that was outside action space Box(0.0, 1.0, (5,), float32). Environment is clipping to space
[WARNING]: Received an action [0.77115021 0.35677598 0.12892978 0.34484138 0.37795107] that was outside action space Box(0.0, 1.0, (5,), float32). Environment is clipping to space
[WARNING]: Received an action [0.16621813 0.01191138 0.73750401 0.54670388 0.56565839] that was outside action space Box(0.0, 1.0, (5,), float32). Environment is clipping to space
[WARNING]: Received an action [0.36514735 0.55947873 0.96525664 0.51104852 0.36462019] that was outside action space Box(0.0, 1.0, (5,), float32). Environment is clipping to space
[WARNING]: Received an action [0.84082159 0.18940111 0.61719449 0.43930638 0.84437611] that was outside action space Box(0.0, 1.0, (5,), float32). Environment is clipping to space
[WARNING]: Received an action [0.63936172 0.41656294 0.12715341 0.62960812 0.25504443] that was outside action space Box(0.0, 1.0, (5,), float32). Environment is clipping to space
[WARNING]: Received an action [0.3714744  0.67246631 0.34986997 0.7673198  0.39419977] that was outside action space Box(0.0, 1.0, (5,), float32). Environment is clipping to space
[WARNING]: Received an action [0.51060433 0.74699081 0.45823021 0.39328646 0.00840478] that was outside action space Box(0.0, 1.0, (5,), float32). Environment is clipping to space
[WARNING]: Received an action [0.32722115 0.36533036 0.22318332 0.59662842 0.43216121] that was outside action space Box(0.0, 1.0, (5,), float32). Environment is clipping to space
[WARNING]: Received an action [0.53582535 0.43373116 0.74193696 0.54271245 0.5336959 ] that was outside action space Box(0.0, 1.0, (5,), float32). Environment is clipping to space
[WARNING]: Received an action [0.30870854 0.40253801 0.83347448 0.56445827 0.67266135] that was outside action space Box(0.0, 1.0, (5,), float32). Environment is clipping to space
[WARNING]: Received an action [0.33588513 0.47428248 0.32082733 0.67703411 0.57077521] that was outside action space Box(0.0, 1.0, (5,), float32). Environment is clipping to space
[WARNING]: Received an action [0.403685   0.32360837 0.71791446 0.38889712 0.5549581 ] that was outside action space Box(0.0, 1.0, (5,), float32). Environment is clipping to space
[WARNING]: Received an action [0.56735225 0.16848777 0.44443733 0.48001008 0.69765327] that was outside action space Box(0.0, 1.0, (5,), float32). Environment is clipping to space
[WARNING]: Received an action [0.18307316 0.42583127 0.67312166 0.65120079 0.06742642] that was outside action space Box(0.0, 1.0, (5,), float32). Environment is clipping to space
[WARNING]: Received an action [0.22762645 0.85840398 0.53303025 0.40564814 0.23217503] that was outside action space Box(0.0, 1.0, (5,), float32). Environment is clipping to space
[WARNING]: Received an action [0.65173676 0.91063628 0.60955879 0.06409208 0.42462503] that was outside action space Box(0.0, 1.0, (5,), float32). Environment is clipping to space
[WARNING]: Received an action [0.49319558 0.14409657 0.74208564 0.21360046 0.46021569] that was outside action space Box(0.0, 1.0, (5,), float32). Environment is clipping to space
[WARNING]: Received an action [0.63969652 0.72461603 0.38940022 0.6095783  0.74063989] that was outside action space Box(0.0, 1.0, (5,), float32). Environment is clipping to space
[WARNING]: Received an action [0.45502734 0.34261171 0.88140338 0.57792309 0.85429208] that was outside action space Box(0.0, 1.0, (5,), float32). Environment is clipping to space
[WARNING]: Received an action [0.2646738  0.25917625 0.5357365  0.48827422 0.07332974] that was outside action space Box(0.0, 1.0, (5,), float32). Environment is clipping to space
[WARNING]: Received an action [0.50658235 0.78443087 0.41861605 0.70947403 0.2972713 ] that was outside action space Box(0.0, 1.0, (5,), float32). Environment is clipping to space
[WARNING]: Received an action [0.37510638 0.24448448 0.6164662  0.76461932 0.59003875] that was outside action space Box(0.0, 1.0, (5,), float32). Environment is clipping to space
[WARNING]: Received an action [0.52672474 0.79151432 0.44114306 0.8800457  0.68211456] that was outside action space Box(0.0, 1.0, (5,), float32). Environment is clipping to space
[WARNING]: Received an action [0.09004513 0.82393551 0.5271874  0.         0.59593953] that was outside action space Box(0.0, 1.0, (5,), float32). Environment is clipping to space
[WARNING]: Received an action [0.53822313 0.78405701 0.42383567 0.         0.26576028] that was outside action space Box(0.0, 1.0, (5,), float32). Environment is clipping to space
[WARNING]: Received an action [0.70402874 0.69719473 0.64410057 0.72890783 0.55861367] that was outside action space Box(0.0, 1.0, (5,), float32). Environment is clipping to space
[WARNING]: Received an action [0.22362215 0.15470981 0.3694884  0.51895875 0.19764477] that was outside action space Box(0.0, 1.0, (5,), float32). Environment is clipping to space
[WARNING]: Received an action [0.77601458 0.82608017 0.53975719 0.68407447 0.90106663] that was outside action space Box(0.0, 1.0, (5,), float32). Environment is clipping to space
[WARNING]: Received an action [0.77806521 0.5899973  0.70882957 0.44064905 0.38849673] that was outside action space Box(0.0, 1.0, (5,), float32). Environment is clipping to space
[WARNING]: Received an action [0.42518585 0.35198777 0.5162974  0.62533382 0.45663698] that was outside action space Box(0.0, 1.0, (5,), float32). Environment is clipping to space
[WARNING]: Received an action [0.35914021 0.67170914 0.71090002 0.10226288 0.61304094] that was outside action space Box(0.0, 1.0, (5,), float32). Environment is clipping to space
[WARNING]: Received an action [0.69668667 0.06290893 0.63886422 0.62841138 0.51948281] that was outside action space Box(0.0, 1.0, (5,), float32). Environment is clipping to space
[WARNING]: Received an action [0.41999839 0.06465922 0.88632698 0.80163304 0.30121218] that was outside action space Box(0.0, 1.0, (5,), float32). Environment is clipping to space
[WARNING]: Received an action [0.16624232 0.76212686 0.47895725 0.41534978 0.71476969] that was outside action space Box(0.0, 1.0, (5,), float32). Environment is clipping to space
[WARNING]: Received an action [0.31757424 0.09414602 0.33961387 0.13845431 0.61244851] that was outside action space Box(0.0, 1.0, (5,), float32). Environment is clipping to space
[WARNING]: Received an action [0.38519506 0.69761726 0.58715321 0.51547345 0.9436651 ] that was outside action space Box(0.0, 1.0, (5,), float32). Environment is clipping to space
[WARNING]: Received an action [0.66366705 0.66171679 0.3982945  0.35126922 0.26779979] that was outside action space Box(0.0, 1.0, (5,), float32). Environment is clipping to space
[WARNING]: Received an action [0.60502606 0.18842483 0.35146904 0.59148622 0.36623487] that was outside action space Box(0.0, 1.0, (5,), float32). Environment is clipping to space
[WARNING]: Received an action [0.39973789 1.         0.34694756 0.2662527  0.45411732] that was outside action space Box(0.0, 1.0, (5,), float32). Environment is clipping to space
[WARNING]: Received an action [0.68792415 0.15892038 0.50953461 0.37457713 0.59857966] that was outside action space Box(0.0, 1.0, (5,), float32). Environment is clipping to space
[WARNING]: Received an action [0.40994571 0.45029582 0.45689839 0.83529672 0.78116799] that was outside action space Box(0.0, 1.0, (5,), float32). Environment is clipping to space
[WARNING]: Received an action [0.51939193 0.61938421 0.47368406 0.68334566 0.37514779] that was outside action space Box(0.0, 1.0, (5,), float32). Environment is clipping to space
[WARNING]: Received an action [0.43419322 0.44570121 0.80671507 0.62619165 0.4518522 ] that was outside action space Box(0.0, 1.0, (5,), float32). Environment is clipping to space
[WARNING]: Received an action [0.4006416  0.38447654 0.35363585 0.50957892 0.69402506] that was outside action space Box(0.0, 1.0, (5,), float32). Environment is clipping to space
[WARNING]: Received an action [0.34542085 0.4512712  0.65503326 0.20420708 0.0442239 ] that was outside action space Box(0.0, 1.0, (5,), float32). Environment is clipping to space
[WARNING]: Received an action [0.5697528  0.39366319 0.7647798  0.57022028 0.76383165] that was outside action space Box(0.0, 1.0, (5,), float32). Environment is clipping to space
[WARNING]: Received an action [0.43961504 0.61974057 0.20687775 0.75819019 0.78049081] that was outside action space Box(0.0, 1.0, (5,), float32). Environment is clipping to space
[WARNING]: Received an action [0.39897297 0.22493525 0.4751308  0.7451442  0.11031624] that was outside action space Box(0.0, 1.0, (5,), float32). Environment is clipping to space
[WARNING]: Received an action [0.59972486 0.36051679 0.68484035 0.69866376 0.44263865] that was outside action space Box(0.0, 1.0, (5,), float32). Environment is clipping to space
[WARNING]: Received an action [0.77301585 0.63142335 0.51625447 0.57238344 0.10179753] that was outside action space Box(0.0, 1.0, (5,), float32). Environment is clipping to space
[WARNING]: Received an action [0.62943158 1.         0.77940537 0.26948875 0.30806934] that was outside action space Box(0.0, 1.0, (5,), float32). Environment is clipping to space
[WARNING]: Received an action [0.99771289 0.63495887 0.66049281 0.34980477 0.65701557] that was outside action space Box(0.0, 1.0, (5,), float32). Environment is clipping to space
[WARNING]: Received an action [0.65792956 0.07962934 0.19006453 0.66841785 0.50187353] that was outside action space Box(0.0, 1.0, (5,), float32). Environment is clipping to space
[WARNING]: Received an action [0.3545341  0.52431009 0.51433093 0.39519112 0.5744512 ] that was outside action space Box(0.0, 1.0, (5,), float32). Environment is clipping to space
[WARNING]: Received an action [0.6498838  0.15375636 0.22703658 0.38540596 0.20512309] that was outside action space Box(0.0, 1.0, (5,), float32). Environment is clipping to space
[WARNING]: Received an action [0.33042364 0.79853195 0.45524865 0.52729545 0.90516456] that was outside action space Box(0.0, 1.0, (5,), float32). Environment is clipping to space
[WARNING]: Received an action [0.70365071 0.29168432 0.41459376 0.21377784 0.17523398] that was outside action space Box(0.0, 1.0, (5,), float32). Environment is clipping to space
[WARNING]: Received an action [0.83368998 0.11244463 0.50094475 0.56887046 0.72766246] that was outside action space Box(0.0, 1.0, (5,), float32). Environment is clipping to space
[WARNING]: Received an action [0.3069818  0.57402657 0.36085889 0.77399727 0.867604  ] that was outside action space Box(0.0, 1.0, (5,), float32). Environment is clipping to space
[WARNING]: Received an action [0.15924534 0.16819025 0.674531   0.22157961 0.83495015] that was outside action space Box(0.0, 1.0, (5,), float32). Environment is clipping to space
[WARNING]: Received an action [0.73142696 0.48837898 0.27341935 0.15287642 0.90668525] that was outside action space Box(0.0, 1.0, (5,), float32). Environment is clipping to space
[WARNING]: Received an action [0.55780062 0.81468569 0.         0.38514196 0.47285212] that was outside action space Box(0.0, 1.0, (5,), float32). Environment is clipping to space
[WARNING]: Received an action [0.55189854 0.57298853 0.40572601 0.2325603  0.43562433] that was outside action space Box(0.0, 1.0, (5,), float32). Environment is clipping to space
[WARNING]: Received an action [0.98005117 0.5488328  0.70140642 0.62044199 0.24906164] that was outside action space Box(0.0, 1.0, (5,), float32). Environment is clipping to space
[WARNING]: Received an action [0.36867761 0.64851475 0.70009023 0.4971467  0.5729184 ] that was outside action space Box(0.0, 1.0, (5,), float32). Environment is clipping to space
[WARNING]: Received an action [0.35675883 0.52157883 0.68251128 0.18547224 0.52878187] that was outside action space Box(0.0, 1.0, (5,), float32). Environment is clipping to space
[WARNING]: Received an action [0.2288271  0.6232679  0.41284034 0.38559469 0.38430988] that was outside action space Box(0.0, 1.0, (5,), float32). Environment is clipping to space
[WARNING]: Received an action [0.45956903 0.38563695 0.40988642 0.61289878 0.88310327] that was outside action space Box(0.0, 1.0, (5,), float32). Environment is clipping to space
[WARNING]: Received an action [0.43176225 0.61300838 0.28861092 0.68264684 0.70245011] that was outside action space Box(0.0, 1.0, (5,), float32). Environment is clipping to space
[WARNING]: Received an action [0.51545635 0.44901926 0.61090452 0.43974896 0.37550005] that was outside action space Box(0.0, 1.0, (5,), float32). Environment is clipping to space
[WARNING]: Received an action [0.41042723 0.50523023 0.57825824 0.34737311 0.56521925] that was outside action space Box(0.0, 1.0, (5,), float32). Environment is clipping to space
[WARNING]: Received an action [0.5947264  0.370492   0.54790221 0.57812969 0.51638752] that was outside action space Box(0.0, 1.0, (5,), float32). Environment is clipping to space
[WARNING]: Received an action [0.33868253 0.54674894 0.45505295 0.67682605 0.48725873] that was outside action space Box(0.0, 1.0, (5,), float32). Environment is clipping to space
[WARNING]: Received an action [0.53135047 0.33657557 0.54440206 0.35838603 0.37823438] that was outside action space Box(0.0, 1.0, (5,), float32). Environment is clipping to space
[WARNING]: Received an action [0.31311035 0.59494907 0.38010519 0.59573304 0.50948311] that was outside action space Box(0.0, 1.0, (5,), float32). Environment is clipping to space
[WARNING]: Received an action [0.56313451 0.35042912 0.58463351 0.54971938 0.35718351] that was outside action space Box(0.0, 1.0, (5,), float32). Environment is clipping to space
[WARNING]: Received an action [0.6175424  0.47612476 0.48727023 0.54783345 0.39062803] that was outside action space Box(0.0, 1.0, (5,), float32). Environment is clipping to space
[WARNING]: Received an action [0.53328377 0.70374672 0.70298878 0.38213812 0.32310918] that was outside action space Box(0.0, 1.0, (5,), float32). Environment is clipping to space
[WARNING]: Received an action [0.50217501 0.7831971  0.82188114 0.68201309 0.76573437] that was outside action space Box(0.0, 1.0, (5,), float32). Environment is clipping to space
[WARNING]: Received an action [0.40588727 0.64003893 0.53743468 0.62333716 0.42330771] that was outside action space Box(0.0, 1.0, (5,), float32). Environment is clipping to space
[WARNING]: Received an action [0.54026094 0.49164604 0.44401705 0.48519883 0.45615092] that was outside action space Box(0.0, 1.0, (5,), float32). Environment is clipping to space
[WARNING]: Received an action [0.39689586 0.59386647 0.44344125 0.64437784 0.39224194] that was outside action space Box(0.0, 1.0, (5,), float32). Environment is clipping to space
[WARNING]: Received an action [0.36357725 0.7074346  0.30723323 0.51416737 0.4434709 ] that was outside action space Box(0.0, 1.0, (5,), float32). Environment is clipping to space
[WARNING]: Received an action [0.46048062 0.42787605 0.78398924 0.50102457 0.32724661] that was outside action space Box(0.0, 1.0, (5,), float32). Environment is clipping to space
[WARNING]: Received an action [0.6012323  0.38088835 0.57943282 0.4949118  0.40765084] that was outside action space Box(0.0, 1.0, (5,), float32). Environment is clipping to space
[WARNING]: Received an action [0.6077216  0.48917537 0.60749788 0.49203501 0.36547786] that was outside action space Box(0.0, 1.0, (5,), float32). Environment is clipping to space
[WARNING]: Received an action [0.38027623 0.38155147 0.24673811 0.24326684 0.19856685] that was outside action space Box(0.0, 1.0, (5,), float32). Environment is clipping to space
[WARNING]: Received an action [0.63240376 0.41423209 0.48422416 0.63384138 0.39704331] that was outside action space Box(0.0, 1.0, (5,), float32). Environment is clipping to space
[WARNING]: Received an action [0.56022582 0.71320828 0.48635488 0.42164791 0.4401617 ] that was outside action space Box(0.0, 1.0, (5,), float32). Environment is clipping to space
[WARNING]: Received an action [0.62682399 0.40289618 0.39805381 0.54686803 0.33684878] that was outside action space Box(0.0, 1.0, (5,), float32). Environment is clipping to space
[WARNING]: Received an action [0.51913169 0.79074409 0.58771362 0.29320141 0.49693569] that was outside action space Box(0.0, 1.0, (5,), float32). Environment is clipping to space
[WARNING]: Received an action [0.4485351  0.46244071 0.64059112 0.59947292 0.53453731] that was outside action space Box(0.0, 1.0, (5,), float32). Environment is clipping to space
[WARNING]: Received an action [0.35292836 0.55094665 0.41002668 0.46646137 0.43396848] that was outside action space Box(0.0, 1.0, (5,), float32). Environment is clipping to space
[WARNING]: Received an action [0.71473292 0.61965376 0.38793644 0.30781894 0.36251554] that was outside action space Box(0.0, 1.0, (5,), float32). Environment is clipping to space
[WARNING]: Received an action [0.54929333 0.67576316 0.54470429 0.4250549  0.41146053] that was outside action space Box(0.0, 1.0, (5,), float32). Environment is clipping to space
[WARNING]: Received an action [0.38179284 0.75480224 0.623846   0.59089454 0.45491439] that was outside action space Box(0.0, 1.0, (5,), float32). Environment is clipping to space
[WARNING]: Received an action [0.58611156 0.50736927 0.68681273 0.30761845 0.31105658] that was outside action space Box(0.0, 1.0, (5,), float32). Environment is clipping to space
[WARNING]: Received an action [0.66051356 0.50682029 0.66960652 0.21779044 0.30027005] that was outside action space Box(0.0, 1.0, (5,), float32). Environment is clipping to space
[WARNING]: Received an action [0.34734455 0.50724362 0.59766958 0.49890878 0.38018492] that was outside action space Box(0.0, 1.0, (5,), float32). Environment is clipping to space
[WARNING]: Received an action [0.70419411 0.6196433  0.49080557 0.16836341 0.44023296] that was outside action space Box(0.0, 1.0, (5,), float32). Environment is clipping to space
[WARNING]: Received an action [0.4573277  0.30047649 0.46109084 0.36845311 0.67442878] that was outside action space Box(0.0, 1.0, (5,), float32). Environment is clipping to space
[WARNING]: Received an action [0.38165201 0.64893578 0.63460193 0.49447443 0.47731155] that was outside action space Box(0.0, 1.0, (5,), float32). Environment is clipping to space
[WARNING]: Received an action [0.73155269 0.60856031 0.60117641 0.93387786 0.52499702] that was outside action space Box(0.0, 1.0, (5,), float32). Environment is clipping to space
[WARNING]: Received an action [0.61940788 0.35953026 0.29860141 0.48231383 0.33742044] that was outside action space Box(0.0, 1.0, (5,), float32). Environment is clipping to space
[WARNING]: Received an action [0.4812785  0.32847639 0.49148018 0.23451338 0.41315058] that was outside action space Box(0.0, 1.0, (5,), float32). Environment is clipping to space
[WARNING]: Received an action [0.50265634 0.71818044 0.59170543 0.70449538 0.37220497] that was outside action space Box(0.0, 1.0, (5,), float32). Environment is clipping to space
[WARNING]: Received an action [0.6772717  0.61551256 0.29715673 0.32064739 0.40405456] that was outside action space Box(0.0, 1.0, (5,), float32). Environment is clipping to space
[WARNING]: Received an action [0.44625903 0.67328542 0.55094283 0.44707938 0.69581669] that was outside action space Box(0.0, 1.0, (5,), float32). Environment is clipping to space
[WARNING]: Received an action [0.51952445 0.67243343 0.69652612 0.42721213 0.41432923] that was outside action space Box(0.0, 1.0, (5,), float32). Environment is clipping to space
[WARNING]: Received an action [0.56419026 0.26593544 0.54682115 0.6395363  0.48607571] that was outside action space Box(0.0, 1.0, (5,), float32). Environment is clipping to space
[WARNING]: Received an action [0.53887175 0.42466746 0.64299795 0.52726579 0.56811973] that was outside action space Box(0.0, 1.0, (5,), float32). Environment is clipping to space
[WARNING]: Received an action [0.47336299 0.51434142 0.33912261 0.75172521 0.13566283] that was outside action space Box(0.0, 1.0, (5,), float32). Environment is clipping to space
[WARNING]: Received an action [0.58123722 0.48393199 0.52164125 0.40161888 0.35200948] that was outside action space Box(0.0, 1.0, (5,), float32). Environment is clipping to space
[WARNING]: Received an action [0.26307023 0.4262967  0.42919123 0.51793065 0.3449502 ] that was outside action space Box(0.0, 1.0, (5,), float32). Environment is clipping to space
[WARNING]: Received an action [0.58867083 0.26598423 0.45552154 0.60656753 0.44967581] that was outside action space Box(0.0, 1.0, (5,), float32). Environment is clipping to space
[WARNING]: Received an action [0.29286622 0.42033021 0.46490493 0.67365703 0.51237026] that was outside action space Box(0.0, 1.0, (5,), float32). Environment is clipping to space
[WARNING]: Received an action [0.50131066 0.26479248 0.52798462 0.41773095 0.57153758] that was outside action space Box(0.0, 1.0, (5,), float32). Environment is clipping to space
[WARNING]: Received an action [0.43753827 0.57004583 0.47798607 0.70983011 0.30333209] that was outside action space Box(0.0, 1.0, (5,), float32). Environment is clipping to space
[WARNING]: Received an action [0.49568845 0.47467101 0.7441674  0.45028644 0.27752868] that was outside action space Box(0.0, 1.0, (5,), float32). Environment is clipping to space
[WARNING]: Received an action [0.36200094 0.47482972 0.54571874 0.56080207 0.2459246 ] that was outside action space Box(0.0, 1.0, (5,), float32). Environment is clipping to space
[WARNING]: Received an action [0.3896664  0.46315195 0.64746502 0.36166848 0.37403358] that was outside action space Box(0.0, 1.0, (5,), float32). Environment is clipping to space
[WARNING]: Received an action [0.59555143 0.51146724 0.58849239 0.67946353 0.50704203] that was outside action space Box(0.0, 1.0, (5,), float32). Environment is clipping to space
[WARNING]: Received an action [0.0819329  0.34114576 0.5467172  0.25456228 0.30238821] that was outside action space Box(0.0, 1.0, (5,), float32). Environment is clipping to space
[WARNING]: Received an action [0.50066578 0.6247492  0.41884448 0.6911592  0.52569386] that was outside action space Box(0.0, 1.0, (5,), float32). Environment is clipping to space
[WARNING]: Received an action [0.49633593 0.57459052 0.44811114 0.44148282 0.51672637] that was outside action space Box(0.0, 1.0, (5,), float32). Environment is clipping to space
[WARNING]: Received an action [0.53749599 0.51611641 0.78798288 0.4762475  0.44177989] that was outside action space Box(0.0, 1.0, (5,), float32). Environment is clipping to space
[WARNING]: Received an action [0.49937614 0.37956198 0.41647065 0.64699074 0.58199719] that was outside action space Box(0.0, 1.0, (5,), float32). Environment is clipping to space
[WARNING]: Received an action [0.46196404 0.26160135 0.44548015 0.44206871 0.49562679] that was outside action space Box(0.0, 1.0, (5,), float32). Environment is clipping to space
[WARNING]: Received an action [0.73067411 0.78805859 0.63022203 0.41550331 0.21771739] that was outside action space Box(0.0, 1.0, (5,), float32). Environment is clipping to space
[WARNING]: Received an action [0.51378054 0.42396881 0.67840887 0.47263567 0.34065846] that was outside action space Box(0.0, 1.0, (5,), float32). Environment is clipping to space
[WARNING]: Received an action [0.45038143 0.21047821 0.57612934 0.38049907 0.39974396] that was outside action space Box(0.0, 1.0, (5,), float32). Environment is clipping to space
[WARNING]: Received an action [0.5389811  0.40218548 0.34617412 0.41552835 0.44661461] that was outside action space Box(0.0, 1.0, (5,), float32). Environment is clipping to space
[WARNING]: Received an action [0.51272631 0.55943463 0.30698644 0.61378718 0.45535974] that was outside action space Box(0.0, 1.0, (5,), float32). Environment is clipping to space
[WARNING]: Received an action [0.44627425 0.29724321 0.77402904 0.507002   0.45983374] that was outside action space Box(0.0, 1.0, (5,), float32). Environment is clipping to space
[WARNING]: Received an action [0.45056609 0.48080012 0.52194833 0.59931709 0.35266863] that was outside action space Box(0.0, 1.0, (5,), float32). Environment is clipping to space
[WARNING]: Received an action [0.48538328 0.83025809 0.22857097 0.59817114 0.42336596] that was outside action space Box(0.0, 1.0, (5,), float32). Environment is clipping to space
[WARNING]: Received an action [0.41183666 0.56728028 0.738847   0.66680109 0.36578189] that was outside action space Box(0.0, 1.0, (5,), float32). Environment is clipping to space
[WARNING]: Received an action [0.42257223 0.53960408 0.75283639 0.50715027 0.5567053 ] that was outside action space Box(0.0, 1.0, (5,), float32). Environment is clipping to space
[WARNING]: Received an action [0.42747644 0.48417077 0.59728672 0.46183628 0.31988748] that was outside action space Box(0.0, 1.0, (5,), float32). Environment is clipping to space
[WARNING]: Received an action [0.44639799 0.43228317 0.37103591 0.41530823 0.34955143] that was outside action space Box(0.0, 1.0, (5,), float32). Environment is clipping to space
[WARNING]: Received an action [0.61073293 0.47970836 0.71347296 0.30123545 0.71217721] that was outside action space Box(0.0, 1.0, (5,), float32). Environment is clipping to space
[WARNING]: Received an action [0.57324446 0.33249465 0.54765997 0.41974503 0.42686823] that was outside action space Box(0.0, 1.0, (5,), float32). Environment is clipping to space
[WARNING]: Received an action [0.33562771 0.79733065 0.40349198 0.64041864 0.55133469] that was outside action space Box(0.0, 1.0, (5,), float32). Environment is clipping to space
[WARNING]: Received an action [0.35156867 0.47611047 0.60946389 0.65219981 0.55557697] that was outside action space Box(0.0, 1.0, (5,), float32). Environment is clipping to space
[WARNING]: Received an action [0.25937515 0.50602312 0.4123959  0.54542195 0.13978305] that was outside action space Box(0.0, 1.0, (5,), float32). Environment is clipping to space
[WARNING]: Received an action [0.59638018 0.64477231 0.34902088 0.34017186 0.18628288] that was outside action space Box(0.0, 1.0, (5,), float32). Environment is clipping to space
[WARNING]: Received an action [0.48404157 0.16318296 0.63315777 0.22362178 0.41018942] that was outside action space Box(0.0, 1.0, (5,), float32). Environment is clipping to space
[WARNING]: Received an action [0.35743523 0.35063123 0.32840515 0.62052665 0.22703461] that was outside action space Box(0.0, 1.0, (5,), float32). Environment is clipping to space
[WARNING]: Received an action [0.58274829 0.62457028 0.43081557 0.52592173 0.45146404] that was outside action space Box(0.0, 1.0, (5,), float32). Environment is clipping to space
[WARNING]: Received an action [0.58012183 0.48699999 0.61318134 0.45193628 0.67220542] that was outside action space Box(0.0, 1.0, (5,), float32). Environment is clipping to space
[WARNING]: Received an action [0.68079436 0.23386582 0.61205479 0.52813772 0.39305132] that was outside action space Box(0.0, 1.0, (5,), float32). Environment is clipping to space
[WARNING]: Received an action [0.35227679 0.25619297 0.58998506 0.50956715 0.77163082] that was outside action space Box(0.0, 1.0, (5,), float32). Environment is clipping to space
[WARNING]: Received an action [0.56676156 0.36759105 0.57813105 0.67198031 0.36863784] that was outside action space Box(0.0, 1.0, (5,), float32). Environment is clipping to space
[WARNING]: Received an action [0.53059789 0.57328518 0.63374402 0.69224719 0.5374203 ] that was outside action space Box(0.0, 1.0, (5,), float32). Environment is clipping to space
[WARNING]: Received an action [0.73914922 0.54969618 0.38899164 0.51697365 0.53503851] that was outside action space Box(0.0, 1.0, (5,), float32). Environment is clipping to space
[WARNING]: Received an action [0.22098198 0.62833174 0.48784526 0.42336048 0.51329905] that was outside action space Box(0.0, 1.0, (5,), float32). Environment is clipping to space
[WARNING]: Received an action [0.72080886 0.35003349 0.54784423 0.55083457 0.3539629 ] that was outside action space Box(0.0, 1.0, (5,), float32). Environment is clipping to space
[WARNING]: Received an action [0.40882719 0.37051481 0.35010078 0.54350363 0.31731016] that was outside action space Box(0.0, 1.0, (5,), float32). Environment is clipping to space
[WARNING]: Received an action [0.5813795  0.52626924 0.69664066 0.20591097 0.53712341] that was outside action space Box(0.0, 1.0, (5,), float32). Environment is clipping to space
[WARNING]: Received an action [0.22201187 0.69995942 0.6604218  0.69129408 0.50350108] that was outside action space Box(0.0, 1.0, (5,), float32). Environment is clipping to space
[WARNING]: Received an action [0.38599079 0.40460091 0.51955543 0.50100844 0.3710944 ] that was outside action space Box(0.0, 1.0, (5,), float32). Environment is clipping to space
[WARNING]: Received an action [0.47418559 0.61393789 0.60384823 0.38199296 0.5061855 ] that was outside action space Box(0.0, 1.0, (5,), float32). Environment is clipping to space
[WARNING]: Received an action [0.46163996 0.33401074 0.23878755 0.39309328 0.63224593] that was outside action space Box(0.0, 1.0, (5,), float32). Environment is clipping to space
[WARNING]: Received an action [0.5186274  0.41548214 0.32304754 0.36764248 0.75066787] that was outside action space Box(0.0, 1.0, (5,), float32). Environment is clipping to space
[WARNING]: Received an action [0.48695247 0.36676798 0.56027171 0.54150906 0.23401542] that was outside action space Box(0.0, 1.0, (5,), float32). Environment is clipping to space
[WARNING]: Received an action [0.36715214 0.56270971 0.46987365 0.32855113 0.58182412] that was outside action space Box(0.0, 1.0, (5,), float32). Environment is clipping to space
[WARNING]: Received an action [0.23155846 0.55475345 0.58716493 0.41481058 0.52345087] that was outside action space Box(0.0, 1.0, (5,), float32). Environment is clipping to space
[WARNING]: Received an action [0.43980323 0.61695844 0.56550536 0.73020807 0.21851577] that was outside action space Box(0.0, 1.0, (5,), float32). Environment is clipping to space
[WARNING]: Received an action [0.4808488  0.54167871 0.61301777 0.29519966 0.43377723] that was outside action space Box(0.0, 1.0, (5,), float32). Environment is clipping to space
[WARNING]: Received an action [0.13944731 0.28654675 0.65811765 0.33439178 0.39871505] that was outside action space Box(0.0, 1.0, (5,), float32). Environment is clipping to space
[WARNING]: Received an action [0.55476801 0.30773038 0.5942594  0.65689739 0.47820426] that was outside action space Box(0.0, 1.0, (5,), float32). Environment is clipping to space
[WARNING]: Received an action [0.68208083 0.63544613 0.64470603 0.71675531 0.62751637] that was outside action space Box(0.0, 1.0, (5,), float32). Environment is clipping to space
[WARNING]: Received an action [0.46321203 0.34544145 0.17033308 0.38612734 0.48400887] that was outside action space Box(0.0, 1.0, (5,), float32). Environment is clipping to space
[WARNING]: Received an action [0.38358411 0.23909026 0.53468986 0.3616471  0.53313038] that was outside action space Box(0.0, 1.0, (5,), float32). Environment is clipping to space
[WARNING]: Received an action [0.62050717 0.66186359 0.3403774  0.37366333 0.47214716] that was outside action space Box(0.0, 1.0, (5,), float32). Environment is clipping to space
[WARNING]: Received an action [0.20108664 0.48696616 0.71008879 0.59402396 0.49366493] that was outside action space Box(0.0, 1.0, (5,), float32). Environment is clipping to space
[WARNING]: Received an action [0.48749879 0.3968293  0.96655033 0.50053381 0.4578948 ] that was outside action space Box(0.0, 1.0, (5,), float32). Environment is clipping to space
[WARNING]: Received an action [0.56770674 0.55881083 0.51503582 0.44488384 0.40918319] that was outside action space Box(0.0, 1.0, (5,), float32). Environment is clipping to space
[WARNING]: Received an action [0.55439304 0.57812035 0.46743724 0.60145863 0.4816518 ] that was outside action space Box(0.0, 1.0, (5,), float32). Environment is clipping to space
[WARNING]: Received an action [0.52103043 0.50471422 0.3914711  0.31380654 0.33282958] that was outside action space Box(0.0, 1.0, (5,), float32). Environment is clipping to space
[WARNING]: Received an action [0.37317194 0.21153814 0.47464009 0.47355063 0.31711232] that was outside action space Box(0.0, 1.0, (5,), float32). Environment is clipping to space
[WARNING]: Received an action [0.51481241 0.38139954 0.45179229 0.71565174 0.59512962] that was outside action space Box(0.0, 1.0, (5,), float32). Environment is clipping to space
[WARNING]: Received an action [0.53543415 0.56077338 0.6085333  0.53915649 0.321942  ] that was outside action space Box(0.0, 1.0, (5,), float32). Environment is clipping to space
[WARNING]: Received an action [0.4929612  0.13405643 0.49528492 0.62708072 0.59464333] that was outside action space Box(0.0, 1.0, (5,), float32). Environment is clipping to space
[WARNING]: Received an action [0.32796128 0.41961845 0.46085288 0.30419646 0.49420041] that was outside action space Box(0.0, 1.0, (5,), float32). Environment is clipping to space
[WARNING]: Received an action [0.28287026 0.73337435 0.61989314 0.79577158 0.55146735] that was outside action space Box(0.0, 1.0, (5,), float32). Environment is clipping to space
[WARNING]: Received an action [0.27480295 0.69574241 0.35433801 0.6154235  0.3704133 ] that was outside action space Box(0.0, 1.0, (5,), float32). Environment is clipping to space
[WARNING]: Received an action [0.48726662 0.47114172 0.47749785 0.54569762 0.51499019] that was outside action space Box(0.0, 1.0, (5,), float32). Environment is clipping to space
[WARNING]: Received an action [0.55728493 0.49406157 0.51494017 0.55123314 0.59514455] that was outside action space Box(0.0, 1.0, (5,), float32). Environment is clipping to space
[WARNING]: Received an action [0.49411318 0.50534988 0.39560461 0.6036153  0.43884131] that was outside action space Box(0.0, 1.0, (5,), float32). Environment is clipping to space
[WARNING]: Received an action [0.49746238 0.53491518 0.54852221 0.78025169 0.46240976] that was outside action space Box(0.0, 1.0, (5,), float32). Environment is clipping to space
[WARNING]: Received an action [0.7168212  0.1283482  0.58366596 0.55587768 0.60538826] that was outside action space Box(0.0, 1.0, (5,), float32). Environment is clipping to space
[WARNING]: Received an action [0.3959665  0.79506498 0.58318883 0.38143159 0.18705955] that was outside action space Box(0.0, 1.0, (5,), float32). Environment is clipping to space
[WARNING]: Received an action [0.27416823 0.66101665 0.53549665 0.64567794 0.28577152] that was outside action space Box(0.0, 1.0, (5,), float32). Environment is clipping to space
[WARNING]: Received an action [0.68717018 0.63708696 0.63009381 0.51796636 0.50788934] that was outside action space Box(0.0, 1.0, (5,), float32). Environment is clipping to space
[WARNING]: Received an action [0.6046998  0.77139348 0.3788302  0.49738822 0.80245701] that was outside action space Box(0.0, 1.0, (5,), float32). Environment is clipping to space
[WARNING]: Received an action [0.65906313 0.37334615 0.44882797 0.71636193 0.37668392] that was outside action space Box(0.0, 1.0, (5,), float32). Environment is clipping to space
[WARNING]: Received an action [0.37486712 0.48188803 0.5597053  0.39697545 0.42085869] that was outside action space Box(0.0, 1.0, (5,), float32). Environment is clipping to space
[WARNING]: Received an action [0.55123034 0.51078365 0.68223867 0.45993948 0.59951117] that was outside action space Box(0.0, 1.0, (5,), float32). Environment is clipping to space
[WARNING]: Received an action [0.61697261 0.32985971 0.46719418 0.60039642 0.61255567] that was outside action space Box(0.0, 1.0, (5,), float32). Environment is clipping to space
[WARNING]: Received an action [0.79141783 0.64103723 0.65155336 0.25390864 0.60563783] that was outside action space Box(0.0, 1.0, (5,), float32). Environment is clipping to space
[WARNING]: Received an action [0.52118997 0.40792532 0.48084491 0.3848536  0.65182329] that was outside action space Box(0.0, 1.0, (5,), float32). Environment is clipping to space
[WARNING]: Received an action [0.39826014 0.32889903 0.50590869 0.47334925 0.55004223] that was outside action space Box(0.0, 1.0, (5,), float32). Environment is clipping to space
[WARNING]: Received an action [0.35594401 0.64291363 0.61863276 0.44846989 0.56582709] that was outside action space Box(0.0, 1.0, (5,), float32). Environment is clipping to space
[WARNING]: Received an action [0.62810604 0.7193828  0.64189257 0.75221461 0.47879591] that was outside action space Box(0.0, 1.0, (5,), float32). Environment is clipping to space
[WARNING]: Received an action [0.4967404  0.51277694 0.41528947 0.4933417  0.08560523] that was outside action space Box(0.0, 1.0, (5,), float32). Environment is clipping to space
[WARNING]: Received an action [0.37963338 0.31301688 0.38908089 0.46238491 0.46883779] that was outside action space Box(0.0, 1.0, (5,), float32). Environment is clipping to space
[WARNING]: Received an action [0.4206314  0.67033918 0.33405276 0.91877041 0.37097636] that was outside action space Box(0.0, 1.0, (5,), float32). Environment is clipping to space
[WARNING]: Received an action [0.56429742 0.7860118  0.4248228  0.40129556 0.158522  ] that was outside action space Box(0.0, 1.0, (5,), float32). Environment is clipping to space
[WARNING]: Received an action [0.63696368 0.8906493  0.53543832 0.49693592 0.40831076] that was outside action space Box(0.0, 1.0, (5,), float32). Environment is clipping to space
[WARNING]: Received an action [0.41288456 0.54522926 0.33749414 0.58581219 0.43291662] that was outside action space Box(0.0, 1.0, (5,), float32). Environment is clipping to space
[WARNING]: Received an action [0.6803759  0.51296487 0.57289419 0.29869647 0.5971383 ] that was outside action space Box(0.0, 1.0, (5,), float32). Environment is clipping to space
[WARNING]: Received an action [0.2875148  0.62582498 0.6160269  0.37819012 0.48628923] that was outside action space Box(0.0, 1.0, (5,), float32). Environment is clipping to space
[WARNING]: Received an action [0.429459   0.73131339 0.66959703 0.69935743 0.55401389] that was outside action space Box(0.0, 1.0, (5,), float32). Environment is clipping to space
[WARNING]: Received an action [0.40576413 0.15460275 0.46973139 0.38039887 0.18310475] that was outside action space Box(0.0, 1.0, (5,), float32). Environment is clipping to space
[WARNING]: Received an action [0.59381417 0.53487736 0.42026726 0.34610744 0.49541226] that was outside action space Box(0.0, 1.0, (5,), float32). Environment is clipping to space
[WARNING]: Received an action [0.5330364  0.63014442 0.51463943 0.26964053 0.5236995 ] that was outside action space Box(0.0, 1.0, (5,), float32). Environment is clipping to space
[WARNING]: Received an action [0.395452   0.41307759 0.59228194 0.45594359 0.47108384] that was outside action space Box(0.0, 1.0, (5,), float32). Environment is clipping to space
[WARNING]: Received an action [0.48804166 0.6365275  0.59457614 0.53688765 0.36835002] that was outside action space Box(0.0, 1.0, (5,), float32). Environment is clipping to space
[WARNING]: Received an action [0.67098424 0.6586961  0.5444348  0.33699468 0.34045692] that was outside action space Box(0.0, 1.0, (5,), float32). Environment is clipping to space
[WARNING]: Received an action [0.32943658 0.62045122 0.56926729 0.54075211 0.28883517] that was outside action space Box(0.0, 1.0, (5,), float32). Environment is clipping to space
[WARNING]: Received an action [0.83253742 0.55062986 0.37436499 0.45266709 0.50062567] that was outside action space Box(0.0, 1.0, (5,), float32). Environment is clipping to space
[WARNING]: Received an action [0.37128078 0.22912287 0.32359866 0.38620973 0.53982724] that was outside action space Box(0.0, 1.0, (5,), float32). Environment is clipping to space
[WARNING]: Received an action [0.40653308 0.5756848  0.52894656 0.63534364 0.44493599] that was outside action space Box(0.0, 1.0, (5,), float32). Environment is clipping to space
[WARNING]: Received an action [0.61345136 0.61603184 0.66641821 0.54341487 0.53426084] that was outside action space Box(0.0, 1.0, (5,), float32). Environment is clipping to space
[WARNING]: Received an action [0.52572744 0.75968095 0.66196692 0.43864434 0.49968777] that was outside action space Box(0.0, 1.0, (5,), float32). Environment is clipping to space
[WARNING]: Received an action [0.39910513 0.47732626 0.50295959 0.41245738 0.39878381] that was outside action space Box(0.0, 1.0, (5,), float32). Environment is clipping to space
[WARNING]: Received an action [0.65158976 0.43992103 0.90436489 0.42142693 0.42490422] that was outside action space Box(0.0, 1.0, (5,), float32). Environment is clipping to space
[WARNING]: Received an action [0.48674932 0.55390168 0.61671701 0.42167283 0.52743333] that was outside action space Box(0.0, 1.0, (5,), float32). Environment is clipping to space
[WARNING]: Received an action [0.49656992 0.39380252 0.50035011 0.40450375 0.31341858] that was outside action space Box(0.0, 1.0, (5,), float32). Environment is clipping to space
[WARNING]: Received an action [0.70206343 0.19522848 0.40801189 0.26524649 0.35739412] that was outside action space Box(0.0, 1.0, (5,), float32). Environment is clipping to space
[WARNING]: Received an action [0.47803884 0.579546   0.33759374 0.45328362 0.36533705] that was outside action space Box(0.0, 1.0, (5,), float32). Environment is clipping to space
[WARNING]: Received an action [0.62586292 0.22675789 0.49923547 0.75167424 0.83026137] that was outside action space Box(0.0, 1.0, (5,), float32). Environment is clipping to space
[WARNING]: Received an action [0.46017385 0.5449137  0.22702188 0.51582222 0.57389261] that was outside action space Box(0.0, 1.0, (5,), float32). Environment is clipping to space
[WARNING]: Received an action [0.43396926 0.27276238 0.38897097 0.55621648 0.38583869] that was outside action space Box(0.0, 1.0, (5,), float32). Environment is clipping to space
[WARNING]: Received an action [0.45667582 0.37722854 0.67187572 0.60640662 0.72882547] that was outside action space Box(0.0, 1.0, (5,), float32). Environment is clipping to space
[WARNING]: Received an action [0.43353933 0.34075763 0.60599178 0.17353301 0.46148881] that was outside action space Box(0.0, 1.0, (5,), float32). Environment is clipping to space
[WARNING]: Received an action [0.32477794 0.30420699 0.46024007 0.29646783 0.45979644] that was outside action space Box(0.0, 1.0, (5,), float32). Environment is clipping to space
[WARNING]: Received an action [0.48188518 0.3708606  0.48970536 0.57581231 0.39286832] that was outside action space Box(0.0, 1.0, (5,), float32). Environment is clipping to space
[WARNING]: Received an action [0.41493996 0.37345129 0.45407265 0.39722678 0.33689132] that was outside action space Box(0.0, 1.0, (5,), float32). Environment is clipping to space
[WARNING]: Received an action [0.60727192 0.56964019 0.56096945 0.44749395 0.35569115] that was outside action space Box(0.0, 1.0, (5,), float32). Environment is clipping to space
[WARNING]: Received an action [0.4728921  0.44435032 0.4925776  0.71156488 0.54248224] that was outside action space Box(0.0, 1.0, (5,), float32). Environment is clipping to space
[WARNING]: Received an action [0.61635366 0.45563125 0.94204605 0.54070306 0.58378835] that was outside action space Box(0.0, 1.0, (5,), float32). Environment is clipping to space
[WARNING]: Received an action [0.94783695 0.67026731 0.44821597 0.59110348 0.56610089] that was outside action space Box(0.0, 1.0, (5,), float32). Environment is clipping to space
[WARNING]: Received an action [0.56471229 0.54029829 0.49701343 0.54415438 0.75417988] that was outside action space Box(0.0, 1.0, (5,), float32). Environment is clipping to space
[WARNING]: Received an action [0.51076369 0.54712042 0.17539239 0.16891207 0.61844232] that was outside action space Box(0.0, 1.0, (5,), float32). Environment is clipping to space
[WARNING]: Received an action [0.26077958 0.70160383 0.52104009 0.35718895 0.38271383] that was outside action space Box(0.0, 1.0, (5,), float32). Environment is clipping to space
[WARNING]: Received an action [0.38825245 0.2071685  0.37798632 0.5226729  0.43629455] that was outside action space Box(0.0, 1.0, (5,), float32). Environment is clipping to space
[WARNING]: Received an action [0.54980619 0.37523572 0.529318   0.54630948 0.55167432] that was outside action space Box(0.0, 1.0, (5,), float32). Environment is clipping to space
[WARNING]: Received an action [0.36140305 0.36748623 0.53164959 0.31979683 0.54426807] that was outside action space Box(0.0, 1.0, (5,), float32). Environment is clipping to space
[WARNING]: Received an action [0.62374515 0.57931904 0.61807957 0.38256132 0.62240242] that was outside action space Box(0.0, 1.0, (5,), float32). Environment is clipping to space
[WARNING]: Received an action [0.34751912 0.33532042 0.54437807 0.62467775 0.43227829] that was outside action space Box(0.0, 1.0, (5,), float32). Environment is clipping to space
[WARNING]: Received an action [0.54927121 0.25069385 0.2328609  0.6872829  0.18723588] that was outside action space Box(0.0, 1.0, (5,), float32). Environment is clipping to space
[WARNING]: Received an action [0.55685635 0.61370174 0.32322574 0.63852414 0.48497668] that was outside action space Box(0.0, 1.0, (5,), float32). Environment is clipping to space
[WARNING]: Received an action [0.63601188 0.34062531 0.46335565 0.58354863 0.39327262] that was outside action space Box(0.0, 1.0, (5,), float32). Environment is clipping to space
[WARNING]: Received an action [0.4192861  0.5400522  0.33758194 0.34563856 0.49543734] that was outside action space Box(0.0, 1.0, (5,), float32). Environment is clipping to space
[WARNING]: Received an action [0.63345795 0.44943414 0.65720998 0.56303786 0.381906  ] that was outside action space Box(0.0, 1.0, (5,), float32). Environment is clipping to space
[WARNING]: Received an action [0.77693377 0.42571878 0.53084931 0.43809953 0.52060289] that was outside action space Box(0.0, 1.0, (5,), float32). Environment is clipping to space
[WARNING]: Received an action [0.61621005 0.39015891 0.53977173 0.41261153 0.80332269] that was outside action space Box(0.0, 1.0, (5,), float32). Environment is clipping to space
[WARNING]: Received an action [0.26346353 0.26184375 0.48052375 0.44710566 0.57077076] that was outside action space Box(0.0, 1.0, (5,), float32). Environment is clipping to space
[WARNING]: Received an action [0.44033639 0.46353512 0.71424091 0.41299569 0.56348185] that was outside action space Box(0.0, 1.0, (5,), float32). Environment is clipping to space
[WARNING]: Received an action [0.39162329 0.4726216  0.4472343  0.28306085 0.34412642] that was outside action space Box(0.0, 1.0, (5,), float32). Environment is clipping to space
[WARNING]: Received an action [0.34867678 0.38516749 0.71756397 0.62662776 0.29931575] that was outside action space Box(0.0, 1.0, (5,), float32). Environment is clipping to space
[WARNING]: Received an action [0.45891876 0.3848726  0.45717777 0.68522207 0.38928834] that was outside action space Box(0.0, 1.0, (5,), float32). Environment is clipping to space
[WARNING]: Received an action [0.58064785 0.45176618 0.3723668  0.59956666 0.2710358 ] that was outside action space Box(0.0, 1.0, (5,), float32). Environment is clipping to space
[WARNING]: Received an action [0.500339   0.38295284 0.53940279 0.49804714 0.47460505] that was outside action space Box(0.0, 1.0, (5,), float32). Environment is clipping to space
[WARNING]: Received an action [0.57769071 0.24743214 0.29064216 0.29913653 0.63629676] that was outside action space Box(0.0, 1.0, (5,), float32). Environment is clipping to space
[WARNING]: Received an action [0.57478644 0.51135425 0.39993389 0.52115568 0.35864837] that was outside action space Box(0.0, 1.0, (5,), float32). Environment is clipping to space
[WARNING]: Received an action [0.49896504 0.48592826 0.43966635 0.55697148 0.42671388] that was outside action space Box(0.0, 1.0, (5,), float32). Environment is clipping to space
[WARNING]: Received an action [0.3494302  0.59933175 0.64965728 0.5724916  0.44469393] that was outside action space Box(0.0, 1.0, (5,), float32). Environment is clipping to space
[WARNING]: Received an action [0.88515188 0.65414447 0.3403742  0.66801128 0.43456446] that was outside action space Box(0.0, 1.0, (5,), float32). Environment is clipping to space
[WARNING]: Received an action [0.31969505 0.31860804 0.07939883 0.36956358 0.17068561] that was outside action space Box(0.0, 1.0, (5,), float32). Environment is clipping to space
[WARNING]: Received an action [0.53384755 0.3168277  0.38089365 0.40936062 0.51214043] that was outside action space Box(0.0, 1.0, (5,), float32). Environment is clipping to space
[WARNING]: Received an action [0.49779263 0.53741015 0.25339321 0.47720815 0.34574886] that was outside action space Box(0.0, 1.0, (5,), float32). Environment is clipping to space
[WARNING]: Received an action [0.71678519 0.32427808 0.3419707  0.31567807 0.43569448] that was outside action space Box(0.0, 1.0, (5,), float32). Environment is clipping to space
[WARNING]: Received an action [0.34629983 0.58153001 0.43904075 0.47789419 0.47791439] that was outside action space Box(0.0, 1.0, (5,), float32). Environment is clipping to space
[WARNING]: Received an action [0.47175474 0.40195617 0.50108368 0.40009349 0.35675546] that was outside action space Box(0.0, 1.0, (5,), float32). Environment is clipping to space
[WARNING]: Received an action [0.5573971  0.43496097 0.55846343 0.43995029 0.57964352] that was outside action space Box(0.0, 1.0, (5,), float32). Environment is clipping to space
[WARNING]: Received an action [0.60884117 0.30041029 0.54645377 0.58625808 0.40555235] that was outside action space Box(0.0, 1.0, (5,), float32). Environment is clipping to space
[WARNING]: Received an action [0.49046618 0.33510986 0.36417916 0.50801241 0.46569837] that was outside action space Box(0.0, 1.0, (5,), float32). Environment is clipping to space
[WARNING]: Received an action [0.47261749 0.3662841  0.38810779 0.34832931 0.42589201] that was outside action space Box(0.0, 1.0, (5,), float32). Environment is clipping to space
[WARNING]: Received an action [0.45208369 0.39864278 0.44349803 0.34171978 0.61964344] that was outside action space Box(0.0, 1.0, (5,), float32). Environment is clipping to space
[WARNING]: Received an action [0.49187064 0.55137964 0.1999791  0.55812376 0.50663174] that was outside action space Box(0.0, 1.0, (5,), float32). Environment is clipping to space
[WARNING]: Received an action [0.67624043 0.44643706 0.35810078 0.49984779 0.45579418] that was outside action space Box(0.0, 1.0, (5,), float32). Environment is clipping to space
[WARNING]: Received an action [0.60936514 0.50535185 0.09741709 0.47348004 0.65805352] that was outside action space Box(0.0, 1.0, (5,), float32). Environment is clipping to space
[WARNING]: Received an action [0.36048848 0.67409304 0.46597034 0.41520566 0.39248376] that was outside action space Box(0.0, 1.0, (5,), float32). Environment is clipping to space
[WARNING]: Received an action [0.31720984 0.34151747 0.59262232 0.60798287 0.450475  ] that was outside action space Box(0.0, 1.0, (5,), float32). Environment is clipping to space
[WARNING]: Received an action [0.77501443 0.50376614 0.42894767 0.36612837 0.05192698] that was outside action space Box(0.0, 1.0, (5,), float32). Environment is clipping to space
[WARNING]: Received an action [0.44891808 0.49571012 0.39911562 0.73739483 0.408105  ] that was outside action space Box(0.0, 1.0, (5,), float32). Environment is clipping to space
[WARNING]: Received an action [0.7514929  0.62520091 0.34084639 0.42518642 0.35888704] that was outside action space Box(0.0, 1.0, (5,), float32). Environment is clipping to space
[WARNING]: Received an action [0.51077566 0.67967181 0.26604281 0.44856943 0.33113633] that was outside action space Box(0.0, 1.0, (5,), float32). Environment is clipping to space
[WARNING]: Received an action [0.56117742 0.36444463 0.40452075 0.61956335 0.55141189] that was outside action space Box(0.0, 1.0, (5,), float32). Environment is clipping to space
[WARNING]: Received an action [0.3499472  0.45565451 0.4028287  0.60079159 0.52382746] that was outside action space Box(0.0, 1.0, (5,), float32). Environment is clipping to space
[WARNING]: Received an action [0.42032742 0.53732622 0.35405178 0.7184991  0.09375462] that was outside action space Box(0.0, 1.0, (5,), float32). Environment is clipping to space
[WARNING]: Received an action [0.27974641 0.69702252 0.47466297 0.33647143 0.30957014] that was outside action space Box(0.0, 1.0, (5,), float32). Environment is clipping to space
[WARNING]: Received an action [0.47555983 0.44104685 0.17234556 0.41039307 0.46519008] that was outside action space Box(0.0, 1.0, (5,), float32). Environment is clipping to space
[WARNING]: Received an action [0.37747637 0.62623781 0.48845734 0.43364718 0.42733292] that was outside action space Box(0.0, 1.0, (5,), float32). Environment is clipping to space
[WARNING]: Received an action [0.63489558 0.31529763 0.44974653 0.45233304 0.38343625] that was outside action space Box(0.0, 1.0, (5,), float32). Environment is clipping to space
[WARNING]: Received an action [0.31531488 0.61199302 0.34653326 0.51872823 0.30442849] that was outside action space Box(0.0, 1.0, (5,), float32). Environment is clipping to space
[WARNING]: Received an action [0.57276791 0.35486128 0.46848253 0.26047377 0.48541569] that was outside action space Box(0.0, 1.0, (5,), float32). Environment is clipping to space
[WARNING]: Received an action [0.3079957  0.5092749  0.76043179 0.62135543 0.4793675 ] that was outside action space Box(0.0, 1.0, (5,), float32). Environment is clipping to space
[WARNING]: Received an action [0.58153955 0.28937881 0.43991834 0.48101755 0.5976077 ] that was outside action space Box(0.0, 1.0, (5,), float32). Environment is clipping to space
[WARNING]: Received an action [0.61962505 0.25469399 0.5901578  0.55482029 0.34109804] that was outside action space Box(0.0, 1.0, (5,), float32). Environment is clipping to space
[WARNING]: Received an action [0.64030825 0.47102649 0.63872335 0.56567972 0.19653405] that was outside action space Box(0.0, 1.0, (5,), float32). Environment is clipping to space
[WARNING]: Received an action [0.49575638 0.33966953 0.52960909 0.54438441 0.5329607 ] that was outside action space Box(0.0, 1.0, (5,), float32). Environment is clipping to space
[WARNING]: Received an action [0.51389895 0.44892571 0.46029002 0.53227626 0.63670802] that was outside action space Box(0.0, 1.0, (5,), float32). Environment is clipping to space
[WARNING]: Received an action [0.59501216 0.56765828 0.75281088 0.58677628 0.52479544] that was outside action space Box(0.0, 1.0, (5,), float32). Environment is clipping to space
[WARNING]: Received an action [0.54420465 0.2837099  0.71310408 0.60287822 0.54536716] that was outside action space Box(0.0, 1.0, (5,), float32). Environment is clipping to space
[WARNING]: Received an action [0.46683682 0.30726419 0.51708832 0.25889403 0.43587158] that was outside action space Box(0.0, 1.0, (5,), float32). Environment is clipping to space
[WARNING]: Received an action [0.4639119  0.518839   0.53343801 0.41109621 0.30490217] that was outside action space Box(0.0, 1.0, (5,), float32). Environment is clipping to space
[WARNING]: Received an action [0.34118592 0.5929803  0.47045551 0.51997485 0.41432938] that was outside action space Box(0.0, 1.0, (5,), float32). Environment is clipping to space
[WARNING]: Received an action [0.60242038 0.39140975 0.60654693 0.81592318 0.55881971] that was outside action space Box(0.0, 1.0, (5,), float32). Environment is clipping to space
[WARNING]: Received an action [0.59063927 0.37641393 0.49566335 0.37698303 0.5099523 ] that was outside action space Box(0.0, 1.0, (5,), float32). Environment is clipping to space
[WARNING]: Received an action [0.35127796 0.57984229 0.43265267 0.5666132  0.04098551] that was outside action space Box(0.0, 1.0, (5,), float32). Environment is clipping to space
[WARNING]: Received an action [0.43885648 0.29791341 0.48729995 0.31635244 0.48952711] that was outside action space Box(0.0, 1.0, (5,), float32). Environment is clipping to space
[WARNING]: Received an action [0.54538525 0.35131098 0.60856062 0.62221924 0.53121827] that was outside action space Box(0.0, 1.0, (5,), float32). Environment is clipping to space
[WARNING]: Received an action [0.37875328 0.53471628 0.53772811 0.55756362 0.48490017] that was outside action space Box(0.0, 1.0, (5,), float32). Environment is clipping to space
[WARNING]: Received an action [0.44867717 0.63448497 0.76605911 0.37938672 0.53302598] that was outside action space Box(0.0, 1.0, (5,), float32). Environment is clipping to space
[WARNING]: Received an action [0.5308844  0.60703088 0.596557   0.63697054 0.56814836] that was outside action space Box(0.0, 1.0, (5,), float32). Environment is clipping to space
[WARNING]: Received an action [0.519936   0.30538889 0.53392829 0.66394195 0.39635021] that was outside action space Box(0.0, 1.0, (5,), float32). Environment is clipping to space
[WARNING]: Received an action [0.20895691 0.68498838 0.69249286 0.54219562 0.51790873] that was outside action space Box(0.0, 1.0, (5,), float32). Environment is clipping to space
[WARNING]: Received an action [0.58060664 0.54459889 0.62581282 0.52716614 0.2258369 ] that was outside action space Box(0.0, 1.0, (5,), float32). Environment is clipping to space
[WARNING]: Received an action [0.52894834 0.63333031 0.37360932 0.38700182 0.41424836] that was outside action space Box(0.0, 1.0, (5,), float32). Environment is clipping to space
[WARNING]: Received an action [0.34641807 0.22238232 0.30696161 0.31027352 0.57380021] that was outside action space Box(0.0, 1.0, (5,), float32). Environment is clipping to space
[WARNING]: Received an action [0.35830293 0.24718046 0.48147462 0.66469477 0.15968606] that was outside action space Box(0.0, 1.0, (5,), float32). Environment is clipping to space
[WARNING]: Received an action [0.28772238 0.5962059  0.6442978  0.46143783 0.21743671] that was outside action space Box(0.0, 1.0, (5,), float32). Environment is clipping to space
[WARNING]: Received an action [0.37068733 0.43035775 0.36625772 0.49200042 0.41800276] that was outside action space Box(0.0, 1.0, (5,), float32). Environment is clipping to space
[WARNING]: Received an action [0.47746205 0.54312948 0.46275353 0.49669898 0.49883396] that was outside action space Box(0.0, 1.0, (5,), float32). Environment is clipping to space
[WARNING]: Received an action [0.20208074 0.52284402 0.39846617 0.46346272 0.68152414] that was outside action space Box(0.0, 1.0, (5,), float32). Environment is clipping to space
[WARNING]: Received an action [0.33929255 0.46468975 0.37119799 0.48745306 0.43323646] that was outside action space Box(0.0, 1.0, (5,), float32). Environment is clipping to space
[WARNING]: Received an action [0.51015532 0.12138343 0.57868106 0.59954486 0.43489999] that was outside action space Box(0.0, 1.0, (5,), float32). Environment is clipping to space
[WARNING]: Received an action [0.34300619 0.45144771 0.29334374 0.55733316 0.50193563] that was outside action space Box(0.0, 1.0, (5,), float32). Environment is clipping to space
[WARNING]: Received an action [0.74802911 0.26982071 0.56450878 0.28397846 0.45382695] that was outside action space Box(0.0, 1.0, (5,), float32). Environment is clipping to space
[WARNING]: Received an action [0.79966161 0.54471029 0.46191968 0.55987536 0.51335737] that was outside action space Box(0.0, 1.0, (5,), float32). Environment is clipping to space
[WARNING]: Received an action [0.6054501  0.59860473 0.42442728 0.3849926  0.49735299] that was outside action space Box(0.0, 1.0, (5,), float32). Environment is clipping to space
[WARNING]: Received an action [0.59366507 0.75207112 0.53032197 0.6083935  0.35106395] that was outside action space Box(0.0, 1.0, (5,), float32). Environment is clipping to space
[WARNING]: Received an action [0.32026599 0.62960339 0.68908618 0.44653191 0.41897909] that was outside action space Box(0.0, 1.0, (5,), float32). Environment is clipping to space
[WARNING]: Received an action [0.39162415 0.21966023 0.5069805  0.41385621 0.30467316] that was outside action space Box(0.0, 1.0, (5,), float32). Environment is clipping to space
[WARNING]: Received an action [0.50092092 0.56526196 0.77895068 0.21404999 0.37602509] that was outside action space Box(0.0, 1.0, (5,), float32). Environment is clipping to space
[WARNING]: Received an action [0.40427768 0.32783884 0.3949105  0.51666734 0.39385088] that was outside action space Box(0.0, 1.0, (5,), float32). Environment is clipping to space
[WARNING]: Received an action [0.31618136 0.79346706 0.49711878 0.35792822 0.44230145] that was outside action space Box(0.0, 1.0, (5,), float32). Environment is clipping to space
[WARNING]: Received an action [0.24200678 0.40008219 0.45451608 0.37588298 0.32417989] that was outside action space Box(0.0, 1.0, (5,), float32). Environment is clipping to space
[WARNING]: Received an action [0.3924883  0.36421381 0.68247025 0.3888727  0.5184394 ] that was outside action space Box(0.0, 1.0, (5,), float32). Environment is clipping to space
[WARNING]: Received an action [0.60009338 0.49717167 0.50583135 0.41855453 0.57250667] that was outside action space Box(0.0, 1.0, (5,), float32). Environment is clipping to space
[WARNING]: Received an action [0.49200686 0.530637   0.52901097 0.54994811 0.47553096] that was outside action space Box(0.0, 1.0, (5,), float32). Environment is clipping to space
[WARNING]: Received an action [0.71347525 0.51675453 0.38716972 0.63055697 0.51594227] that was outside action space Box(0.0, 1.0, (5,), float32). Environment is clipping to space
[WARNING]: Received an action [0.52016135 0.31390164 0.59682872 0.60950631 0.31620489] that was outside action space Box(0.0, 1.0, (5,), float32). Environment is clipping to space
[WARNING]: Received an action [0.70448987 0.53427813 0.40908311 0.39255279 0.60638733] that was outside action space Box(0.0, 1.0, (5,), float32). Environment is clipping to space
[WARNING]: Received an action [0.36906919 0.6108739  0.51390322 0.53934093 0.51091744] that was outside action space Box(0.0, 1.0, (5,), float32). Environment is clipping to space
[WARNING]: Received an action [0.27738973 0.52209182 0.51502715 0.35706532 0.508937  ] that was outside action space Box(0.0, 1.0, (5,), float32). Environment is clipping to space
[WARNING]: Received an action [0.450735   0.17758204 0.55745084 0.47411455 0.53097576] that was outside action space Box(0.0, 1.0, (5,), float32). Environment is clipping to space
[WARNING]: Received an action [0.52102099 0.45524585 0.63385166 0.69411338 0.35013599] that was outside action space Box(0.0, 1.0, (5,), float32). Environment is clipping to space
[WARNING]: Received an action [0.51913751 0.55389295 0.54283666 0.49996012 0.3069599 ] that was outside action space Box(0.0, 1.0, (5,), float32). Environment is clipping to space
[WARNING]: Received an action [0.40058774 0.285306   0.63536196 0.31067634 0.34629084] that was outside action space Box(0.0, 1.0, (5,), float32). Environment is clipping to space
[WARNING]: Received an action [0.43980946 0.57104729 0.42459008 0.52364152 0.3058131 ] that was outside action space Box(0.0, 1.0, (5,), float32). Environment is clipping to space
[WARNING]: Received an action [0.41724976 0.37242887 0.61371772 0.61047606 0.48151033] that was outside action space Box(0.0, 1.0, (5,), float32). Environment is clipping to space
[WARNING]: Received an action [0.33865516 0.17937185 0.95142438 0.48540401 0.24978248] that was outside action space Box(0.0, 1.0, (5,), float32). Environment is clipping to space
[WARNING]: Received an action [0.53036978 0.5013     0.48885761 0.74223624 0.58888799] that was outside action space Box(0.0, 1.0, (5,), float32). Environment is clipping to space
[WARNING]: Received an action [0.35582097 0.82899212 0.39201932 0.52899866 0.48183731] that was outside action space Box(0.0, 1.0, (5,), float32). Environment is clipping to space
[WARNING]: Received an action [0.50337811 0.58169321 0.3730399  0.39378258 0.48697813] that was outside action space Box(0.0, 1.0, (5,), float32). Environment is clipping to space
[WARNING]: Received an action [0.48476546 0.45230278 0.52304922 0.4955263  0.39614542] that was outside action space Box(0.0, 1.0, (5,), float32). Environment is clipping to space
[WARNING]: Received an action [0.49884233 0.6798159  0.22349069 0.57207577 0.57369026] that was outside action space Box(0.0, 1.0, (5,), float32). Environment is clipping to space
[WARNING]: Received an action [0.34213117 0.60796618 0.58661408 0.61861478 0.45977285] that was outside action space Box(0.0, 1.0, (5,), float32). Environment is clipping to space
[WARNING]: Received an action [0.71219147 0.54135541 0.68473271 0.6714314  0.32982817] that was outside action space Box(0.0, 1.0, (5,), float32). Environment is clipping to space
[WARNING]: Received an action [0.35166429 0.57867569 0.57927095 0.63714317 0.40559682] that was outside action space Box(0.0, 1.0, (5,), float32). Environment is clipping to space
[WARNING]: Received an action [0.29753091 0.67318087 0.59207087 0.42909206 0.44198532] that was outside action space Box(0.0, 1.0, (5,), float32). Environment is clipping to space
[WARNING]: Received an action [0.37851642 0.44643028 0.53773678 0.67735369 0.25224796] that was outside action space Box(0.0, 1.0, (5,), float32). Environment is clipping to space
[WARNING]: Received an action [0.66754951 0.47885881 0.59664081 0.52400366 0.54409365] that was outside action space Box(0.0, 1.0, (5,), float32). Environment is clipping to space
[WARNING]: Received an action [0.67930657 0.45173644 0.54354943 0.60844485 0.24735251] that was outside action space Box(0.0, 1.0, (5,), float32). Environment is clipping to space
[WARNING]: Received an action [0.59894083 0.32971792 0.56279626 0.25809943 0.41375675] that was outside action space Box(0.0, 1.0, (5,), float32). Environment is clipping to space
[WARNING]: Received an action [0.51630042 0.37988184 0.66983651 0.7063853  0.39397202] that was outside action space Box(0.0, 1.0, (5,), float32). Environment is clipping to space
[WARNING]: Received an action [0.38715956 0.56389276 0.57792057 0.50516871 0.30185225] that was outside action space Box(0.0, 1.0, (5,), float32). Environment is clipping to space
[WARNING]: Received an action [0.68661132 0.75712358 0.26600866 0.41877161 0.59377606] that was outside action space Box(0.0, 1.0, (5,), float32). Environment is clipping to space
[WARNING]: Received an action [0.45961778 0.32864168 0.62819418 0.60076557 0.43210122] that was outside action space Box(0.0, 1.0, (5,), float32). Environment is clipping to space
[WARNING]: Received an action [0.75218494 0.43099949 0.79013555 0.37159406 0.65787178] that was outside action space Box(0.0, 1.0, (5,), float32). Environment is clipping to space
[WARNING]: Received an action [0.37246059 0.44925048 0.40737063 0.68466184 0.46974574] that was outside action space Box(0.0, 1.0, (5,), float32). Environment is clipping to space
[WARNING]: Received an action [0.8223671  0.66190151 0.34045549 0.72769896 0.23161105] that was outside action space Box(0.0, 1.0, (5,), float32). Environment is clipping to space
[WARNING]: Received an action [0.48572539 0.417551   0.6239722  0.53471244 0.65807231] that was outside action space Box(0.0, 1.0, (5,), float32). Environment is clipping to space
[WARNING]: Received an action [0.45606551 0.61824423 0.50163891 0.54978276 0.68551109] that was outside action space Box(0.0, 1.0, (5,), float32). Environment is clipping to space
[WARNING]: Received an action [0.4869842  0.41193914 0.80243875 0.45589458 0.37275961] that was outside action space Box(0.0, 1.0, (5,), float32). Environment is clipping to space
[WARNING]: Received an action [0.20976684 0.57273274 0.53983805 0.41106276 0.60119089] that was outside action space Box(0.0, 1.0, (5,), float32). Environment is clipping to space
[WARNING]: Received an action [0.39939528 0.45749157 0.49171518 0.50012227 0.59108917] that was outside action space Box(0.0, 1.0, (5,), float32). Environment is clipping to space
[WARNING]: Received an action [0.55608989 0.29412188 0.51667861 0.4620138  0.3349234 ] that was outside action space Box(0.0, 1.0, (5,), float32). Environment is clipping to space
[WARNING]: Received an action [0.30103944 0.53174543 0.85477463 0.48163706 0.57158102] that was outside action space Box(0.0, 1.0, (5,), float32). Environment is clipping to space
[WARNING]: Received an action [0.60114554 0.76698822 0.539415   0.42152013 0.78253486] that was outside action space Box(0.0, 1.0, (5,), float32). Environment is clipping to space
[WARNING]: Received an action [0.3435407  0.58538333 0.51962039 0.51204627 0.21795916] that was outside action space Box(0.0, 1.0, (5,), float32). Environment is clipping to space
[WARNING]: Received an action [0.4891608  0.69154371 0.34294676 0.28406559 0.59241388] that was outside action space Box(0.0, 1.0, (5,), float32). Environment is clipping to space
[WARNING]: Received an action [0.36278942 0.39571801 0.3010815  0.40303909 0.42724311] that was outside action space Box(0.0, 1.0, (5,), float32). Environment is clipping to space
[WARNING]: Received an action [0.311434   0.62038604 0.55788488 0.46332395 0.58875441] that was outside action space Box(0.0, 1.0, (5,), float32). Environment is clipping to space
[WARNING]: Received an action [0.43444552 0.78138351 0.37165542 0.54448994 0.74447574] that was outside action space Box(0.0, 1.0, (5,), float32). Environment is clipping to space
[WARNING]: Received an action [0.65044019 0.37057096 0.25984522 0.41123132 0.4046124 ] that was outside action space Box(0.0, 1.0, (5,), float32). Environment is clipping to space
[WARNING]: Received an action [0.43022156 0.41613112 0.48329129 0.47673878 0.53609026] that was outside action space Box(0.0, 1.0, (5,), float32). Environment is clipping to space
[WARNING]: Received an action [0.4528634  0.53299467 0.60251951 0.43573214 0.82185894] that was outside action space Box(0.0, 1.0, (5,), float32). Environment is clipping to space
[WARNING]: Received an action [0.77114479 0.32063607 0.49670492 0.42405415 0.29563543] that was outside action space Box(0.0, 1.0, (5,), float32). Environment is clipping to space
[WARNING]: Received an action [0.39613905 0.24850851 0.34733654 0.6536219  0.39780789] that was outside action space Box(0.0, 1.0, (5,), float32). Environment is clipping to space
[WARNING]: Received an action [0.5468782  0.55047187 0.53884108 0.85503781 0.8410605 ] that was outside action space Box(0.0, 1.0, (5,), float32). Environment is clipping to space
[WARNING]: Received an action [0.43370444 0.2904721  0.47649691 0.30705285 0.5487398 ] that was outside action space Box(0.0, 1.0, (5,), float32). Environment is clipping to space
[WARNING]: Received an action [0.56071408 0.4593356  0.61819855 0.63528732 0.35679085] that was outside action space Box(0.0, 1.0, (5,), float32). Environment is clipping to space
[WARNING]: Received an action [0.46343894 0.43685405 0.6268822  0.62648946 0.80932283] that was outside action space Box(0.0, 1.0, (5,), float32). Environment is clipping to space
[WARNING]: Received an action [0.27434476 0.52599678 0.2608746  0.5776239  0.44974499] that was outside action space Box(0.0, 1.0, (5,), float32). Environment is clipping to space
[WARNING]: Received an action [0.61545333 0.38741989 0.67456184 0.63703022 0.30058093] that was outside action space Box(0.0, 1.0, (5,), float32). Environment is clipping to space
[WARNING]: Received an action [0.48780349 0.11232426 0.41665868 0.52020395 0.47061984] that was outside action space Box(0.0, 1.0, (5,), float32). Environment is clipping to space
[WARNING]: Received an action [0.49834002 0.48497205 0.36727488 0.59405051 0.73289081] that was outside action space Box(0.0, 1.0, (5,), float32). Environment is clipping to space
[WARNING]: Received an action [0.55944089 0.34509089 0.59719533 0.54084885 0.33726703] that was outside action space Box(0.0, 1.0, (5,), float32). Environment is clipping to space
[WARNING]: Received an action [0.74712855 0.60245885 0.74549564 0.61203031 0.58439303] that was outside action space Box(0.0, 1.0, (5,), float32). Environment is clipping to space
[WARNING]: Received an action [0.46360917 0.46286827 0.60507961 0.38545133 0.30849428] that was outside action space Box(0.0, 1.0, (5,), float32). Environment is clipping to space
[WARNING]: Received an action [0.63956248 0.32976569 0.79988896 0.39668744 0.47601043] that was outside action space Box(0.0, 1.0, (5,), float32). Environment is clipping to space
[WARNING]: Received an action [0.7724519  0.44160184 0.46358553 0.51715989 0.61321307] that was outside action space Box(0.0, 1.0, (5,), float32). Environment is clipping to space
[WARNING]: Received an action [0.32079109 0.41198732 0.70020965 0.35418087 0.46675473] that was outside action space Box(0.0, 1.0, (5,), float32). Environment is clipping to space
[WARNING]: Received an action [0.71417107 0.43949529 0.49008014 0.59047591 0.68113551] that was outside action space Box(0.0, 1.0, (5,), float32). Environment is clipping to space
[WARNING]: Received an action [0.63589264 0.56366439 0.51917172 0.37574269 0.67570585] that was outside action space Box(0.0, 1.0, (5,), float32). Environment is clipping to space
[WARNING]: Received an action [0.24384802 0.40216101 0.43269728 0.28423611 0.71741813] that was outside action space Box(0.0, 1.0, (5,), float32). Environment is clipping to space
[WARNING]: Received an action [0.40799715 0.24539468 0.68546432 0.64818661 0.46275407] that was outside action space Box(0.0, 1.0, (5,), float32). Environment is clipping to space
[WARNING]: Received an action [0.53390073 0.54344706 0.32054702 0.51367196 0.68659734] that was outside action space Box(0.0, 1.0, (5,), float32). Environment is clipping to space
[WARNING]: Received an action [0.59172864 0.42294047 0.25277416 0.57338834 0.50070654] that was outside action space Box(0.0, 1.0, (5,), float32). Environment is clipping to space
[WARNING]: Received an action [0.49218342 0.50537369 0.69043868 0.49846543 0.27077202] that was outside action space Box(0.0, 1.0, (5,), float32). Environment is clipping to space
[WARNING]: Received an action [0.4332669  0.19727157 0.37805618 0.52293863 0.62916827] that was outside action space Box(0.0, 1.0, (5,), float32). Environment is clipping to space
[WARNING]: Received an action [0.45720577 0.29520434 0.30064623 0.54917677 0.75152908] that was outside action space Box(0.0, 1.0, (5,), float32). Environment is clipping to space
[WARNING]: Received an action [0.61159713 0.53493279 0.53615074 0.56730022 0.4444673 ] that was outside action space Box(0.0, 1.0, (5,), float32). Environment is clipping to space
[WARNING]: Received an action [0.53131445 0.61699885 0.7216671  0.6420138  0.5572166 ] that was outside action space Box(0.0, 1.0, (5,), float32). Environment is clipping to space
[WARNING]: Received an action [0.61225298 0.65872282 0.49706799 0.415485   0.31452508] that was outside action space Box(0.0, 1.0, (5,), float32). Environment is clipping to space
[WARNING]: Received an action [0.47755776 0.19148566 0.46732009 0.72474168 0.44647387] that was outside action space Box(0.0, 1.0, (5,), float32). Environment is clipping to space
[WARNING]: Received an action [0.64621446 0.43865488 0.69209822 0.43880083 0.75485754] that was outside action space Box(0.0, 1.0, (5,), float32). Environment is clipping to space
[WARNING]: Received an action [0.42693375 0.51017422 0.57914013 0.52130035 0.48714872] that was outside action space Box(0.0, 1.0, (5,), float32). Environment is clipping to space
[WARNING]: Received an action [0.42631858 0.39385886 0.61075647 0.44017881 0.52044458] that was outside action space Box(0.0, 1.0, (5,), float32). Environment is clipping to space
[WARNING]: Received an action [0.32717348 0.54962502 0.58660071 0.5906342  0.77353368] that was outside action space Box(0.0, 1.0, (5,), float32). Environment is clipping to space
[WARNING]: Received an action [0.35472588 0.63185688 0.56112909 0.33269561 0.47600726] that was outside action space Box(0.0, 1.0, (5,), float32). Environment is clipping to space
[WARNING]: Received an action [0.30219359 0.4014448  0.4716104  0.51582183 0.39209165] that was outside action space Box(0.0, 1.0, (5,), float32). Environment is clipping to space
[WARNING]: Received an action [0.46508824 0.84086423 0.43570397 0.4735303  1.        ] that was outside action space Box(0.0, 1.0, (5,), float32). Environment is clipping to space
[WARNING]: Received an action [0.54745479 0.55215373 0.22142163 0.58891981 0.48550178] that was outside action space Box(0.0, 1.0, (5,), float32). Environment is clipping to space
[WARNING]: Received an action [0.48437496 0.33324484 0.59994282 0.69446292 0.52036493] that was outside action space Box(0.0, 1.0, (5,), float32). Environment is clipping to space
[WARNING]: Received an action [0.53740829 0.74865691 0.44637323 0.42177937 0.94707277] that was outside action space Box(0.0, 1.0, (5,), float32). Environment is clipping to space
[WARNING]: Received an action [0.60188318 0.48251616 0.27778402 0.54914678 0.57332514] that was outside action space Box(0.0, 1.0, (5,), float32). Environment is clipping to space
[WARNING]: Received an action [0.46731592 0.         0.61834354 0.72209874 0.52746672] that was outside action space Box(0.0, 1.0, (5,), float32). Environment is clipping to space
[WARNING]: Received an action [0.36998924 0.49466168 0.359273   0.3682333  0.73633388] that was outside action space Box(0.0, 1.0, (5,), float32). Environment is clipping to space
[WARNING]: Received an action [0.40210427 0.57815033 0.4118119  0.47404421 0.47059973] that was outside action space Box(0.0, 1.0, (5,), float32). Environment is clipping to space
[WARNING]: Received an action [0.6820252  0.20122986 0.36249172 0.42248424 0.3393586 ] that was outside action space Box(0.0, 1.0, (5,), float32). Environment is clipping to space
[WARNING]: Received an action [0.25737149 0.69807741 0.99248575 0.55901997 0.60014206] that was outside action space Box(0.0, 1.0, (5,), float32). Environment is clipping to space
[WARNING]: Received an action [0.65424768 0.63728762 0.27366093 0.31984902 0.34406557] that was outside action space Box(0.0, 1.0, (5,), float32). Environment is clipping to space
[WARNING]: Received an action [0.52569881 0.62605898 0.5631301  0.4320081  0.53784772] that was outside action space Box(0.0, 1.0, (5,), float32). Environment is clipping to space
[WARNING]: Received an action [0.47902253 0.48164031 0.29973754 0.49723476 0.71479757] that was outside action space Box(0.0, 1.0, (5,), float32). Environment is clipping to space
[WARNING]: Received an action [0.49474915 0.63463308 0.23324389 0.38944033 0.602349  ] that was outside action space Box(0.0, 1.0, (5,), float32). Environment is clipping to space
[WARNING]: Received an action [0.34378139 0.05972742 0.55762301 0.40259059 0.32668094] that was outside action space Box(0.0, 1.0, (5,), float32). Environment is clipping to space
[WARNING]: Received an action [0.65602093 0.50353442 0.46926315 0.61941627 0.71381396] that was outside action space Box(0.0, 1.0, (5,), float32). Environment is clipping to space
[WARNING]: Received an action [0.67659083 0.41644716 0.6788362  0.49250627 0.65956133] that was outside action space Box(0.0, 1.0, (5,), float32). Environment is clipping to space
[WARNING]: Received an action [0.59157353 0.63855593 0.47060918 0.61900764 0.53789952] that was outside action space Box(0.0, 1.0, (5,), float32). Environment is clipping to space
[WARNING]: Received an action [0.52992023 0.58448287 0.59493889 0.48519768 0.72985953] that was outside action space Box(0.0, 1.0, (5,), float32). Environment is clipping to space
[WARNING]: Received an action [0.65734768 0.30404734 0.58478773 0.57574579 0.57501057] that was outside action space Box(0.0, 1.0, (5,), float32). Environment is clipping to space
[WARNING]: Received an action [0.51559915 0.32581582 0.45527243 0.34399575 0.53935663] that was outside action space Box(0.0, 1.0, (5,), float32). Environment is clipping to space
[WARNING]: Received an action [0.48652817 0.42825484 0.52035021 0.53417496 0.64767591] that was outside action space Box(0.0, 1.0, (5,), float32). Environment is clipping to space
[WARNING]: Received an action [0.64868746 0.42125424 0.72813806 0.54805865 0.31949663] that was outside action space Box(0.0, 1.0, (5,), float32). Environment is clipping to space
[WARNING]: Received an action [0.72612093 0.37590565 0.75074996 0.5281409  0.58996889] that was outside action space Box(0.0, 1.0, (5,), float32). Environment is clipping to space
[WARNING]: Received an action [0.35154502 0.58684793 0.67342089 0.49724638 0.62906341] that was outside action space Box(0.0, 1.0, (5,), float32). Environment is clipping to space
[WARNING]: Received an action [0.58191226 0.61863495 0.56008007 0.46775366 0.47689565] that was outside action space Box(0.0, 1.0, (5,), float32). Environment is clipping to space
[WARNING]: Received an action [0.57230074 0.27730933 0.43699662 0.59000573 0.51468778] that was outside action space Box(0.0, 1.0, (5,), float32). Environment is clipping to space
[WARNING]: Received an action [0.62925469 0.67297991 0.58274513 0.37021067 0.68234581] that was outside action space Box(0.0, 1.0, (5,), float32). Environment is clipping to space
[WARNING]: Received an action [0.63675104 0.65444893 0.58188712 0.61480159 0.35601462] that was outside action space Box(0.0, 1.0, (5,), float32). Environment is clipping to space
[WARNING]: Received an action [0.50951765 0.59315388 0.47209042 0.32528799 0.46338631] that was outside action space Box(0.0, 1.0, (5,), float32). Environment is clipping to space
[WARNING]: Received an action [0.59210509 0.63892804 0.61877303 0.41736576 0.52019075] that was outside action space Box(0.0, 1.0, (5,), float32). Environment is clipping to space
[WARNING]: Received an action [0.64366299 0.44047124 0.57434877 0.22346774 0.57504251] that was outside action space Box(0.0, 1.0, (5,), float32). Environment is clipping to space
[WARNING]: Received an action [0.58482158 0.43011742 0.73011962 0.42880982 0.40969503] that was outside action space Box(0.0, 1.0, (5,), float32). Environment is clipping to space
[WARNING]: Received an action [0.40525529 0.51280786 0.61958734 0.47185564 0.46001247] that was outside action space Box(0.0, 1.0, (5,), float32). Environment is clipping to space
[WARNING]: Received an action [0.63869839 0.62339646 0.69410524 0.51109959 0.40908951] that was outside action space Box(0.0, 1.0, (5,), float32). Environment is clipping to space
[WARNING]: Received an action [0.56131657 0.21316685 0.45346499 0.49819826 0.45617937] that was outside action space Box(0.0, 1.0, (5,), float32). Environment is clipping to space
[WARNING]: Received an action [0.52801007 0.62136231 0.51325995 0.50322262 0.58544294] that was outside action space Box(0.0, 1.0, (5,), float32). Environment is clipping to space
[WARNING]: Received an action [0.42922756 0.61732098 0.399751   0.49179378 0.73030524] that was outside action space Box(0.0, 1.0, (5,), float32). Environment is clipping to space
[WARNING]: Received an action [0.52090203 0.47691252 0.57363291 0.47565901 0.56124644] that was outside action space Box(0.0, 1.0, (5,), float32). Environment is clipping to space
[WARNING]: Received an action [0.49243094 0.50109028 0.5488055  0.35179649 0.57993022] that was outside action space Box(0.0, 1.0, (5,), float32). Environment is clipping to space
[WARNING]: Received an action [0.65777401 0.43936281 0.62609297 0.70058683 0.46558637] that was outside action space Box(0.0, 1.0, (5,), float32). Environment is clipping to space
[WARNING]: Received an action [0.53637069 0.17922124 0.49286779 0.48715323 0.35735522] that was outside action space Box(0.0, 1.0, (5,), float32). Environment is clipping to space
[WARNING]: Received an action [0.38014993 0.60262335 0.56908742 0.41127769 0.59043391] that was outside action space Box(0.0, 1.0, (5,), float32). Environment is clipping to space
[WARNING]: Received an action [0.31844035 0.46706882 0.57375728 0.35984873 0.43600457] that was outside action space Box(0.0, 1.0, (5,), float32). Environment is clipping to space
[WARNING]: Received an action [0.73515206 0.62305554 0.69412554 0.26849684 0.38090943] that was outside action space Box(0.0, 1.0, (5,), float32). Environment is clipping to space
[WARNING]: Received an action [0.41670054 0.54772235 0.47412633 0.59625854 0.72104195] that was outside action space Box(0.0, 1.0, (5,), float32). Environment is clipping to space
[WARNING]: Received an action [0.64209177 0.50061763 0.42483527 0.35021165 0.34816791] that was outside action space Box(0.0, 1.0, (5,), float32). Environment is clipping to space
[WARNING]: Received an action [0.73199593 0.52050787 0.40612796 0.2511253  0.47768974] that was outside action space Box(0.0, 1.0, (5,), float32). Environment is clipping to space
[WARNING]: Received an action [0.36803575 0.69030865 0.64584524 0.45620436 0.65920323] that was outside action space Box(0.0, 1.0, (5,), float32). Environment is clipping to space
[WARNING]: Received an action [0.53207353 0.51902287 0.65458161 0.47903753 0.51779607] that was outside action space Box(0.0, 1.0, (5,), float32). Environment is clipping to space
[WARNING]: Received an action [0.58402965 0.42719393 0.44192334 0.63444745 0.4195619 ] that was outside action space Box(0.0, 1.0, (5,), float32). Environment is clipping to space
[WARNING]: Received an action [0.50399731 0.60966725 0.62493524 0.33752968 0.59314739] that was outside action space Box(0.0, 1.0, (5,), float32). Environment is clipping to space
[WARNING]: Received an action [0.71595717 0.61178959 0.52922599 0.69388798 0.57858183] that was outside action space Box(0.0, 1.0, (5,), float32). Environment is clipping to space
[WARNING]: Received an action [0.58953496 0.39842954 0.42752269 0.39541969 0.24593453] that was outside action space Box(0.0, 1.0, (5,), float32). Environment is clipping to space
[WARNING]: Received an action [0.53555661 0.49867733 0.56015166 0.62451542 0.73946711] that was outside action space Box(0.0, 1.0, (5,), float32). Environment is clipping to space
[WARNING]: Received an action [0.53508263 0.58863357 0.53258171 0.65781517 0.34377672] that was outside action space Box(0.0, 1.0, (5,), float32). Environment is clipping to space
[WARNING]: Received an action [0.60087815 0.53510175 0.58095061 0.55538137 0.40285242] that was outside action space Box(0.0, 1.0, (5,), float32). Environment is clipping to space
[WARNING]: Received an action [0.27749463 0.33856798 0.53816668 0.62431342 0.70604081] that was outside action space Box(0.0, 1.0, (5,), float32). Environment is clipping to space
[WARNING]: Received an action [0.49272363 0.4006133  0.75328251 0.40237277 0.40653147] that was outside action space Box(0.0, 1.0, (5,), float32). Environment is clipping to space
[WARNING]: Received an action [0.52896112 0.48713054 0.56365622 0.40685644 0.62039513] that was outside action space Box(0.0, 1.0, (5,), float32). Environment is clipping to space
[WARNING]: Received an action [0.34918223 0.60552078 0.49466538 0.29256628 0.75600118] that was outside action space Box(0.0, 1.0, (5,), float32). Environment is clipping to space
[WARNING]: Received an action [0.44272816 0.49648807 0.62435353 0.60808183 0.49048008] that was outside action space Box(0.0, 1.0, (5,), float32). Environment is clipping to space
[WARNING]: Received an action [0.53091414 0.52777867 0.55065798 0.58886045 0.59081853] that was outside action space Box(0.0, 1.0, (5,), float32). Environment is clipping to space
[WARNING]: Received an action [0.43801981 0.55124731 0.51093123 0.38080774 0.56760198] that was outside action space Box(0.0, 1.0, (5,), float32). Environment is clipping to space
[WARNING]: Received an action [0.6103721  0.53838985 0.62317792 0.75998579 0.36449804] that was outside action space Box(0.0, 1.0, (5,), float32). Environment is clipping to space
[WARNING]: Received an action [0.47281138 0.47688978 0.60581872 0.57252259 0.33049501] that was outside action space Box(0.0, 1.0, (5,), float32). Environment is clipping to space
[WARNING]: Received an action [0.40789164 0.5141639  0.6180406  0.23816844 0.58454471] that was outside action space Box(0.0, 1.0, (5,), float32). Environment is clipping to space
[WARNING]: Received an action [0.61737065 0.491427   0.56835808 0.56603133 0.5104014 ] that was outside action space Box(0.0, 1.0, (5,), float32). Environment is clipping to space
[WARNING]: Received an action [0.48635863 0.32665463 0.56538892 0.45356397 0.4087707 ] that was outside action space Box(0.0, 1.0, (5,), float32). Environment is clipping to space
[WARNING]: Received an action [0.57062516 0.54891196 0.78468815 0.43071343 0.61022406] that was outside action space Box(0.0, 1.0, (5,), float32). Environment is clipping to space
[WARNING]: Received an action [0.61284152 0.72490744 0.2642942  0.58772286 0.47229058] that was outside action space Box(0.0, 1.0, (5,), float32). Environment is clipping to space
[WARNING]: Received an action [0.37686382 0.26909431 0.58099455 0.45853727 0.35472042] that was outside action space Box(0.0, 1.0, (5,), float32). Environment is clipping to space
[WARNING]: Received an action [0.64146904 0.46804096 0.52759072 0.17123764 0.80686002] that was outside action space Box(0.0, 1.0, (5,), float32). Environment is clipping to space
[WARNING]: Received an action [0.55717424 0.46983033 0.4236294  0.43715775 0.46000765] that was outside action space Box(0.0, 1.0, (5,), float32). Environment is clipping to space
[WARNING]: Received an action [0.61756083 0.28442227 0.63018432 0.44819219 0.4948848 ] that was outside action space Box(0.0, 1.0, (5,), float32). Environment is clipping to space
[WARNING]: Received an action [0.30136044 0.60626918 0.43115138 0.63268781 0.80045191] that was outside action space Box(0.0, 1.0, (5,), float32). Environment is clipping to space
[WARNING]: Received an action [0.58889983 0.54794565 0.53321747 0.44462927 0.42857098] that was outside action space Box(0.0, 1.0, (5,), float32). Environment is clipping to space
[WARNING]: Received an action [0.73712533 0.46344985 0.54356831 0.31456131 0.43274466] that was outside action space Box(0.0, 1.0, (5,), float32). Environment is clipping to space
[WARNING]: Received an action [0.39056523 0.68112933 0.63198271 0.52735286 0.57654841] that was outside action space Box(0.0, 1.0, (5,), float32). Environment is clipping to space
[WARNING]: Received an action [0.48549678 0.55307138 0.66073419 0.60925314 0.56865085] that was outside action space Box(0.0, 1.0, (5,), float32). Environment is clipping to space
[WARNING]: Received an action [0.79565174 0.45379177 0.35477616 0.56822942 0.31752464] that was outside action space Box(0.0, 1.0, (5,), float32). Environment is clipping to space
[WARNING]: Received an action [0.53447088 0.57189864 0.51140708 0.5945005  0.63783409] that was outside action space Box(0.0, 1.0, (5,), float32). Environment is clipping to space
[WARNING]: Received an action [0.74451218 0.41547052 0.49182596 0.55097347 0.58029753] that was outside action space Box(0.0, 1.0, (5,), float32). Environment is clipping to space
[WARNING]: Received an action [0.71481158 0.33413281 0.42526342 0.48638348 0.42791757] that was outside action space Box(0.0, 1.0, (5,), float32). Environment is clipping to space
[WARNING]: Received an action [0.32775938 0.50704286 0.56322462 0.42128193 0.78993943] that was outside action space Box(0.0, 1.0, (5,), float32). Environment is clipping to space
[WARNING]: Received an action [0.7037901  0.52264501 0.56631728 0.19862458 0.43008909] that was outside action space Box(0.0, 1.0, (5,), float32). Environment is clipping to space
[WARNING]: Received an action [0.69217901 0.40346729 0.73523085 0.50911673 0.50514515] that was outside action space Box(0.0, 1.0, (5,), float32). Environment is clipping to space
[WARNING]: Received an action [0.5941319  0.46056901 0.43291774 0.44792834 0.74661346] that was outside action space Box(0.0, 1.0, (5,), float32). Environment is clipping to space
[WARNING]: Received an action [0.24204416 0.5658493  0.50427706 0.28073626 0.35554678] that was outside action space Box(0.0, 1.0, (5,), float32). Environment is clipping to space
[WARNING]: Received an action [0.49918381 0.49386909 0.56226657 0.42972178 0.41411847] that was outside action space Box(0.0, 1.0, (5,), float32). Environment is clipping to space
[WARNING]: Received an action [0.46570091 0.48145409 0.61703799 0.55935306 0.64670037] that was outside action space Box(0.0, 1.0, (5,), float32). Environment is clipping to space
[WARNING]: Received an action [0.57476381 0.59018609 0.59427523 0.59330963 0.5656237 ] that was outside action space Box(0.0, 1.0, (5,), float32). Environment is clipping to space
[WARNING]: Received an action [0.64421408 0.75557091 0.48422831 0.44545684 0.41291292] that was outside action space Box(0.0, 1.0, (5,), float32). Environment is clipping to space
[WARNING]: Received an action [0.43661617 0.5868829  0.66074271 0.4456562  0.69262477] that was outside action space Box(0.0, 1.0, (5,), float32). Environment is clipping to space
[WARNING]: Received an action [0.47853363 0.29670686 0.60754622 0.46781439 0.51451793] that was outside action space Box(0.0, 1.0, (5,), float32). Environment is clipping to space
[WARNING]: Received an action [0.52521888 0.41543353 0.45163522 0.57113944 0.43517571] that was outside action space Box(0.0, 1.0, (5,), float32). Environment is clipping to space
[WARNING]: Received an action [0.54462208 0.56339161 0.46024358 0.57383089 0.76451619] that was outside action space Box(0.0, 1.0, (5,), float32). Environment is clipping to space
[WARNING]: Received an action [0.41169858 0.65206948 0.27418731 0.55066456 0.47317029] that was outside action space Box(0.0, 1.0, (5,), float32). Environment is clipping to space
[WARNING]: Received an action [0.41247193 0.44903793 0.41222465 0.65247834 0.37516149] that was outside action space Box(0.0, 1.0, (5,), float32). Environment is clipping to space
[WARNING]: Received an action [0.37334862 0.4461688  0.45353948 0.49119219 0.4388136 ] that was outside action space Box(0.0, 1.0, (5,), float32). Environment is clipping to space
[WARNING]: Received an action [0.50285668 0.54752984 0.51362303 0.75815439 0.5553418 ] that was outside action space Box(0.0, 1.0, (5,), float32). Environment is clipping to space
[WARNING]: Received an action [0.52820201 0.41213331 0.49918724 0.4125483  0.51946812] that was outside action space Box(0.0, 1.0, (5,), float32). Environment is clipping to space
[WARNING]: Received an action [0.44254129 0.44846575 0.648675   0.7958455  0.84576364] that was outside action space Box(0.0, 1.0, (5,), float32). Environment is clipping to space
[WARNING]: Received an action [0.6681139  0.40112099 0.48522908 0.47086192 0.52083007] that was outside action space Box(0.0, 1.0, (5,), float32). Environment is clipping to space
[WARNING]: Received an action [0.63365227 0.29832907 0.48324922 0.4220696  0.42812242] that was outside action space Box(0.0, 1.0, (5,), float32). Environment is clipping to space
[WARNING]: Received an action [0.30490971 0.4932341  0.6621637  0.46912707 0.94272892] that was outside action space Box(0.0, 1.0, (5,), float32). Environment is clipping to space
[WARNING]: Received an action [0.51941243 0.39620868 0.52646296 0.36243035 0.56153545] that was outside action space Box(0.0, 1.0, (5,), float32). Environment is clipping to space
[WARNING]: Received an action [0.49682043 0.41505783 0.59923882 0.59021336 0.50516294] that was outside action space Box(0.0, 1.0, (5,), float32). Environment is clipping to space
[WARNING]: Received an action [0.45838003 0.52766729 0.72612449 0.42412078 0.63356784] that was outside action space Box(0.0, 1.0, (5,), float32). Environment is clipping to space
[WARNING]: Received an action [0.42252451 0.63963233 0.34056787 0.5483137  0.59136123] that was outside action space Box(0.0, 1.0, (5,), float32). Environment is clipping to space
[WARNING]: Received an action [0.37515483 0.53634922 0.52113721 0.54472826 0.47000791] that was outside action space Box(0.0, 1.0, (5,), float32). Environment is clipping to space
[WARNING]: Received an action [0.4292372  0.62030046 0.53442905 0.55138322 0.63163728] that was outside action space Box(0.0, 1.0, (5,), float32). Environment is clipping to space
[WARNING]: Received an action [0.55469764 0.64556781 0.60963298 0.47361058 0.63323049] that was outside action space Box(0.0, 1.0, (5,), float32). Environment is clipping to space
[WARNING]: Received an action [0.44566691 0.41615858 0.44005252 0.49653828 0.48809732] that was outside action space Box(0.0, 1.0, (5,), float32). Environment is clipping to space
[WARNING]: Received an action [0.33697473 0.65021057 0.60850712 0.60233257 0.68815789] that was outside action space Box(0.0, 1.0, (5,), float32). Environment is clipping to space
[WARNING]: Received an action [0.64470186 0.5303624  0.41682883 0.60037356 0.49583352] that was outside action space Box(0.0, 1.0, (5,), float32). Environment is clipping to space
[WARNING]: Received an action [0.52745626 0.51273458 0.41518069 0.60710832 0.62077541] that was outside action space Box(0.0, 1.0, (5,), float32). Environment is clipping to space
[WARNING]: Received an action [0.39177884 0.59786359 0.67290182 0.58149213 0.57967529] that was outside action space Box(0.0, 1.0, (5,), float32). Environment is clipping to space
[WARNING]: Received an action [0.4949901  0.58695796 0.61949193 0.56534891 0.45612222] that was outside action space Box(0.0, 1.0, (5,), float32). Environment is clipping to space
[WARNING]: Received an action [0.54744593 0.24021395 0.33395131 0.30908063 0.51877187] that was outside action space Box(0.0, 1.0, (5,), float32). Environment is clipping to space
[WARNING]: Received an action [0.53664911 0.54219705 0.50964173 0.5211936  0.51476943] that was outside action space Box(0.0, 1.0, (5,), float32). Environment is clipping to space
[WARNING]: Received an action [0.63151814 0.46291892 0.54634655 0.41875699 0.55443011] that was outside action space Box(0.0, 1.0, (5,), float32). Environment is clipping to space
[WARNING]: Received an action [0.44941919 0.71454928 0.4564327  0.4880627  0.42972315] that was outside action space Box(0.0, 1.0, (5,), float32). Environment is clipping to space
[WARNING]: Received an action [0.58467234 0.51615846 0.42110129 0.51826823 0.7528079 ] that was outside action space Box(0.0, 1.0, (5,), float32). Environment is clipping to space
[WARNING]: Received an action [0.68535596 0.62174655 0.52521514 0.54297844 0.61188359] that was outside action space Box(0.0, 1.0, (5,), float32). Environment is clipping to space
[WARNING]: Received an action [0.56285731 0.45955565 0.58325796 0.57218865 0.42921117] that was outside action space Box(0.0, 1.0, (5,), float32). Environment is clipping to space
[WARNING]: Received an action [0.46246632 0.48059894 0.49444215 0.57445552 0.33043107] that was outside action space Box(0.0, 1.0, (5,), float32). Environment is clipping to space
[WARNING]: Received an action [0.42628534 0.46667553 0.45775271 0.49568651 0.33158333] that was outside action space Box(0.0, 1.0, (5,), float32). Environment is clipping to space
[WARNING]: Received an action [0.40212451 0.37238943 0.47434131 0.4666747  0.4953802 ] that was outside action space Box(0.0, 1.0, (5,), float32). Environment is clipping to space
[WARNING]: Received an action [0.50779473 0.55763488 0.57911155 0.44535223 0.50150367] that was outside action space Box(0.0, 1.0, (5,), float32). Environment is clipping to space
[WARNING]: Received an action [0.74367783 0.57127231 0.3332477  0.60419453 0.58940211] that was outside action space Box(0.0, 1.0, (5,), float32). Environment is clipping to space
[WARNING]: Received an action [0.41506391 0.30825837 0.56169288 0.34185069 0.57837991] that was outside action space Box(0.0, 1.0, (5,), float32). Environment is clipping to space
[WARNING]: Received an action [0.57286667 0.65414896 0.54613838 0.67418557 0.5246113 ] that was outside action space Box(0.0, 1.0, (5,), float32). Environment is clipping to space
[WARNING]: Received an action [0.47652568 0.53294334 0.72719765 0.66015787 0.61575272] that was outside action space Box(0.0, 1.0, (5,), float32). Environment is clipping to space
[WARNING]: Received an action [0.4184945  0.38534949 0.40633292 0.53428943 0.46504052] that was outside action space Box(0.0, 1.0, (5,), float32). Environment is clipping to space
[WARNING]: Received an action [0.27568119 0.50475479 0.51095824 0.61616159 0.70435811] that was outside action space Box(0.0, 1.0, (5,), float32). Environment is clipping to space
[WARNING]: Received an action [0.46190252 0.47219568 0.62610657 0.63056996 0.52079039] that was outside action space Box(0.0, 1.0, (5,), float32). Environment is clipping to space
[WARNING]: Received an action [0.63245167 0.48981486 0.33383471 0.55980216 0.53590437] that was outside action space Box(0.0, 1.0, (5,), float32). Environment is clipping to space
[WARNING]: Received an action [0.43343303 0.55409764 0.45362789 0.5381655  0.59986423] that was outside action space Box(0.0, 1.0, (5,), float32). Environment is clipping to space
[WARNING]: Received an action [0.39061213 0.67861342 0.68225789 0.32564075 0.45145777] that was outside action space Box(0.0, 1.0, (5,), float32). Environment is clipping to space
[WARNING]: Received an action [0.38429524 0.46848349 0.60879533 0.4744121  0.52943416] that was outside action space Box(0.0, 1.0, (5,), float32). Environment is clipping to space
[WARNING]: Received an action [0.36373054 0.68694174 0.51063977 0.41054916 0.57883015] that was outside action space Box(0.0, 1.0, (5,), float32). Environment is clipping to space
[WARNING]: Received an action [0.35357727 0.4797929  0.35328292 0.60348938 0.638047  ] that was outside action space Box(0.0, 1.0, (5,), float32). Environment is clipping to space
[WARNING]: Received an action [0.55877753 0.50541604 0.59046757 0.64740696 0.46169867] that was outside action space Box(0.0, 1.0, (5,), float32). Environment is clipping to space
[WARNING]: Received an action [0.56843679 0.67693142 0.41240952 0.48438761 0.77602696] that was outside action space Box(0.0, 1.0, (5,), float32). Environment is clipping to space
[WARNING]: Received an action [0.43745438 0.31669283 0.5359033  0.56846593 0.40406935] that was outside action space Box(0.0, 1.0, (5,), float32). Environment is clipping to space
[WARNING]: Received an action [0.62007579 0.56965063 0.46664667 0.39838228 0.45255866] that was outside action space Box(0.0, 1.0, (5,), float32). Environment is clipping to space
[WARNING]: Received an action [0.36068061 0.51915661 0.41491862 0.61111957 0.61976936] that was outside action space Box(0.0, 1.0, (5,), float32). Environment is clipping to space
[WARNING]: Received an action [0.47128049 0.45778925 0.67059687 0.53675287 0.50499135] that was outside action space Box(0.0, 1.0, (5,), float32). Environment is clipping to space
[WARNING]: Received an action [0.64541778 0.52174004 0.33952159 0.4758995  0.7101471 ] that was outside action space Box(0.0, 1.0, (5,), float32). Environment is clipping to space
[WARNING]: Received an action [0.69410687 0.49693895 0.54673277 0.41888252 0.70141407] that was outside action space Box(0.0, 1.0, (5,), float32). Environment is clipping to space
[WARNING]: Received an action [0.44919193 0.47205641 0.53586797 0.55746963 0.53619928] that was outside action space Box(0.0, 1.0, (5,), float32). Environment is clipping to space
[WARNING]: Received an action [0.48147919 0.59897478 0.49868281 0.57442758 0.44540672] that was outside action space Box(0.0, 1.0, (5,), float32). Environment is clipping to space
[WARNING]: Received an action [0.5779976  0.61539703 0.58301639 0.69553158 0.585985  ] that was outside action space Box(0.0, 1.0, (5,), float32). Environment is clipping to space
[WARNING]: Received an action [0.51701492 0.54320284 0.54127117 0.51222821 0.5127964 ] that was outside action space Box(0.0, 1.0, (5,), float32). Environment is clipping to space
[WARNING]: Received an action [0.38595172 0.49166905 0.5798049  0.53445517 0.52937112] that was outside action space Box(0.0, 1.0, (5,), float32). Environment is clipping to space
[WARNING]: Received an action [0.34802213 0.55608123 0.37968999 0.47107915 0.70716118] that was outside action space Box(0.0, 1.0, (5,), float32). Environment is clipping to space
[WARNING]: Received an action [0.4182464  0.53778003 0.48594766 0.563088   0.51961308] that was outside action space Box(0.0, 1.0, (5,), float32). Environment is clipping to space
[WARNING]: Received an action [0.59525673 0.54688026 0.67757588 0.55224357 0.46670574] that was outside action space Box(0.0, 1.0, (5,), float32). Environment is clipping to space
[WARNING]: Received an action [0.58980255 0.66372815 0.56242829 0.45742926 0.80618072] that was outside action space Box(0.0, 1.0, (5,), float32). Environment is clipping to space
[WARNING]: Received an action [0.51860082 0.22156026 0.44715963 0.39145983 0.44517484] that was outside action space Box(0.0, 1.0, (5,), float32). Environment is clipping to space
[WARNING]: Received an action [0.52663846 0.47717339 0.45743143 0.64411426 0.48437799] that was outside action space Box(0.0, 1.0, (5,), float32). Environment is clipping to space
[WARNING]: Received an action [0.49746641 0.60701088 0.55679256 0.58067028 0.65140312] that was outside action space Box(0.0, 1.0, (5,), float32). Environment is clipping to space
[WARNING]: Received an action [0.33085902 0.30326644 0.49901789 0.41265475 0.46631504] that was outside action space Box(0.0, 1.0, (5,), float32). Environment is clipping to space
[WARNING]: Received an action [0.60020415 0.49456365 0.70053126 0.35293129 0.32758832] that was outside action space Box(0.0, 1.0, (5,), float32). Environment is clipping to space
[WARNING]: Received an action [0.59343422 0.64393103 0.46014908 0.44012478 0.63062779] that was outside action space Box(0.0, 1.0, (5,), float32). Environment is clipping to space
[WARNING]: Received an action [0.50424038 0.58564397 0.49557786 0.67927886 0.39836008] that was outside action space Box(0.0, 1.0, (5,), float32). Environment is clipping to space
[WARNING]: Received an action [0.58497138 0.65924451 0.60876928 0.36390978 0.57626095] that was outside action space Box(0.0, 1.0, (5,), float32). Environment is clipping to space
[WARNING]: Received an action [0.48867716 0.36292646 0.53261858 0.52700439 0.56929272] that was outside action space Box(0.0, 1.0, (5,), float32). Environment is clipping to space
[WARNING]: Received an action [0.49819419 0.53410711 0.65902946 0.40400103 0.62416189] that was outside action space Box(0.0, 1.0, (5,), float32). Environment is clipping to space
[WARNING]: Received an action [0.55689048 0.42684038 0.39355781 0.51899701 0.43306223] that was outside action space Box(0.0, 1.0, (5,), float32). Environment is clipping to space
[WARNING]: Received an action [0.42222705 0.34838197 0.6842081  0.36785833 0.5015877 ] that was outside action space Box(0.0, 1.0, (5,), float32). Environment is clipping to space
[WARNING]: Received an action [0.6249083  0.33028883 0.59853155 0.54571846 0.41658666] that was outside action space Box(0.0, 1.0, (5,), float32). Environment is clipping to space
[WARNING]: Received an action [0.55058286 0.62108037 0.46401506 0.56048765 0.4958994 ] that was outside action space Box(0.0, 1.0, (5,), float32). Environment is clipping to space
[WARNING]: Received an action [0.48004302 0.3173336  0.47627814 0.47146552 0.40839994] that was outside action space Box(0.0, 1.0, (5,), float32). Environment is clipping to space
[WARNING]: Received an action [0.5892648  0.63635448 0.53958383 0.43947474 0.28554748] that was outside action space Box(0.0, 1.0, (5,), float32). Environment is clipping to space
[WARNING]: Received an action [0.52222541 0.5089557  0.43866967 0.52891039 0.50663425] that was outside action space Box(0.0, 1.0, (5,), float32). Environment is clipping to space
[WARNING]: Received an action [0.53815886 0.46910105 0.43764615 0.29490009 0.47277815] that was outside action space Box(0.0, 1.0, (5,), float32). Environment is clipping to space
[WARNING]: Received an action [0.4992983  0.5238883  0.47461073 0.58436474 0.37051764] that was outside action space Box(0.0, 1.0, (5,), float32). Environment is clipping to space
[WARNING]: Received an action [0.41265225 0.62648458 0.43624882 0.36052033 0.47630842] that was outside action space Box(0.0, 1.0, (5,), float32). Environment is clipping to space
[WARNING]: Received an action [0.71898603 0.55697827 0.44654017 0.34623749 0.50036314] that was outside action space Box(0.0, 1.0, (5,), float32). Environment is clipping to space
[WARNING]: Received an action [0.3214418  0.22035635 0.39909098 0.39701598 0.45935992] that was outside action space Box(0.0, 1.0, (5,), float32). Environment is clipping to space
[WARNING]: Received an action [0.42648459 0.52235409 0.50641431 0.37182421 0.74868685] that was outside action space Box(0.0, 1.0, (5,), float32). Environment is clipping to space
[WARNING]: Received an action [0.4920241  0.45633643 0.5160698  0.50221954 0.57276659] that was outside action space Box(0.0, 1.0, (5,), float32). Environment is clipping to space
[WARNING]: Received an action [0.36520228 0.78784557 0.47565119 0.50125663 0.57955698] that was outside action space Box(0.0, 1.0, (5,), float32). Environment is clipping to space
[WARNING]: Received an action [0.55527488 0.35942025 0.51933329 0.35916061 0.46158126] that was outside action space Box(0.0, 1.0, (5,), float32). Environment is clipping to space
[WARNING]: Received an action [0.33707412 0.49331675 0.54990652 0.41332085 0.41424723] that was outside action space Box(0.0, 1.0, (5,), float32). Environment is clipping to space
[WARNING]: Received an action [0.57102166 0.54022528 0.54390753 0.57744922 0.38022124] that was outside action space Box(0.0, 1.0, (5,), float32). Environment is clipping to space
[WARNING]: Received an action [0.64365668 0.46497554 0.62192929 0.47086637 0.30068214] that was outside action space Box(0.0, 1.0, (5,), float32). Environment is clipping to space
[WARNING]: Received an action [0.35887732 0.53078279 0.48708302 0.31040402 0.41886256] that was outside action space Box(0.0, 1.0, (5,), float32). Environment is clipping to space
[WARNING]: Received an action [0.58890477 0.47841044 0.62111044 0.64559098 0.41808513] that was outside action space Box(0.0, 1.0, (5,), float32). Environment is clipping to space
[WARNING]: Received an action [0.51949164 0.31918635 0.36760954 0.36808769 0.43497035] that was outside action space Box(0.0, 1.0, (5,), float32). Environment is clipping to space
[WARNING]: Received an action [0.5345086  0.42171126 0.65366671 0.45620234 0.56300845] that was outside action space Box(0.0, 1.0, (5,), float32). Environment is clipping to space
[WARNING]: Received an action [0.59658617 0.58918749 0.45244785 0.53915709 0.43795454] that was outside action space Box(0.0, 1.0, (5,), float32). Environment is clipping to space
[WARNING]: Received an action [0.32363244 0.61089291 0.5338009  0.32985152 0.42488608] that was outside action space Box(0.0, 1.0, (5,), float32). Environment is clipping to space
[WARNING]: Received an action [0.61518857 0.58887302 0.40848302 0.33873862 0.49705462] that was outside action space Box(0.0, 1.0, (5,), float32). Environment is clipping to space
[WARNING]: Received an action [0.69740796 0.45556594 0.5095789  0.51985839 0.48438127] that was outside action space Box(0.0, 1.0, (5,), float32). Environment is clipping to space
[WARNING]: Received an action [0.38901609 0.59855903 0.5415343  0.46301486 0.40783284] that was outside action space Box(0.0, 1.0, (5,), float32). Environment is clipping to space
[WARNING]: Received an action [0.66636682 0.55982497 0.44516083 0.56861332 0.49521317] that was outside action space Box(0.0, 1.0, (5,), float32). Environment is clipping to space
[WARNING]: Received an action [0.58761796 0.52562923 0.50797508 0.39317045 0.352699  ] that was outside action space Box(0.0, 1.0, (5,), float32). Environment is clipping to space
[WARNING]: Received an action [0.46375205 0.48019335 0.42217146 0.35509071 0.49156142] that was outside action space Box(0.0, 1.0, (5,), float32). Environment is clipping to space
[WARNING]: Received an action [0.45058583 0.49372985 0.63855622 0.38111994 0.52761713] that was outside action space Box(0.0, 1.0, (5,), float32). Environment is clipping to space
[WARNING]: Received an action [0.55127834 0.33001487 0.34276267 0.39521881 0.51372321] that was outside action space Box(0.0, 1.0, (5,), float32). Environment is clipping to space
[WARNING]: Received an action [0.52030907 0.61094442 0.38233889 0.49687615 0.34955348] that was outside action space Box(0.0, 1.0, (5,), float32). Environment is clipping to space
[WARNING]: Received an action [0.43501237 0.39388328 0.56298934 0.43369871 0.57250824] that was outside action space Box(0.0, 1.0, (5,), float32). Environment is clipping to space
[WARNING]: Received an action [0.51790072 0.39895118 0.59183832 0.40776571 0.49453816] that was outside action space Box(0.0, 1.0, (5,), float32). Environment is clipping to space
[WARNING]: Received an action [0.37015923 0.39791665 0.50078896 0.49504001 0.58779721] that was outside action space Box(0.0, 1.0, (5,), float32). Environment is clipping to space
[WARNING]: Received an action [0.41153913 0.35376699 0.44162579 0.45656071 0.34800965] that was outside action space Box(0.0, 1.0, (5,), float32). Environment is clipping to space
[WARNING]: Received an action [0.46636133 0.64834913 0.61460634 0.39935794 0.48764481] that was outside action space Box(0.0, 1.0, (5,), float32). Environment is clipping to space
[WARNING]: Received an action [0.60972308 0.58605393 0.62293264 0.55844247 0.44245382] that was outside action space Box(0.0, 1.0, (5,), float32). Environment is clipping to space
[WARNING]: Received an action [0.54165467 0.47382041 0.52632999 0.36587456 0.41175712] that was outside action space Box(0.0, 1.0, (5,), float32). Environment is clipping to space
[WARNING]: Received an action [0.4932511  0.49903969 0.30780177 0.51887075 0.48134648] that was outside action space Box(0.0, 1.0, (5,), float32). Environment is clipping to space
[WARNING]: Received an action [0.56451867 0.32720967 0.57505846 0.57078613 0.51416813] that was outside action space Box(0.0, 1.0, (5,), float32). Environment is clipping to space
[WARNING]: Received an action [0.57204913 0.46256835 0.66365407 0.34311728 0.5416909 ] that was outside action space Box(0.0, 1.0, (5,), float32). Environment is clipping to space
[WARNING]: Received an action [0.35621459 0.39437896 0.53304871 0.49103924 0.40269714] that was outside action space Box(0.0, 1.0, (5,), float32). Environment is clipping to space
[WARNING]: Received an action [0.29758324 0.57378295 0.48075795 0.37792958 0.44800427] that was outside action space Box(0.0, 1.0, (5,), float32). Environment is clipping to space
[WARNING]: Received an action [0.47994041 0.49132236 0.6930558  0.36605108 0.37151881] that was outside action space Box(0.0, 1.0, (5,), float32). Environment is clipping to space
[WARNING]: Received an action [0.45682995 0.27838203 0.58035086 0.57416991 0.62109012] that was outside action space Box(0.0, 1.0, (5,), float32). Environment is clipping to space
[WARNING]: Received an action [0.45854413 0.52466405 0.5860166  0.5664386  0.28360409] that was outside action space Box(0.0, 1.0, (5,), float32). Environment is clipping to space
[WARNING]: Received an action [0.45383311 0.4717891  0.48242713 0.34000788 0.73333011] that was outside action space Box(0.0, 1.0, (5,), float32). Environment is clipping to space
[WARNING]: Received an action [0.27149672 0.45471037 0.53473697 0.56022925 0.35092798] that was outside action space Box(0.0, 1.0, (5,), float32). Environment is clipping to space
[WARNING]: Received an action [0.54923201 0.5343642  0.62184182 0.50821534 0.43270303] that was outside action space Box(0.0, 1.0, (5,), float32). Environment is clipping to space
[WARNING]: Received an action [0.57215332 0.55685943 0.61492441 0.40908175 0.46667507] that was outside action space Box(0.0, 1.0, (5,), float32). Environment is clipping to space
[WARNING]: Received an action [0.41955991 0.39413788 0.58368522 0.64420037 0.48154824] that was outside action space Box(0.0, 1.0, (5,), float32). Environment is clipping to space
[WARNING]: Received an action [0.65952537 0.53762115 0.56037144 0.39659528 0.46516572] that was outside action space Box(0.0, 1.0, (5,), float32). Environment is clipping to space
[WARNING]: Received an action [0.58317359 0.43634912 0.45813436 0.4949965  0.52056436] that was outside action space Box(0.0, 1.0, (5,), float32). Environment is clipping to space
[WARNING]: Received an action [0.45627662 0.45133426 0.70129952 0.43489018 0.42295041] that was outside action space Box(0.0, 1.0, (5,), float32). Environment is clipping to space
[WARNING]: Received an action [0.49075611 0.58660315 0.49080955 0.45187221 0.27605957] that was outside action space Box(0.0, 1.0, (5,), float32). Environment is clipping to space
[WARNING]: Received an action [0.29998766 0.43373023 0.54940705 0.40468751 0.43131914] that was outside action space Box(0.0, 1.0, (5,), float32). Environment is clipping to space
[WARNING]: Received an action [0.44360437 0.47982183 0.34823398 0.46930791 0.44472993] that was outside action space Box(0.0, 1.0, (5,), float32). Environment is clipping to space
[WARNING]: Received an action [0.53190472 0.52727799 0.56039422 0.48103247 0.45835069] that was outside action space Box(0.0, 1.0, (5,), float32). Environment is clipping to space
[WARNING]: Received an action [0.44631717 0.49443234 0.45407695 0.48594607 0.36404191] that was outside action space Box(0.0, 1.0, (5,), float32). Environment is clipping to space
[WARNING]: Received an action [0.57362071 0.51149072 0.47104966 0.62550477 0.59570684] that was outside action space Box(0.0, 1.0, (5,), float32). Environment is clipping to space
[WARNING]: Received an action [0.53289458 0.50941758 0.44038931 0.25651834 0.49877158] that was outside action space Box(0.0, 1.0, (5,), float32). Environment is clipping to space
[WARNING]: Received an action [0.46555099 0.25058272 0.5467995  0.58710748 0.55714628] that was outside action space Box(0.0, 1.0, (5,), float32). Environment is clipping to space
[WARNING]: Received an action [0.52122413 0.51722262 0.49778444 0.63405652 0.53538498] that was outside action space Box(0.0, 1.0, (5,), float32). Environment is clipping to space
[WARNING]: Received an action [0.35540376 0.69455968 0.45262424 0.43962548 0.61248526] that was outside action space Box(0.0, 1.0, (5,), float32). Environment is clipping to space
[WARNING]: Received an action [0.56169121 0.59483287 0.5853579  0.59649124 0.42766376] that was outside action space Box(0.0, 1.0, (5,), float32). Environment is clipping to space
[WARNING]: Received an action [0.68257118 0.44956482 0.48290809 0.38983578 0.50813033] that was outside action space Box(0.0, 1.0, (5,), float32). Environment is clipping to space
[WARNING]: Received an action [0.31517745 0.65326227 0.54212432 0.39285918 0.47554713] that was outside action space Box(0.0, 1.0, (5,), float32). Environment is clipping to space
[WARNING]: Received an action [0.35121008 0.46960963 0.73928548 0.3846344  0.2524041 ] that was outside action space Box(0.0, 1.0, (5,), float32). Environment is clipping to space
[WARNING]: Received an action [0.54556108 0.5570988  0.48260801 0.62495448 0.59401405] that was outside action space Box(0.0, 1.0, (5,), float32). Environment is clipping to space
[WARNING]: Received an action [0.62571064 0.63046277 0.56272302 0.43414058 0.32191704] that was outside action space Box(0.0, 1.0, (5,), float32). Environment is clipping to space
[WARNING]: Received an action [0.44265384 0.52648169 0.36097524 0.54045344 0.53096797] that was outside action space Box(0.0, 1.0, (5,), float32). Environment is clipping to space
[WARNING]: Received an action [0.56321263 0.55082187 0.54390162 0.44938151 0.70356789] that was outside action space Box(0.0, 1.0, (5,), float32). Environment is clipping to space
[WARNING]: Received an action [0.46773429 0.39561847 0.62872281 0.22318989 0.48329159] that was outside action space Box(0.0, 1.0, (5,), float32). Environment is clipping to space
[WARNING]: Received an action [0.56854809 0.49207224 0.5345622  0.49008995 0.70492697] that was outside action space Box(0.0, 1.0, (5,), float32). Environment is clipping to space
[WARNING]: Received an action [0.62633402 0.42242698 0.39975118 0.46064119 0.5259938 ] that was outside action space Box(0.0, 1.0, (5,), float32). Environment is clipping to space
[WARNING]: Received an action [0.53477265 0.52383547 0.56647529 0.31885057 0.53416322] that was outside action space Box(0.0, 1.0, (5,), float32). Environment is clipping to space
[WARNING]: Received an action [0.46535264 0.71054555 0.36352799 0.41862983 0.47180736] that was outside action space Box(0.0, 1.0, (5,), float32). Environment is clipping to space
[WARNING]: Received an action [0.56571434 0.56191708 0.47094617 0.41294983 0.24071456] that was outside action space Box(0.0, 1.0, (5,), float32). Environment is clipping to space
[WARNING]: Received an action [0.54315978 0.60594991 0.63416804 0.47092535 0.38462313] that was outside action space Box(0.0, 1.0, (5,), float32). Environment is clipping to space
[WARNING]: Received an action [0.48793043 0.42714697 0.67540491 0.32709224 0.56693548] that was outside action space Box(0.0, 1.0, (5,), float32). Environment is clipping to space
[WARNING]: Received an action [0.4342007  0.56142848 0.60148193 0.5096488  0.61615447] that was outside action space Box(0.0, 1.0, (5,), float32). Environment is clipping to space
[WARNING]: Received an action [0.59574732 0.51879196 0.56339118 0.3615028  0.41789207] that was outside action space Box(0.0, 1.0, (5,), float32). Environment is clipping to space
[WARNING]: Received an action [0.54471442 0.57223533 0.69269576 0.6069582  0.59724019] that was outside action space Box(0.0, 1.0, (5,), float32). Environment is clipping to space
[WARNING]: Received an action [0.62329511 0.49907268 0.50105332 0.53710598 0.61555095] that was outside action space Box(0.0, 1.0, (5,), float32). Environment is clipping to space
[WARNING]: Received an action [0.65654527 0.50352946 0.42366888 0.49243015 0.51115017] that was outside action space Box(0.0, 1.0, (5,), float32). Environment is clipping to space
[WARNING]: Received an action [0.37852858 0.68521756 0.58567253 0.36117555 0.73952388] that was outside action space Box(0.0, 1.0, (5,), float32). Environment is clipping to space
[WARNING]: Received an action [0.63808592 0.41337261 0.44947337 0.5085893  0.58529057] that was outside action space Box(0.0, 1.0, (5,), float32). Environment is clipping to space
[WARNING]: Received an action [0.60264823 0.64635225 0.48506009 0.38138166 0.44438912] that was outside action space Box(0.0, 1.0, (5,), float32). Environment is clipping to space
[WARNING]: Received an action [0.68604657 0.55657484 0.42632965 0.28101104 0.46825529] that was outside action space Box(0.0, 1.0, (5,), float32). Environment is clipping to space
[WARNING]: Received an action [0.44231646 0.41526091 0.32491574 0.43459018 0.42953767] that was outside action space Box(0.0, 1.0, (5,), float32). Environment is clipping to space
[WARNING]: Received an action [0.36175788 0.36986699 0.5805679  0.39132801 0.60068507] that was outside action space Box(0.0, 1.0, (5,), float32). Environment is clipping to space
[WARNING]: Received an action [0.46954238 0.29573108 0.5638557  0.36260701 0.65160824] that was outside action space Box(0.0, 1.0, (5,), float32). Environment is clipping to space
[WARNING]: Received an action [0.51293708 0.48930748 0.45971794 0.56560565 0.64719951] that was outside action space Box(0.0, 1.0, (5,), float32). Environment is clipping to space
[WARNING]: Received an action [0.72750667 0.37829548 0.48863465 0.47466267 0.48301294] that was outside action space Box(0.0, 1.0, (5,), float32). Environment is clipping to space
[WARNING]: Received an action [0.26959165 0.36283034 0.57593937 0.25816517 0.49269677] that was outside action space Box(0.0, 1.0, (5,), float32). Environment is clipping to space
[WARNING]: Received an action [0.57048197 0.52091317 0.4172261  0.41437172 0.53745572] that was outside action space Box(0.0, 1.0, (5,), float32). Environment is clipping to space
[WARNING]: Received an action [0.46061359 0.56974471 0.56603007 0.50313118 0.58341024] that was outside action space Box(0.0, 1.0, (5,), float32). Environment is clipping to space
[WARNING]: Received an action [0.49157807 0.6160019  0.57573905 0.4799587  0.55133311] that was outside action space Box(0.0, 1.0, (5,), float32). Environment is clipping to space
[WARNING]: Received an action [0.51110813 0.41219605 0.44278038 0.67395804 0.48825828] that was outside action space Box(0.0, 1.0, (5,), float32). Environment is clipping to space
[WARNING]: Received an action [0.64703231 0.52768691 0.22571114 0.33157279 0.53876517] that was outside action space Box(0.0, 1.0, (5,), float32). Environment is clipping to space
[WARNING]: Received an action [0.39603701 0.56281691 0.47690953 0.46349551 0.45613859] that was outside action space Box(0.0, 1.0, (5,), float32). Environment is clipping to space
[WARNING]: Received an action [0.42762095 0.65532283 0.59725148 0.418238   0.64275725] that was outside action space Box(0.0, 1.0, (5,), float32). Environment is clipping to space
[WARNING]: Received an action [0.6836766  0.48617565 0.62599039 0.40416026 0.60555394] that was outside action space Box(0.0, 1.0, (5,), float32). Environment is clipping to space
[WARNING]: Received an action [0.49289795 0.43712004 0.69558797 0.28996571 0.5993345 ] that was outside action space Box(0.0, 1.0, (5,), float32). Environment is clipping to space
[WARNING]: Received an action [0.63969018 0.4249459  0.2955862  0.6387649  0.4451225 ] that was outside action space Box(0.0, 1.0, (5,), float32). Environment is clipping to space
[WARNING]: Received an action [0.62054891 0.4092561  0.52830801 0.46649584 0.45955087] that was outside action space Box(0.0, 1.0, (5,), float32). Environment is clipping to space
[WARNING]: Received an action [0.53879744 0.16910647 0.55449358 0.49760488 0.51459986] that was outside action space Box(0.0, 1.0, (5,), float32). Environment is clipping to space
[WARNING]: Received an action [0.65849275 0.54838778 0.41737844 0.29893593 0.41158841] that was outside action space Box(0.0, 1.0, (5,), float32). Environment is clipping to space
[WARNING]: Received an action [0.48042256 0.47818793 0.80807961 0.33661184 0.29932368] that was outside action space Box(0.0, 1.0, (5,), float32). Environment is clipping to space
[WARNING]: Received an action [0.49190077 0.50960423 0.63294762 0.41884743 0.68666289] that was outside action space Box(0.0, 1.0, (5,), float32). Environment is clipping to space
[WARNING]: Received an action [0.7801667  0.4845987  0.51305355 0.69987254 0.48766012] that was outside action space Box(0.0, 1.0, (5,), float32). Environment is clipping to space
[WARNING]: Received an action [0.59690013 0.54550348 0.55938909 0.42047444 0.53852076] that was outside action space Box(0.0, 1.0, (5,), float32). Environment is clipping to space
[WARNING]: Received an action [0.42082645 0.36217096 0.4750979  0.36313632 0.83596517] that was outside action space Box(0.0, 1.0, (5,), float32). Environment is clipping to space
[WARNING]: Received an action [0.46629274 0.55162917 0.32564878 0.38314033 0.59870014] that was outside action space Box(0.0, 1.0, (5,), float32). Environment is clipping to space
[WARNING]: Received an action [0.52536137 0.6143182  0.67273935 0.35710242 0.53770125] that was outside action space Box(0.0, 1.0, (5,), float32). Environment is clipping to space
[WARNING]: Received an action [0.43704547 0.49404421 0.5827609  0.19495909 0.61126261] that was outside action space Box(0.0, 1.0, (5,), float32). Environment is clipping to space
[WARNING]: Received an action [0.627618   0.53760225 0.39787255 0.50591351 0.52155363] that was outside action space Box(0.0, 1.0, (5,), float32). Environment is clipping to space
[WARNING]: Received an action [0.62800955 0.30681963 0.59945425 0.44529154 0.44774398] that was outside action space Box(0.0, 1.0, (5,), float32). Environment is clipping to space
[WARNING]: Received an action [0.4790592  0.49427713 0.60854542 0.55043415 0.58835872] that was outside action space Box(0.0, 1.0, (5,), float32). Environment is clipping to space
[WARNING]: Received an action [0.59399083 0.50990998 0.4474673  0.61749481 0.56837296] that was outside action space Box(0.0, 1.0, (5,), float32). Environment is clipping to space
[WARNING]: Received an action [0.50667727 0.32260606 0.5519656  0.32632906 0.53141708] that was outside action space Box(0.0, 1.0, (5,), float32). Environment is clipping to space
[WARNING]: Received an action [0.4827859  0.61759429 0.41895221 0.3090875  0.72968494] that was outside action space Box(0.0, 1.0, (5,), float32). Environment is clipping to space
[WARNING]: Received an action [0.36578998 0.54699278 0.64522466 0.51651422 0.60048021] that was outside action space Box(0.0, 1.0, (5,), float32). Environment is clipping to space
[WARNING]: Received an action [0.62521968 0.68261684 0.57033735 0.40388991 0.36999754] that was outside action space Box(0.0, 1.0, (5,), float32). Environment is clipping to space
[WARNING]: Received an action [0.44011408 0.73927869 0.49887954 0.38153496 0.51943551] that was outside action space Box(0.0, 1.0, (5,), float32). Environment is clipping to space
[WARNING]: Received an action [0.59135765 0.37332192 0.42838036 0.49534796 0.63642037] that was outside action space Box(0.0, 1.0, (5,), float32). Environment is clipping to space
[WARNING]: Received an action [0.82851487 0.56388349 0.43214446 0.45990374 0.61858993] that was outside action space Box(0.0, 1.0, (5,), float32). Environment is clipping to space
[WARNING]: Received an action [0.78112138 0.4365798  0.60695423 0.54378755 0.6527859 ] that was outside action space Box(0.0, 1.0, (5,), float32). Environment is clipping to space
[WARNING]: Received an action [0.54322564 0.39661673 0.39156269 0.40410467 0.61903283] that was outside action space Box(0.0, 1.0, (5,), float32). Environment is clipping to space
[WARNING]: Received an action [0.5035808  0.37527125 0.63212244 0.52548696 0.59659486] that was outside action space Box(0.0, 1.0, (5,), float32). Environment is clipping to space
[WARNING]: Received an action [0.54006886 0.63150448 0.69864952 0.48445439 0.6235591 ] that was outside action space Box(0.0, 1.0, (5,), float32). Environment is clipping to space
[WARNING]: Received an action [0.68054399 0.6378087  0.54935738 0.45544158 0.70212527] that was outside action space Box(0.0, 1.0, (5,), float32). Environment is clipping to space
[WARNING]: Received an action [0.52245627 0.47929982 0.71207933 0.43401953 0.46251183] that was outside action space Box(0.0, 1.0, (5,), float32). Environment is clipping to space
[WARNING]: Received an action [0.40083167 0.51627233 0.45242719 0.3402245  0.77079043] that was outside action space Box(0.0, 1.0, (5,), float32). Environment is clipping to space
[WARNING]: Received an action [0.55273255 0.52936974 0.52197947 0.48051004 0.49030269] that was outside action space Box(0.0, 1.0, (5,), float32). Environment is clipping to space
[WARNING]: Received an action [0.57981011 0.50042813 0.64411806 0.43470523 0.35176321] that was outside action space Box(0.0, 1.0, (5,), float32). Environment is clipping to space
[WARNING]: Received an action [0.55611604 0.68755645 0.60886943 0.51810048 0.51982931] that was outside action space Box(0.0, 1.0, (5,), float32). Environment is clipping to space
[WARNING]: Received an action [0.46269218 0.56921867 0.4302201  0.46521484 0.52257327] that was outside action space Box(0.0, 1.0, (5,), float32). Environment is clipping to space
[WARNING]: Received an action [0.47820206 0.49317009 0.60500515 0.26680701 0.46096733] that was outside action space Box(0.0, 1.0, (5,), float32). Environment is clipping to space
[WARNING]: Received an action [0.64733023 0.73750671 0.59974012 0.36244817 0.58288944] that was outside action space Box(0.0, 1.0, (5,), float32). Environment is clipping to space
[WARNING]: Received an action [0.50391287 0.49833827 0.43698834 0.40255709 0.61726541] that was outside action space Box(0.0, 1.0, (5,), float32). Environment is clipping to space
[WARNING]: Received an action [0.62653457 0.33103812 0.34055772 0.45444309 0.39586689] that was outside action space Box(0.0, 1.0, (5,), float32). Environment is clipping to space
[WARNING]: Received an action [0.46832079 0.48784284 0.81652666 0.51404429 0.7745849 ] that was outside action space Box(0.0, 1.0, (5,), float32). Environment is clipping to space
[WARNING]: Received an action [0.4466716  0.543581   0.30622755 0.56250895 0.64399856] that was outside action space Box(0.0, 1.0, (5,), float32). Environment is clipping to space
[WARNING]: Received an action [0.43838242 0.46256865 0.47730695 0.49060735 0.47493859] that was outside action space Box(0.0, 1.0, (5,), float32). Environment is clipping to space
[WARNING]: Received an action [0.5410385  0.4719827  0.56516731 0.42251202 0.38222295] that was outside action space Box(0.0, 1.0, (5,), float32). Environment is clipping to space
[WARNING]: Received an action [0.69830802 0.59138745 0.43527314 0.61237217 0.55646554] that was outside action space Box(0.0, 1.0, (5,), float32). Environment is clipping to space
[WARNING]: Received an action [0.54906642 0.30844572 0.37933102 0.45471974 0.47062623] that was outside action space Box(0.0, 1.0, (5,), float32). Environment is clipping to space
[WARNING]: Received an action [0.45931111 0.69367135 0.56202109 0.44120882 0.36417695] that was outside action space Box(0.0, 1.0, (5,), float32). Environment is clipping to space
[WARNING]: Received an action [0.59404555 0.39205319 0.33483889 0.34566149 0.61314893] that was outside action space Box(0.0, 1.0, (5,), float32). Environment is clipping to space
[WARNING]: Received an action [0.59488205 0.23758023 0.49008198 0.6677044  0.47262635] that was outside action space Box(0.0, 1.0, (5,), float32). Environment is clipping to space
[WARNING]: Received an action [0.42642382 0.31520097 0.50038734 0.55930166 0.31364042] that was outside action space Box(0.0, 1.0, (5,), float32). Environment is clipping to space
[WARNING]: Received an action [0.61098239 0.57420521 0.35131716 0.48143289 0.64842183] that was outside action space Box(0.0, 1.0, (5,), float32). Environment is clipping to space
[WARNING]: Received an action [0.53828014 0.26121175 0.4066107  0.46419698 0.45097646] that was outside action space Box(0.0, 1.0, (5,), float32). Environment is clipping to space
[WARNING]: Received an action [0.7061218  0.45637223 0.52992031 0.40427282 0.35791074] that was outside action space Box(0.0, 1.0, (5,), float32). Environment is clipping to space
[WARNING]: Received an action [0.48330589 0.40010429 0.38889322 0.72329427 0.72086774] that was outside action space Box(0.0, 1.0, (5,), float32). Environment is clipping to space
[WARNING]: Received an action [0.59940105 0.24472925 0.43964128 0.81628501 0.38182168] that was outside action space Box(0.0, 1.0, (5,), float32). Environment is clipping to space
[WARNING]: Received an action [0.55233241 0.38589167 0.46813396 0.42270382 0.4264126 ] that was outside action space Box(0.0, 1.0, (5,), float32). Environment is clipping to space
[WARNING]: Received an action [0.61605618 0.64590865 0.33307007 0.68101701 0.523745  ] that was outside action space Box(0.0, 1.0, (5,), float32). Environment is clipping to space
[WARNING]: Received an action [0.60121517 0.39131143 0.33335326 0.47854023 0.5022628 ] that was outside action space Box(0.0, 1.0, (5,), float32). Environment is clipping to space
[WARNING]: Received an action [0.59820898 0.63229634 0.3197598  0.37838995 0.57407855] that was outside action space Box(0.0, 1.0, (5,), float32). Environment is clipping to space
[WARNING]: Received an action [0.43833355 0.6126324  0.57747627 0.55253754 0.53338518] that was outside action space Box(0.0, 1.0, (5,), float32). Environment is clipping to space
[WARNING]: Received an action [0.70037995 0.38013448 0.54319422 0.53040574 0.57225848] that was outside action space Box(0.0, 1.0, (5,), float32). Environment is clipping to space
[WARNING]: Received an action [0.32466348 0.49684207 0.65099505 0.57238126 0.48630409] that was outside action space Box(0.0, 1.0, (5,), float32). Environment is clipping to space
[WARNING]: Received an action [0.55085567 0.40794629 0.5814637  0.63849911 0.39466435] that was outside action space Box(0.0, 1.0, (5,), float32). Environment is clipping to space
[WARNING]: Received an action [0.50184868 0.6095783  0.48224165 0.57446405 0.38015166] that was outside action space Box(0.0, 1.0, (5,), float32). Environment is clipping to space
[WARNING]: Received an action [0.6429696  0.48433087 0.46797917 0.61241306 0.41245917] that was outside action space Box(0.0, 1.0, (5,), float32). Environment is clipping to space
[WARNING]: Received an action [0.44883854 0.47317813 0.36611839 0.46397334 0.44075515] that was outside action space Box(0.0, 1.0, (5,), float32). Environment is clipping to space
[WARNING]: Received an action [0.57741448 0.5351248  0.29983848 0.51761517 0.47126175] that was outside action space Box(0.0, 1.0, (5,), float32). Environment is clipping to space
[WARNING]: Received an action [0.58596703 0.5137443  0.466186   0.53039816 0.13463961] that was outside action space Box(0.0, 1.0, (5,), float32). Environment is clipping to space
[WARNING]: Received an action [0.71630722 0.5473981  0.63876336 0.55844725 0.53188902] that was outside action space Box(0.0, 1.0, (5,), float32). Environment is clipping to space
[WARNING]: Received an action [0.63378207 0.50190496 0.63900083 0.65246088 0.41148455] that was outside action space Box(0.0, 1.0, (5,), float32). Environment is clipping to space
[WARNING]: Received an action [0.5282639  0.47207562 0.67542944 0.55897241 0.39957172] that was outside action space Box(0.0, 1.0, (5,), float32). Environment is clipping to space
[WARNING]: Received an action [0.52763156 0.54396749 0.35350709 0.36982358 0.66941778] that was outside action space Box(0.0, 1.0, (5,), float32). Environment is clipping to space
[WARNING]: Received an action [0.4267657  0.58273953 0.48723222 0.67212452 0.56428422] that was outside action space Box(0.0, 1.0, (5,), float32). Environment is clipping to space
[WARNING]: Received an action [0.35941866 0.32192244 0.53758917 0.45624857 0.328984  ] that was outside action space Box(0.0, 1.0, (5,), float32). Environment is clipping to space
[WARNING]: Received an action [0.62514183 0.44016061 0.39627872 0.61746367 0.73760983] that was outside action space Box(0.0, 1.0, (5,), float32). Environment is clipping to space
[WARNING]: Received an action [0.53097739 0.50975697 0.45951791 0.46732949 0.59252876] that was outside action space Box(0.0, 1.0, (5,), float32). Environment is clipping to space
[WARNING]: Received an action [0.4865495  0.45151453 0.40320421 0.52518088 0.2795025 ] that was outside action space Box(0.0, 1.0, (5,), float32). Environment is clipping to space
[WARNING]: Received an action [0.27372413 0.39619768 0.25354997 0.67374301 0.41980017] that was outside action space Box(0.0, 1.0, (5,), float32). Environment is clipping to space
[WARNING]: Received an action [0.58918392 0.44468824 0.57181533 0.59805771 0.33780124] that was outside action space Box(0.0, 1.0, (5,), float32). Environment is clipping to space
[WARNING]: Received an action [0.56101082 0.63515789 0.4859544  0.5351263  0.42252788] that was outside action space Box(0.0, 1.0, (5,), float32). Environment is clipping to space
[WARNING]: Received an action [0.628344   0.48434163 0.33661056 0.78907272 0.65225848] that was outside action space Box(0.0, 1.0, (5,), float32). Environment is clipping to space
[WARNING]: Received an action [0.47140124 0.32722014 0.48021503 0.55128956 0.35922417] that was outside action space Box(0.0, 1.0, (5,), float32). Environment is clipping to space
[WARNING]: Received an action [0.55504105 0.44554696 0.50877858 0.36827167 0.43787075] that was outside action space Box(0.0, 1.0, (5,), float32). Environment is clipping to space
[WARNING]: Received an action [0.44494404 0.43935344 0.62660875 0.50675011 0.5409732 ] that was outside action space Box(0.0, 1.0, (5,), float32). Environment is clipping to space
[WARNING]: Received an action [0.54477514 0.5574307  0.18515199 0.58348327 0.53386178] that was outside action space Box(0.0, 1.0, (5,), float32). Environment is clipping to space
[WARNING]: Received an action [0.41835653 0.57520893 0.45789891 0.52210854 0.53398163] that was outside action space Box(0.0, 1.0, (5,), float32). Environment is clipping to space
[WARNING]: Received an action [0.49066465 0.51359172 0.47658127 0.71018102 0.54026092] that was outside action space Box(0.0, 1.0, (5,), float32). Environment is clipping to space
[WARNING]: Received an action [0.41797537 0.47452525 0.36425005 0.60751169 0.55797214] that was outside action space Box(0.0, 1.0, (5,), float32). Environment is clipping to space
[WARNING]: Received an action [0.53175204 0.52349285 0.48550794 0.65370965 0.48047582] that was outside action space Box(0.0, 1.0, (5,), float32). Environment is clipping to space
[WARNING]: Received an action [0.53295814 0.44738016 0.42941581 0.6610762  0.66053109] that was outside action space Box(0.0, 1.0, (5,), float32). Environment is clipping to space
[WARNING]: Received an action [0.34639681 0.4770418  0.39325742 0.52998735 0.47426184] that was outside action space Box(0.0, 1.0, (5,), float32). Environment is clipping to space
[WARNING]: Received an action [0.71032762 0.34129925 0.3982284  0.4910556  0.34080099] that was outside action space Box(0.0, 1.0, (5,), float32). Environment is clipping to space
[WARNING]: Received an action [0.36643137 0.40966229 0.41789716 0.59540815 0.39666592] that was outside action space Box(0.0, 1.0, (5,), float32). Environment is clipping to space
[WARNING]: Received an action [0.39569731 0.56003758 0.25772654 0.46570527 0.54620423] that was outside action space Box(0.0, 1.0, (5,), float32). Environment is clipping to space
[WARNING]: Received an action [0.47687032 0.50030274 0.62282967 0.56225931 0.46886238] that was outside action space Box(0.0, 1.0, (5,), float32). Environment is clipping to space
[WARNING]: Received an action [0.47658494 0.47010568 0.33988897 0.48276685 0.4585063 ] that was outside action space Box(0.0, 1.0, (5,), float32). Environment is clipping to space
[WARNING]: Received an action [0.52149314 0.33171516 0.52765776 0.58684297 0.43599199] that was outside action space Box(0.0, 1.0, (5,), float32). Environment is clipping to space
[WARNING]: Received an action [0.63110333 0.42882844 0.47546211 0.42821477 0.3440172 ] that was outside action space Box(0.0, 1.0, (5,), float32). Environment is clipping to space
[WARNING]: Received an action [0.50031619 0.41207871 0.47897455 0.63692498 0.51388277] that was outside action space Box(0.0, 1.0, (5,), float32). Environment is clipping to space
[WARNING]: Received an action [0.55586861 0.41041363 0.54547576 0.65875075 0.35787474] that was outside action space Box(0.0, 1.0, (5,), float32). Environment is clipping to space
[WARNING]: Received an action [0.66941705 0.41267056 0.41599522 0.26213671 0.46037728] that was outside action space Box(0.0, 1.0, (5,), float32). Environment is clipping to space
[WARNING]: Received an action [0.50473345 0.29320156 0.47985568 0.29522977 0.71850496] that was outside action space Box(0.0, 1.0, (5,), float32). Environment is clipping to space
[WARNING]: Received an action [0.47740034 0.34670106 0.58569603 0.54286321 0.39753665] that was outside action space Box(0.0, 1.0, (5,), float32). Environment is clipping to space
[WARNING]: Received an action [0.55141179 0.53449841 0.37454779 0.56585455 0.21836304] that was outside action space Box(0.0, 1.0, (5,), float32). Environment is clipping to space
[WARNING]: Received an action [0.47110095 0.20032931 0.6104719  0.58442524 0.64924645] that was outside action space Box(0.0, 1.0, (5,), float32). Environment is clipping to space
[WARNING]: Received an action [0.44423442 0.44794886 0.3673641  0.53167212 0.51450464] that was outside action space Box(0.0, 1.0, (5,), float32). Environment is clipping to space
[WARNING]: Received an action [0.79847872 0.59796108 0.50908967 0.4391357  0.38271203] that was outside action space Box(0.0, 1.0, (5,), float32). Environment is clipping to space
[WARNING]: Received an action [0.46521926 0.43600922 0.51089803 0.51257402 0.52625429] that was outside action space Box(0.0, 1.0, (5,), float32). Environment is clipping to space
[WARNING]: Received an action [0.38459356 0.46865299 0.54196692 0.53278894 0.43595994] that was outside action space Box(0.0, 1.0, (5,), float32). Environment is clipping to space
[WARNING]: Received an action [0.44246614 0.34477642 0.40545572 0.64109574 0.53827245] that was outside action space Box(0.0, 1.0, (5,), float32). Environment is clipping to space
[WARNING]: Received an action [0.52235616 0.4733687  0.29364474 0.34851836 0.66224947] that was outside action space Box(0.0, 1.0, (5,), float32). Environment is clipping to space
[WARNING]: Received an action [0.48720383 0.4823219  0.47718097 0.60824653 0.477582  ] that was outside action space Box(0.0, 1.0, (5,), float32). Environment is clipping to space
[WARNING]: Received an action [0.64465369 0.4803788  0.38823273 0.46439097 0.44608707] that was outside action space Box(0.0, 1.0, (5,), float32). Environment is clipping to space
[WARNING]: Received an action [0.39835284 0.47552984 0.50456887 0.48197636 0.67258869] that was outside action space Box(0.0, 1.0, (5,), float32). Environment is clipping to space
[WARNING]: Received an action [0.54512703 0.63852789 0.6060356  0.76562992 0.53009478] that was outside action space Box(0.0, 1.0, (5,), float32). Environment is clipping to space
[WARNING]: Received an action [0.49597874 0.52910593 0.42508046 0.39296674 0.49788575] that was outside action space Box(0.0, 1.0, (5,), float32). Environment is clipping to space
[WARNING]: Received an action [0.40756609 0.29557289 0.56806705 0.56733915 0.53669204] that was outside action space Box(0.0, 1.0, (5,), float32). Environment is clipping to space
[WARNING]: Received an action [0.58130062 0.30264325 0.51448176 0.39568421 0.40388223] that was outside action space Box(0.0, 1.0, (5,), float32). Environment is clipping to space
[WARNING]: Received an action [0.59177781 0.52204178 0.4569098  0.39173972 0.66707222] that was outside action space Box(0.0, 1.0, (5,), float32). Environment is clipping to space
[WARNING]: Received an action [0.65956538 0.60516533 0.49556936 0.59390266 0.41124853] that was outside action space Box(0.0, 1.0, (5,), float32). Environment is clipping to space
[WARNING]: Received an action [0.52204935 0.61462662 0.48441671 0.47358539 0.51713413] that was outside action space Box(0.0, 1.0, (5,), float32). Environment is clipping to space
[WARNING]: Received an action [0.56790707 0.44338424 0.55223131 0.53598988 0.3939123 ] that was outside action space Box(0.0, 1.0, (5,), float32). Environment is clipping to space
[WARNING]: Received an action [0.53363278 0.58607494 0.43576442 0.4384538  0.4393882 ] that was outside action space Box(0.0, 1.0, (5,), float32). Environment is clipping to space
[WARNING]: Received an action [0.71271352 0.3038613  0.49952964 0.53489609 0.24131095] that was outside action space Box(0.0, 1.0, (5,), float32). Environment is clipping to space
[WARNING]: Received an action [0.52642736 0.4396002  0.4662561  0.56419685 0.56859734] that was outside action space Box(0.0, 1.0, (5,), float32). Environment is clipping to space
[WARNING]: Received an action [0.4389246  0.68723941 0.57512273 0.57014533 0.43434084] that was outside action space Box(0.0, 1.0, (5,), float32). Environment is clipping to space
[WARNING]: Received an action [0.36089427 0.38393184 0.54313651 0.44875432 0.32947906] that was outside action space Box(0.0, 1.0, (5,), float32). Environment is clipping to space
[WARNING]: Received an action [0.61192993 0.67880649 0.58745064 0.48013744 0.60629574] that was outside action space Box(0.0, 1.0, (5,), float32). Environment is clipping to space
[WARNING]: Received an action [0.59775382 0.54409393 0.42370589 0.45947719 0.50047887] that was outside action space Box(0.0, 1.0, (5,), float32). Environment is clipping to space
[WARNING]: Received an action [0.41769789 0.32010019 0.72701514 0.64802617 0.42344393] that was outside action space Box(0.0, 1.0, (5,), float32). Environment is clipping to space
[WARNING]: Received an action [0.46068226 0.56073494 0.53574149 0.48366409 0.49998579] that was outside action space Box(0.0, 1.0, (5,), float32). Environment is clipping to space
[WARNING]: Received an action [0.77947079 0.51172556 0.6028364  0.53672285 0.40157919] that was outside action space Box(0.0, 1.0, (5,), float32). Environment is clipping to space
[WARNING]: Received an action [0.56280402 0.29768163 0.6165979  0.52405258 0.42926834] that was outside action space Box(0.0, 1.0, (5,), float32). Environment is clipping to space
[WARNING]: Received an action [0.57902229 0.58643546 0.5127824  0.51917404 0.43233898] that was outside action space Box(0.0, 1.0, (5,), float32). Environment is clipping to space
[WARNING]: Received an action [0.41282165 0.43092053 0.55954594 0.72847498 0.34758589] that was outside action space Box(0.0, 1.0, (5,), float32). Environment is clipping to space
[WARNING]: Received an action [0.58981633 0.25442878 0.79303369 0.54652813 0.45948214] that was outside action space Box(0.0, 1.0, (5,), float32). Environment is clipping to space
[WARNING]: Received an action [0.48179827 0.43907777 0.42545549 0.56092931 0.55655854] that was outside action space Box(0.0, 1.0, (5,), float32). Environment is clipping to space
[WARNING]: Received an action [0.3718954  0.53646038 0.44612682 0.71798688 0.54402371] that was outside action space Box(0.0, 1.0, (5,), float32). Environment is clipping to space
[WARNING]: Received an action [0.71327954 0.33464867 0.59650314 0.51870824 0.40405778] that was outside action space Box(0.0, 1.0, (5,), float32). Environment is clipping to space
[WARNING]: Received an action [0.58978857 0.49853677 0.52230767 0.45440361 0.51467712] that was outside action space Box(0.0, 1.0, (5,), float32). Environment is clipping to space
[WARNING]: Received an action [0.53717251 0.58786316 0.5350571  0.64102011 0.32699972] that was outside action space Box(0.0, 1.0, (5,), float32). Environment is clipping to space
[WARNING]: Received an action [0.39594326 0.48921182 0.53146981 0.50588639 0.3985851 ] that was outside action space Box(0.0, 1.0, (5,), float32). Environment is clipping to space
[WARNING]: Received an action [0.41936287 0.50370107 0.62829179 0.46284454 0.63084119] that was outside action space Box(0.0, 1.0, (5,), float32). Environment is clipping to space
[WARNING]: Received an action [0.7156352  0.66383202 0.31785178 0.53331109 0.482805  ] that was outside action space Box(0.0, 1.0, (5,), float32). Environment is clipping to space
[WARNING]: Received an action [0.71479617 0.36726667 0.60971093 0.49148938 0.36946159] that was outside action space Box(0.0, 1.0, (5,), float32). Environment is clipping to space
[WARNING]: Received an action [0.4494171  0.52282249 0.32318777 0.53011774 0.6369427 ] that was outside action space Box(0.0, 1.0, (5,), float32). Environment is clipping to space
[WARNING]: Received an action [0.68414046 0.43553264 0.52375409 0.41792278 0.58662355] that was outside action space Box(0.0, 1.0, (5,), float32). Environment is clipping to space
[WARNING]: Received an action [0.69818665 0.25564873 0.53624798 0.49394458 0.38902303] that was outside action space Box(0.0, 1.0, (5,), float32). Environment is clipping to space
[WARNING]: Received an action [0.53560135 0.48005629 0.59630248 0.42499186 0.53056166] that was outside action space Box(0.0, 1.0, (5,), float32). Environment is clipping to space
[WARNING]: Received an action [0.49038448 0.60470273 0.63487553 0.57563866 0.25686309] that was outside action space Box(0.0, 1.0, (5,), float32). Environment is clipping to space
[WARNING]: Received an action [0.64909227 0.40999171 0.51107531 0.43762454 0.4323537 ] that was outside action space Box(0.0, 1.0, (5,), float32). Environment is clipping to space
[WARNING]: Received an action [0.56728515 0.34416699 0.47439689 0.34369528 0.34991879] that was outside action space Box(0.0, 1.0, (5,), float32). Environment is clipping to space
[WARNING]: Received an action [0.3363089  0.58469226 0.59573129 0.44925597 0.42619594] that was outside action space Box(0.0, 1.0, (5,), float32). Environment is clipping to space
[WARNING]: Received an action [0.72637194 0.41232531 0.52320951 0.54081541 0.62797371] that was outside action space Box(0.0, 1.0, (5,), float32). Environment is clipping to space
[WARNING]: Received an action [0.41051503 0.37831978 0.56105753 0.46264298 0.63684232] that was outside action space Box(0.0, 1.0, (5,), float32). Environment is clipping to space
[WARNING]: Received an action [0.51523376 0.480688   0.38538764 0.59523642 0.48781187] that was outside action space Box(0.0, 1.0, (5,), float32). Environment is clipping to space
[WARNING]: Received an action [0.88779951 0.6959838  0.33570833 0.46476289 0.47300657] that was outside action space Box(0.0, 1.0, (5,), float32). Environment is clipping to space
[WARNING]: Received an action [0.44656695 0.59790969 0.56714934 0.50655111 0.611034  ] that was outside action space Box(0.0, 1.0, (5,), float32). Environment is clipping to space
[WARNING]: Received an action [0.61258384 0.5532947  0.53647536 0.46032037 0.31797772] that was outside action space Box(0.0, 1.0, (5,), float32). Environment is clipping to space
[WARNING]: Received an action [0.69571491 0.3081382  0.41165253 0.4813796  0.57996376] that was outside action space Box(0.0, 1.0, (5,), float32). Environment is clipping to space
[WARNING]: Received an action [0.29421211 0.44458138 0.5841953  0.57255886 0.67284266] that was outside action space Box(0.0, 1.0, (5,), float32). Environment is clipping to space
[WARNING]: Received an action [0.42444593 0.46815158 0.54721416 0.27258378 0.35386846] that was outside action space Box(0.0, 1.0, (5,), float32). Environment is clipping to space
[WARNING]: Received an action [0.73587988 0.48175874 0.58411725 0.57244662 0.38759186] that was outside action space Box(0.0, 1.0, (5,), float32). Environment is clipping to space
[WARNING]: Received an action [0.40765325 0.5583958  0.6342077  0.54477682 0.54611421] that was outside action space Box(0.0, 1.0, (5,), float32). Environment is clipping to space
[WARNING]: Received an action [0.63390514 0.65325911 0.45705342 0.38155673 0.40034846] that was outside action space Box(0.0, 1.0, (5,), float32). Environment is clipping to space
[WARNING]: Received an action [0.68172034 0.44562016 0.50384102 0.41370048 0.34456929] that was outside action space Box(0.0, 1.0, (5,), float32). Environment is clipping to space
[WARNING]: Received an action [0.66622666 0.71756468 0.52614339 0.64156638 0.69748214] that was outside action space Box(0.0, 1.0, (5,), float32). Environment is clipping to space
[WARNING]: Received an action [0.52924563 0.46806209 0.42299282 0.5298035  0.56344633] that was outside action space Box(0.0, 1.0, (5,), float32). Environment is clipping to space
[WARNING]: Received an action [0.5053226  0.41806121 0.42731817 0.55145533 0.33753952] that was outside action space Box(0.0, 1.0, (5,), float32). Environment is clipping to space
[WARNING]: Received an action [0.63694671 0.59197648 0.49981132 0.58405939 0.55955005] that was outside action space Box(0.0, 1.0, (5,), float32). Environment is clipping to space
[WARNING]: Received an action [0.7034061  0.38003839 0.58989589 0.51532695 0.20821104] that was outside action space Box(0.0, 1.0, (5,), float32). Environment is clipping to space
[WARNING]: Received an action [0.69990022 0.34853796 0.42085575 0.36285144 0.43804486] that was outside action space Box(0.0, 1.0, (5,), float32). Environment is clipping to space
[WARNING]: Received an action [0.44534813 0.50198294 0.49163302 0.40476237 0.62392469] that was outside action space Box(0.0, 1.0, (5,), float32). Environment is clipping to space
[WARNING]: Received an action [0.5531554  0.72994217 0.57661252 0.4025127  0.43561598] that was outside action space Box(0.0, 1.0, (5,), float32). Environment is clipping to space
[WARNING]: Received an action [0.66084308 0.53789695 0.43570142 0.37779215 0.33816487] that was outside action space Box(0.0, 1.0, (5,), float32). Environment is clipping to space
[WARNING]: Received an action [0.41434674 0.35044568 0.45663157 0.32634579 0.58073794] that was outside action space Box(0.0, 1.0, (5,), float32). Environment is clipping to space
[WARNING]: Received an action [0.47573332 0.71925242 0.62485359 0.55776023 0.35905394] that was outside action space Box(0.0, 1.0, (5,), float32). Environment is clipping to space
[WARNING]: Received an action [0.58834207 0.44416018 0.54644764 0.5806465  0.4093757 ] that was outside action space Box(0.0, 1.0, (5,), float32). Environment is clipping to space
[WARNING]: Received an action [0.33028297 0.44780819 0.27446975 0.61434255 0.74187597] that was outside action space Box(0.0, 1.0, (5,), float32). Environment is clipping to space
[WARNING]: Received an action [0.70772441 0.58849989 0.62858847 0.67697255 0.40935766] that was outside action space Box(0.0, 1.0, (5,), float32). Environment is clipping to space
[WARNING]: Received an action [0.57320411 0.38474499 0.43907914 0.33382881 0.41451261] that was outside action space Box(0.0, 1.0, (5,), float32). Environment is clipping to space
[WARNING]: Received an action [0.44656618 0.49860387 0.49565428 0.27070812 0.81546038] that was outside action space Box(0.0, 1.0, (5,), float32). Environment is clipping to space
[WARNING]: Received an action [0.62763706 0.47564669 0.26188185 0.44853214 0.49405371] that was outside action space Box(0.0, 1.0, (5,), float32). Environment is clipping to space
[WARNING]: Received an action [0.60223781 0.49791868 0.5190362  0.28227021 0.37796943] that was outside action space Box(0.0, 1.0, (5,), float32). Environment is clipping to space
[WARNING]: Received an action [0.46047257 0.50599136 0.41201889 0.49234312 0.59803465] that was outside action space Box(0.0, 1.0, (5,), float32). Environment is clipping to space
[WARNING]: Received an action [0.80637415 0.51203142 0.41379575 0.59992221 0.43492943] that was outside action space Box(0.0, 1.0, (5,), float32). Environment is clipping to space
[WARNING]: Received an action [0.69902673 0.37506629 0.37689853 0.58896169 0.18764551] that was outside action space Box(0.0, 1.0, (5,), float32). Environment is clipping to space
[WARNING]: Received an action [0.35114561 0.45863412 0.35583973 0.43072539 0.67394751] that was outside action space Box(0.0, 1.0, (5,), float32). Environment is clipping to space
[WARNING]: Received an action [0.67809764 0.75209974 0.44747314 0.6170913  0.54162001] that was outside action space Box(0.0, 1.0, (5,), float32). Environment is clipping to space
[WARNING]: Received an action [0.57063995 0.3942586  0.40509507 0.35941428 0.57547097] that was outside action space Box(0.0, 1.0, (5,), float32). Environment is clipping to space
[WARNING]: Received an action [0.37960139 0.65069428 0.53905153 0.41060459 0.75018192] that was outside action space Box(0.0, 1.0, (5,), float32). Environment is clipping to space
[WARNING]: Received an action [0.47809867 0.64644207 0.47633849 0.45140856 0.45693354] that was outside action space Box(0.0, 1.0, (5,), float32). Environment is clipping to space
[WARNING]: Received an action [0.54101134 0.51073945 0.44176422 0.48642294 0.36374179] that was outside action space Box(0.0, 1.0, (5,), float32). Environment is clipping to space
[WARNING]: Received an action [0.47339104 0.62550424 0.62206409 0.5365083  0.64263543] that was outside action space Box(0.0, 1.0, (5,), float32). Environment is clipping to space
[WARNING]: Received an action [0.46297836 0.58040401 0.42624109 0.42264233 0.57513297] that was outside action space Box(0.0, 1.0, (5,), float32). Environment is clipping to space
[WARNING]: Received an action [0.85262123 0.63868981 0.54730606 0.34794415 0.5085629 ] that was outside action space Box(0.0, 1.0, (5,), float32). Environment is clipping to space
[WARNING]: Received an action [0.53967147 0.65768983 0.47957108 0.34380915 0.64701799] that was outside action space Box(0.0, 1.0, (5,), float32). Environment is clipping to space
[WARNING]: Received an action [0.42163184 0.53033596 0.50025612 0.45256585 0.48508582] that was outside action space Box(0.0, 1.0, (5,), float32). Environment is clipping to space
[WARNING]: Received an action [0.74991331 0.59242865 0.57906873 0.56109027 0.41089133] that was outside action space Box(0.0, 1.0, (5,), float32). Environment is clipping to space
[WARNING]: Received an action [0.55369359 0.37157188 0.53554025 0.55248465 0.37602933] that was outside action space Box(0.0, 1.0, (5,), float32). Environment is clipping to space
[WARNING]: Received an action [0.74902662 0.43738337 0.50444994 0.46253257 0.51431396] that was outside action space Box(0.0, 1.0, (5,), float32). Environment is clipping to space
[WARNING]: Received an action [0.7310962  0.44143926 0.56874603 0.35245099 0.40355287] that was outside action space Box(0.0, 1.0, (5,), float32). Environment is clipping to space
[WARNING]: Received an action [0.61247552 0.3560747  0.41614301 0.51509647 0.57324007] that was outside action space Box(0.0, 1.0, (5,), float32). Environment is clipping to space
[WARNING]: Received an action [0.41280901 0.59515121 0.62590891 0.36491263 0.47806546] that was outside action space Box(0.0, 1.0, (5,), float32). Environment is clipping to space
[WARNING]: Received an action [0.56698768 0.26734263 0.50747739 0.48388032 0.62308009] that was outside action space Box(0.0, 1.0, (5,), float32). Environment is clipping to space
[WARNING]: Received an action [0.63658329 0.61891118 0.39722775 0.47322128 0.66363041] that was outside action space Box(0.0, 1.0, (5,), float32). Environment is clipping to space
[WARNING]: Received an action [0.74260546 0.52730455 0.58384912 0.4917653  0.54841102] that was outside action space Box(0.0, 1.0, (5,), float32). Environment is clipping to space
[WARNING]: Received an action [0.65211965 0.44081539 0.4681803  0.52435956 0.29302197] that was outside action space Box(0.0, 1.0, (5,), float32). Environment is clipping to space
[WARNING]: Received an action [0.49981848 0.39203277 0.57441506 0.48510408 0.73172004] that was outside action space Box(0.0, 1.0, (5,), float32). Environment is clipping to space
[WARNING]: Received an action [0.3558731  0.42346423 0.28886887 0.55942296 0.45647364] that was outside action space Box(0.0, 1.0, (5,), float32). Environment is clipping to space
[WARNING]: Received an action [0.41287275 0.56701977 0.52236708 0.42679582 0.44337224] that was outside action space Box(0.0, 1.0, (5,), float32). Environment is clipping to space
[WARNING]: Received an action [0.52542937 0.55803118 0.53645656 0.46431593 0.68556829] that was outside action space Box(0.0, 1.0, (5,), float32). Environment is clipping to space
[WARNING]: Received an action [0.42570147 0.4470051  0.25425387 0.22664094 0.6405627 ] that was outside action space Box(0.0, 1.0, (5,), float32). Environment is clipping to space
[WARNING]: Received an action [0.55850091 0.45118743 0.4464688  0.63941471 0.26822411] that was outside action space Box(0.0, 1.0, (5,), float32). Environment is clipping to space
[WARNING]: Received an action [0.71857407 0.54361639 0.32221806 0.48842487 0.64103319] that was outside action space Box(0.0, 1.0, (5,), float32). Environment is clipping to space
[WARNING]: Received an action [0.43693181 0.44756375 0.41562221 0.35390419 0.51916883] that was outside action space Box(0.0, 1.0, (5,), float32). Environment is clipping to space
[WARNING]: Received an action [0.57878752 0.4262313  0.29414845 0.33916611 0.41099212] that was outside action space Box(0.0, 1.0, (5,), float32). Environment is clipping to space
[WARNING]: Received an action [0.7911684  0.57005613 0.50943624 0.57101355 0.5487582 ] that was outside action space Box(0.0, 1.0, (5,), float32). Environment is clipping to space
[WARNING]: Received an action [0.46975453 0.55442565 0.54626972 0.50542853 0.38307909] that was outside action space Box(0.0, 1.0, (5,), float32). Environment is clipping to space
[WARNING]: Received an action [0.62796019 0.32694487 0.34899114 0.42459509 0.48659427] that was outside action space Box(0.0, 1.0, (5,), float32). Environment is clipping to space
[WARNING]: Received an action [0.48585221 0.18577633 0.18919634 0.4528223  0.59708249] that was outside action space Box(0.0, 1.0, (5,), float32). Environment is clipping to space
[WARNING]: Received an action [0.59628441 0.29517827 0.50290412 0.31396405 0.72146008] that was outside action space Box(0.0, 1.0, (5,), float32). Environment is clipping to space
[WARNING]: Received an action [0.56725776 0.39382641 0.35857468 0.41029275 0.31955192] that was outside action space Box(0.0, 1.0, (5,), float32). Environment is clipping to space
[WARNING]: Received an action [0.59169689 0.57974156 0.56905641 0.40890409 0.51892592] that was outside action space Box(0.0, 1.0, (5,), float32). Environment is clipping to space
[WARNING]: Received an action [0.56478953 0.54408964 0.63326404 0.34086176 0.38772074] that was outside action space Box(0.0, 1.0, (5,), float32). Environment is clipping to space
[WARNING]: Received an action [0.46954363 0.26310597 0.45845547 0.22442054 0.31090895] that was outside action space Box(0.0, 1.0, (5,), float32). Environment is clipping to space
[WARNING]: Received an action [0.53073731 0.73914313 0.55854001 0.38130697 0.6777553 ] that was outside action space Box(0.0, 1.0, (5,), float32). Environment is clipping to space
[WARNING]: Received an action [0.64680125 0.26854663 0.47876081 0.36948469 0.49466058] that was outside action space Box(0.0, 1.0, (5,), float32). Environment is clipping to space
[WARNING]: Received an action [0.46077267 0.432304   0.3670219  0.35175984 0.40353779] that was outside action space Box(0.0, 1.0, (5,), float32). Environment is clipping to space
[WARNING]: Received an action [0.32957519 0.48551635 0.49833566 0.47305338 0.69959154] that was outside action space Box(0.0, 1.0, (5,), float32). Environment is clipping to space
[WARNING]: Received an action [0.43704302 0.34001143 0.32811061 0.39153739 0.30682055] that was outside action space Box(0.0, 1.0, (5,), float32). Environment is clipping to space
[WARNING]: Received an action [0.6735173  0.60699616 0.36359786 0.54687339 0.28445023] that was outside action space Box(0.0, 1.0, (5,), float32). Environment is clipping to space
[WARNING]: Received an action [0.58793417 0.42987408 0.68877312 0.42960128 0.6088469 ] that was outside action space Box(0.0, 1.0, (5,), float32). Environment is clipping to space
[WARNING]: Received an action [0.45256058 0.62609779 0.44440716 0.51620478 0.48788072] that was outside action space Box(0.0, 1.0, (5,), float32). Environment is clipping to space
[WARNING]: Received an action [0.58206349 0.49174841 0.33962393 0.53999155 0.52206257] that was outside action space Box(0.0, 1.0, (5,), float32). Environment is clipping to space
[WARNING]: Received an action [0.59941495 0.55360402 0.41208236 0.54621591 0.68890956] that was outside action space Box(0.0, 1.0, (5,), float32). Environment is clipping to space
[WARNING]: Received an action [0.34409734 0.57375019 0.44136847 0.61214975 0.42894394] that was outside action space Box(0.0, 1.0, (5,), float32). Environment is clipping to space
[WARNING]: Received an action [0.58166868 0.56909249 0.52156217 0.41615871 0.41513962] that was outside action space Box(0.0, 1.0, (5,), float32). Environment is clipping to space
[WARNING]: Received an action [0.64420711 0.53304197 0.33903145 0.45401185 0.54751227] that was outside action space Box(0.0, 1.0, (5,), float32). Environment is clipping to space
[WARNING]: Received an action [0.28139814 0.6150474  0.45210069 0.37952725 0.37093218] that was outside action space Box(0.0, 1.0, (5,), float32). Environment is clipping to space
[WARNING]: Received an action [0.58974351 0.35242521 0.33465191 0.34459431 0.31100463] that was outside action space Box(0.0, 1.0, (5,), float32). Environment is clipping to space
[WARNING]: Received an action [0.74891861 0.44661295 0.61613355 0.37561944 0.57747401] that was outside action space Box(0.0, 1.0, (5,), float32). Environment is clipping to space
[WARNING]: Received an action [0.61095014 0.50195387 0.47574535 0.51097848 0.41417819] that was outside action space Box(0.0, 1.0, (5,), float32). Environment is clipping to space
[WARNING]: Received an action [0.43200082 0.54149338 0.30164576 0.50238978 0.3791347 ] that was outside action space Box(0.0, 1.0, (5,), float32). Environment is clipping to space
[WARNING]: Received an action [0.53050645 0.57026595 0.19948789 0.53557343 0.61385355] that was outside action space Box(0.0, 1.0, (5,), float32). Environment is clipping to space
[WARNING]: Received an action [0.29325279 0.48183686 0.42296124 0.53011214 0.48148059] that was outside action space Box(0.0, 1.0, (5,), float32). Environment is clipping to space
[WARNING]: Received an action [0.61700735 0.35933862 0.33139    0.53415666 0.57408415] that was outside action space Box(0.0, 1.0, (5,), float32). Environment is clipping to space
[WARNING]: Received an action [0.45568635 0.56361987 0.55408875 0.33613927 0.51841238] that was outside action space Box(0.0, 1.0, (5,), float32). Environment is clipping to space
[WARNING]: Received an action [0.65070336 0.49830103 0.54935102 0.54448909 0.67833735] that was outside action space Box(0.0, 1.0, (5,), float32). Environment is clipping to space
[WARNING]: Received an action [0.61673564 0.37976158 0.40000822 0.28200541 0.35141783] that was outside action space Box(0.0, 1.0, (5,), float32). Environment is clipping to space
[WARNING]: Received an action [0.60762973 0.53370565 0.49546505 0.55495879 0.70661145] that was outside action space Box(0.0, 1.0, (5,), float32). Environment is clipping to space
[WARNING]: Received an action [0.57238445 0.52791393 0.48130959 0.47163216 0.32857586] that was outside action space Box(0.0, 1.0, (5,), float32). Environment is clipping to space
[WARNING]: Received an action [0.41783624 0.2735711  0.5084029  0.44826755 0.39280859] that was outside action space Box(0.0, 1.0, (5,), float32). Environment is clipping to space
[WARNING]: Received an action [0.43388695 0.51767657 0.70400567 0.50581448 0.57535716] that was outside action space Box(0.0, 1.0, (5,), float32). Environment is clipping to space
[WARNING]: Received an action [0.57099858 0.36984317 0.54802981 0.42808695 0.35568666] that was outside action space Box(0.0, 1.0, (5,), float32). Environment is clipping to space
[WARNING]: Received an action [0.61483437 0.54869744 0.45434957 0.51625034 0.3935869 ] that was outside action space Box(0.0, 1.0, (5,), float32). Environment is clipping to space
[WARNING]: Received an action [0.56766245 0.55893435 0.45693699 0.32497092 0.65106313] that was outside action space Box(0.0, 1.0, (5,), float32). Environment is clipping to space
[WARNING]: Received an action [0.57172648 0.48313327 0.45344715 0.40153145 0.44622411] that was outside action space Box(0.0, 1.0, (5,), float32). Environment is clipping to space
[WARNING]: Received an action [0.69506531 0.24862584 0.36481348 0.26097966 0.48212499] that was outside action space Box(0.0, 1.0, (5,), float32). Environment is clipping to space
[WARNING]: Received an action [0.56633037 0.60411626 0.46842972 0.60751691 0.50623971] that was outside action space Box(0.0, 1.0, (5,), float32). Environment is clipping to space
[WARNING]: Received an action [0.56344131 0.59707216 0.53194229 0.62798888 0.4347839 ] that was outside action space Box(0.0, 1.0, (5,), float32). Environment is clipping to space
[WARNING]: Received an action [0.69269108 0.55982628 0.54281359 0.34058008 0.32880167] that was outside action space Box(0.0, 1.0, (5,), float32). Environment is clipping to space
[WARNING]: Received an action [0.64178295 0.49474289 0.50488746 0.44987712 0.84299296] that was outside action space Box(0.0, 1.0, (5,), float32). Environment is clipping to space
[WARNING]: Received an action [0.40747172 0.39239646 0.46698174 0.61188526 0.5410083 ] that was outside action space Box(0.0, 1.0, (5,), float32). Environment is clipping to space
[WARNING]: Received an action [0.59454353 0.79932074 0.54864133 0.61930954 0.41543492] that was outside action space Box(0.0, 1.0, (5,), float32). Environment is clipping to space
[WARNING]: Received an action [0.58954091 0.58556221 0.5734391  0.51277568 0.60245528] that was outside action space Box(0.0, 1.0, (5,), float32). Environment is clipping to space
[WARNING]: Received an action [0.42268142 0.49210858 0.49474558 0.40463437 0.53288695] that was outside action space Box(0.0, 1.0, (5,), float32). Environment is clipping to space
[WARNING]: Received an action [0.57625117 0.47326758 0.53824897 0.65238626 0.27566073] that was outside action space Box(0.0, 1.0, (5,), float32). Environment is clipping to space
[WARNING]: Received an action [0.37473879 0.65028187 0.48546113 0.53079744 0.53236794] that was outside action space Box(0.0, 1.0, (5,), float32). Environment is clipping to space
[WARNING]: Received an action [0.42010715 0.44038337 0.36798783 0.43390973 0.4640743 ] that was outside action space Box(0.0, 1.0, (5,), float32). Environment is clipping to space
[WARNING]: Received an action [0.405476   0.45778045 0.60776772 0.7353268  0.53908845] that was outside action space Box(0.0, 1.0, (5,), float32). Environment is clipping to space
[WARNING]: Received an action [0.57049867 0.57612416 0.4547899  0.39722742 0.52986088] that was outside action space Box(0.0, 1.0, (5,), float32). Environment is clipping to space
[WARNING]: Received an action [0.52301153 0.55005211 0.52714187 0.56000873 0.52373967] that was outside action space Box(0.0, 1.0, (5,), float32). Environment is clipping to space
[WARNING]: Received an action [0.67265731 0.49003142 0.61594073 0.48145742 0.57065176] that was outside action space Box(0.0, 1.0, (5,), float32). Environment is clipping to space
[WARNING]: Received an action [0.55603974 0.52598505 0.38436339 0.34926044 0.19842365] that was outside action space Box(0.0, 1.0, (5,), float32). Environment is clipping to space
[WARNING]: Received an action [0.58987386 0.46967488 0.40299942 0.40725424 0.53786027] that was outside action space Box(0.0, 1.0, (5,), float32). Environment is clipping to space
[WARNING]: Received an action [0.63070895 0.45107943 0.37150621 0.56696    0.62173486] that was outside action space Box(0.0, 1.0, (5,), float32). Environment is clipping to space
[WARNING]: Received an action [0.71034879 0.50505513 0.64095398 0.48097508 0.51143245] that was outside action space Box(0.0, 1.0, (5,), float32). Environment is clipping to space
[WARNING]: Received an action [0.43215449 0.59294719 0.46074597 0.74823557 0.47737049] that was outside action space Box(0.0, 1.0, (5,), float32). Environment is clipping to space
[WARNING]: Received an action [0.48673463 0.41239602 0.56136931 0.53040545 0.56210726] that was outside action space Box(0.0, 1.0, (5,), float32). Environment is clipping to space
[WARNING]: Received an action [0.5718551  0.5637065  0.47189283 0.54164904 0.41136871] that was outside action space Box(0.0, 1.0, (5,), float32). Environment is clipping to space
[WARNING]: Received an action [0.31578362 0.55450614 0.47617181 0.65943402 0.56874258] that was outside action space Box(0.0, 1.0, (5,), float32). Environment is clipping to space
[WARNING]: Received an action [0.61845555 0.4776506  0.47934616 0.55483444 0.59061736] that was outside action space Box(0.0, 1.0, (5,), float32). Environment is clipping to space
[WARNING]: Received an action [0.56351437 0.47677982 0.2818243  0.49827083 0.43489552] that was outside action space Box(0.0, 1.0, (5,), float32). Environment is clipping to space
[WARNING]: Received an action [0.53722809 0.43809888 0.48925156 0.52950529 0.61302093] that was outside action space Box(0.0, 1.0, (5,), float32). Environment is clipping to space
[WARNING]: Received an action [0.53760785 0.44192081 0.48437338 0.63348011 0.59275252] that was outside action space Box(0.0, 1.0, (5,), float32). Environment is clipping to space
[WARNING]: Received an action [0.65510968 0.45545969 0.45625625 0.52920439 0.55027887] that was outside action space Box(0.0, 1.0, (5,), float32). Environment is clipping to space
[WARNING]: Received an action [0.45339855 0.33655453 0.40061468 0.60924051 0.63019875] that was outside action space Box(0.0, 1.0, (5,), float32). Environment is clipping to space
[WARNING]: Received an action [0.6093163  0.30239509 0.52004782 0.4807371  0.57682271] that was outside action space Box(0.0, 1.0, (5,), float32). Environment is clipping to space
[WARNING]: Received an action [0.65951979 0.52921773 0.50135524 0.67820767 0.47653073] that was outside action space Box(0.0, 1.0, (5,), float32). Environment is clipping to space
[WARNING]: Received an action [0.52220403 0.58646465 0.44559536 0.54604646 0.36141941] that was outside action space Box(0.0, 1.0, (5,), float32). Environment is clipping to space
[WARNING]: Received an action [0.35430341 0.60642407 0.48816489 0.62072711 0.58548241] that was outside action space Box(0.0, 1.0, (5,), float32). Environment is clipping to space
[WARNING]: Received an action [0.42806896 0.35282507 0.53338211 0.41741088 0.27483324] that was outside action space Box(0.0, 1.0, (5,), float32). Environment is clipping to space
[WARNING]: Received an action [0.43947275 0.66262197 0.48988129 0.59028001 0.52508084] that was outside action space Box(0.0, 1.0, (5,), float32). Environment is clipping to space
[WARNING]: Received an action [0.39715562 0.43892868 0.4889489  0.5824559  0.44853997] that was outside action space Box(0.0, 1.0, (5,), float32). Environment is clipping to space
[WARNING]: Received an action [0.71304854 0.56959234 0.38079057 0.22106365 0.51976559] that was outside action space Box(0.0, 1.0, (5,), float32). Environment is clipping to space
[WARNING]: Received an action [0.55772723 0.40713325 0.47998376 0.70576987 0.61158123] that was outside action space Box(0.0, 1.0, (5,), float32). Environment is clipping to space
[WARNING]: Received an action [0.55715777 0.34892945 0.68940982 0.58222007 0.6214162 ] that was outside action space Box(0.0, 1.0, (5,), float32). Environment is clipping to space
[WARNING]: Received an action [0.42232833 0.43630229 0.51082338 0.45919081 0.37465164] that was outside action space Box(0.0, 1.0, (5,), float32). Environment is clipping to space
[WARNING]: Received an action [0.4746902  0.736289   0.53983741 0.52497211 0.54889326] that was outside action space Box(0.0, 1.0, (5,), float32). Environment is clipping to space
[WARNING]: Received an action [0.42524532 0.23146525 0.70791214 0.55865144 0.48682092] that was outside action space Box(0.0, 1.0, (5,), float32). Environment is clipping to space
[WARNING]: Received an action [0.47010135 0.45235178 0.4968089  0.67532278 0.45023743] that was outside action space Box(0.0, 1.0, (5,), float32). Environment is clipping to space
[WARNING]: Received an action [0.56809299 0.49733095 0.36433046 0.35826049 0.44856129] that was outside action space Box(0.0, 1.0, (5,), float32). Environment is clipping to space
[WARNING]: Received an action [0.50275132 0.51956946 0.32634929 0.44290746 0.52384093] that was outside action space Box(0.0, 1.0, (5,), float32). Environment is clipping to space
[WARNING]: Received an action [0.50989367 0.72400396 0.55065708 0.4564269  0.45329365] that was outside action space Box(0.0, 1.0, (5,), float32). Environment is clipping to space
[WARNING]: Received an action [0.61612519 0.56990098 0.26300191 0.52490835 0.37440288] that was outside action space Box(0.0, 1.0, (5,), float32). Environment is clipping to space
[WARNING]: Received an action [0.45266454 0.25173242 0.43887484 0.50122761 0.44661589] that was outside action space Box(0.0, 1.0, (5,), float32). Environment is clipping to space
[WARNING]: Received an action [0.30951208 0.49747628 0.49830665 0.49581918 0.478844  ] that was outside action space Box(0.0, 1.0, (5,), float32). Environment is clipping to space
[WARNING]: Received an action [0.64811872 0.43724404 0.51320828 0.41408705 0.49989788] that was outside action space Box(0.0, 1.0, (5,), float32). Environment is clipping to space
[WARNING]: Received an action [0.50156817 0.4525505  0.39186007 0.44837176 0.49454853] that was outside action space Box(0.0, 1.0, (5,), float32). Environment is clipping to space
[WARNING]: Received an action [0.53043735 0.63008384 0.3891614  0.45980442 0.53139862] that was outside action space Box(0.0, 1.0, (5,), float32). Environment is clipping to space
[WARNING]: Received an action [0.59517339 0.53313931 0.61635765 0.41433392 0.59467371] that was outside action space Box(0.0, 1.0, (5,), float32). Environment is clipping to space
[WARNING]: Received an action [0.56416098 0.448987   0.4414008  0.63402864 0.58161548] that was outside action space Box(0.0, 1.0, (5,), float32). Environment is clipping to space
[WARNING]: Received an action [0.57976066 0.36597784 0.38998559 0.49086238 0.59033603] that was outside action space Box(0.0, 1.0, (5,), float32). Environment is clipping to space
[WARNING]: Received an action [0.71572871 0.54212674 0.4861671  0.31652577 0.48889931] that was outside action space Box(0.0, 1.0, (5,), float32). Environment is clipping to space
[WARNING]: Received an action [0.55633899 0.35757994 0.4107647  0.41908803 0.34041699] that was outside action space Box(0.0, 1.0, (5,), float32). Environment is clipping to space
[WARNING]: Received an action [0.48221785 0.45817627 0.50886627 0.59921253 0.48235242] that was outside action space Box(0.0, 1.0, (5,), float32). Environment is clipping to space
[WARNING]: Received an action [0.65321204 0.64577388 0.33007537 0.54128125 0.39917119] that was outside action space Box(0.0, 1.0, (5,), float32). Environment is clipping to space
[WARNING]: Received an action [0.56762086 0.47860113 0.59321476 0.48880457 0.54744712] that was outside action space Box(0.0, 1.0, (5,), float32). Environment is clipping to space
[WARNING]: Received an action [0.73130626 0.4571401  0.44064789 0.33342489 0.57223672] that was outside action space Box(0.0, 1.0, (5,), float32). Environment is clipping to space
[WARNING]: Received an action [0.64185499 0.48428012 0.46855841 0.3989167  0.6744081 ] that was outside action space Box(0.0, 1.0, (5,), float32). Environment is clipping to space
[WARNING]: Received an action [0.46110161 0.40597724 0.45616415 0.52255367 0.66654222] that was outside action space Box(0.0, 1.0, (5,), float32). Environment is clipping to space
[WARNING]: Received an action [0.70609045 0.36420439 0.40756363 0.55401422 0.44373069] that was outside action space Box(0.0, 1.0, (5,), float32). Environment is clipping to space
[WARNING]: Received an action [0.4780372  0.60515657 0.44926327 0.52566808 0.50654991] that was outside action space Box(0.0, 1.0, (5,), float32). Environment is clipping to space
[WARNING]: Received an action [0.52281478 0.47930358 0.56710107 0.36165343 0.60603834] that was outside action space Box(0.0, 1.0, (5,), float32). Environment is clipping to space
[WARNING]: Received an action [0.56329577 0.60420354 0.46241736 0.38972846 0.31837725] that was outside action space Box(0.0, 1.0, (5,), float32). Environment is clipping to space
[WARNING]: Received an action [0.60144086 0.41112347 0.46233266 0.49737237 0.49787086] that was outside action space Box(0.0, 1.0, (5,), float32). Environment is clipping to space
[WARNING]: Received an action [0.62868194 0.51152726 0.41316061 0.51724289 0.44197973] that was outside action space Box(0.0, 1.0, (5,), float32). Environment is clipping to space
[WARNING]: Received an action [0.56282397 0.68794982 0.46301723 0.56411856 0.33905165] that was outside action space Box(0.0, 1.0, (5,), float32). Environment is clipping to space
[WARNING]: Received an action [0.43664237 0.42339848 0.48753949 0.57367554 0.43452877] that was outside action space Box(0.0, 1.0, (5,), float32). Environment is clipping to space
[WARNING]: Received an action [0.31368524 0.28068004 0.49718074 0.48238928 0.32271629] that was outside action space Box(0.0, 1.0, (5,), float32). Environment is clipping to space
[WARNING]: Received an action [0.57780471 0.5463503  0.30264635 0.42771856 0.31894131] that was outside action space Box(0.0, 1.0, (5,), float32). Environment is clipping to space
[WARNING]: Received an action [0.51799268 0.39098272 0.56395356 0.55398129 0.49775863] that was outside action space Box(0.0, 1.0, (5,), float32). Environment is clipping to space
[WARNING]: Received an action [0.66273171 0.3946441  0.47890976 0.63312641 0.55652596] that was outside action space Box(0.0, 1.0, (5,), float32). Environment is clipping to space
[WARNING]: Received an action [0.45643697 0.51802469 0.44263427 0.48511396 0.306234  ] that was outside action space Box(0.0, 1.0, (5,), float32). Environment is clipping to space
[WARNING]: Received an action [0.63728831 0.63733236 0.4238137  0.61113652 0.60552659] that was outside action space Box(0.0, 1.0, (5,), float32). Environment is clipping to space
[WARNING]: Received an action [0.43303167 0.27208565 0.39332847 0.52327901 0.63601808] that was outside action space Box(0.0, 1.0, (5,), float32). Environment is clipping to space
[WARNING]: Received an action [0.61873591 0.64276881 0.47020249 0.60067558 0.29419073] that was outside action space Box(0.0, 1.0, (5,), float32). Environment is clipping to space
[WARNING]: Received an action [0.66688978 0.48543801 0.59373569 0.54728015 0.55973541] that was outside action space Box(0.0, 1.0, (5,), float32). Environment is clipping to space
[WARNING]: Received an action [0.44617523 0.50905755 0.66092127 0.54840444 0.60244273] that was outside action space Box(0.0, 1.0, (5,), float32). Environment is clipping to space
[WARNING]: Received an action [0.56057537 0.45462251 0.317136   0.38842831 0.64825205] that was outside action space Box(0.0, 1.0, (5,), float32). Environment is clipping to space
[WARNING]: Received an action [0.4461763  0.5576291  0.58035669 0.70888003 0.70706948] that was outside action space Box(0.0, 1.0, (5,), float32). Environment is clipping to space
[WARNING]: Received an action [0.6487071  0.38691546 0.24256163 0.63604439 0.44194615] that was outside action space Box(0.0, 1.0, (5,), float32). Environment is clipping to space
[WARNING]: Received an action [0.54077074 0.38031565 0.50420053 0.47335757 0.42796532] that was outside action space Box(0.0, 1.0, (5,), float32). Environment is clipping to space
[WARNING]: Received an action [0.42481855 0.44559547 0.49930456 0.47290043 0.5753072 ] that was outside action space Box(0.0, 1.0, (5,), float32). Environment is clipping to space
[WARNING]: Received an action [0.61542265 0.46964471 0.5879829  0.51977072 0.6204816 ] that was outside action space Box(0.0, 1.0, (5,), float32). Environment is clipping to space
[WARNING]: Received an action [0.44091185 0.43486235 0.51285858 0.50083706 0.42846913] that was outside action space Box(0.0, 1.0, (5,), float32). Environment is clipping to space
[WARNING]: Received an action [0.51114447 0.48066093 0.40939381 0.31986674 0.52915161] that was outside action space Box(0.0, 1.0, (5,), float32). Environment is clipping to space
[WARNING]: Received an action [0.60429354 0.41555985 0.54955738 0.52763164 0.38354488] that was outside action space Box(0.0, 1.0, (5,), float32). Environment is clipping to space
[WARNING]: Received an action [0.31765702 0.22124065 0.6157738  0.30270046 0.5348145 ] that was outside action space Box(0.0, 1.0, (5,), float32). Environment is clipping to space
[WARNING]: Received an action [0.5676861  0.43825661 0.33972943 0.41803174 0.56448224] that was outside action space Box(0.0, 1.0, (5,), float32). Environment is clipping to space
[WARNING]: Received an action [0.55177215 0.50598589 0.48406655 0.39376192 0.45482929] that was outside action space Box(0.0, 1.0, (5,), float32). Environment is clipping to space
[WARNING]: Received an action [0.48132951 0.44418829 0.51716725 0.2359535  0.61043589] that was outside action space Box(0.0, 1.0, (5,), float32). Environment is clipping to space
[WARNING]: Received an action [0.6010446  0.38234735 0.51672529 0.55128868 0.59829311] that was outside action space Box(0.0, 1.0, (5,), float32). Environment is clipping to space
[WARNING]: Received an action [0.65972128 0.65192767 0.26461065 0.60883527 0.33374771] that was outside action space Box(0.0, 1.0, (5,), float32). Environment is clipping to space
[WARNING]: Received an action [0.5600813  0.37728672 0.37852476 0.38743159 0.39687267] that was outside action space Box(0.0, 1.0, (5,), float32). Environment is clipping to space
[WARNING]: Received an action [0.29170898 0.37696392 0.49598482 0.56456825 0.45384087] that was outside action space Box(0.0, 1.0, (5,), float32). Environment is clipping to space
[WARNING]: Received an action [0.67011937 0.55321389 0.50306298 0.48950417 0.42560653] that was outside action space Box(0.0, 1.0, (5,), float32). Environment is clipping to space
[WARNING]: Received an action [0.43397472 0.69570455 0.34942376 0.46443176 0.52294308] that was outside action space Box(0.0, 1.0, (5,), float32). Environment is clipping to space
[WARNING]: Received an action [0.60868713 0.42118213 0.44107611 0.46633701 0.42388386] that was outside action space Box(0.0, 1.0, (5,), float32). Environment is clipping to space
[WARNING]: Received an action [0.54810107 0.40896652 0.61763785 0.40343397 0.42220522] that was outside action space Box(0.0, 1.0, (5,), float32). Environment is clipping to space
[WARNING]: Received an action [0.43380239 0.38910658 0.49672058 0.3523951  0.52662568] that was outside action space Box(0.0, 1.0, (5,), float32). Environment is clipping to space
[WARNING]: Received an action [0.50016189 0.59910954 0.42157666 0.61833879 0.50367913] that was outside action space Box(0.0, 1.0, (5,), float32). Environment is clipping to space
[WARNING]: Received an action [0.56004693 0.43261645 0.34040353 0.46886174 0.47085431] that was outside action space Box(0.0, 1.0, (5,), float32). Environment is clipping to space
[WARNING]: Received an action [0.30850666 0.62353207 0.71994085 0.26559521 0.49491868] that was outside action space Box(0.0, 1.0, (5,), float32). Environment is clipping to space
[WARNING]: Received an action [0.38607091 0.42249753 0.48051505 0.7146528  0.63737725] that was outside action space Box(0.0, 1.0, (5,), float32). Environment is clipping to space
[WARNING]: Received an action [0.32817067 0.51771753 0.3038028  0.63046644 0.43048189] that was outside action space Box(0.0, 1.0, (5,), float32). Environment is clipping to space
[WARNING]: Received an action [0.39565426 0.50889717 0.61379449 0.46769484 0.55600369] that was outside action space Box(0.0, 1.0, (5,), float32). Environment is clipping to space
[WARNING]: Received an action [0.62966053 0.52420802 0.51983592 0.47297441 0.47699261] that was outside action space Box(0.0, 1.0, (5,), float32). Environment is clipping to space
[WARNING]: Received an action [0.57870931 0.32497439 0.31269653 0.45558683 0.50781888] that was outside action space Box(0.0, 1.0, (5,), float32). Environment is clipping to space
[WARNING]: Received an action [0.35756171 0.57195321 0.54869262 0.57561207 0.60729508] that was outside action space Box(0.0, 1.0, (5,), float32). Environment is clipping to space
[WARNING]: Received an action [0.56543293 0.60836941 0.55591961 0.5059487  0.73130618] that was outside action space Box(0.0, 1.0, (5,), float32). Environment is clipping to space
[WARNING]: Received an action [0.71405461 0.55840953 0.32177148 0.4487951  0.36607157] that was outside action space Box(0.0, 1.0, (5,), float32). Environment is clipping to space
[WARNING]: Received an action [0.601736   0.52372879 0.49379855 0.6347134  0.48096949] that was outside action space Box(0.0, 1.0, (5,), float32). Environment is clipping to space
[WARNING]: Received an action [0.50536846 0.75570154 0.52891101 0.53181013 0.59610307] that was outside action space Box(0.0, 1.0, (5,), float32). Environment is clipping to space
[WARNING]: Received an action [0.4476579  0.52604319 0.5356521  0.45051771 0.27740455] that was outside action space Box(0.0, 1.0, (5,), float32). Environment is clipping to space
[WARNING]: Received an action [0.34275701 0.56556515 0.50744646 0.39488098 0.4467649 ] that was outside action space Box(0.0, 1.0, (5,), float32). Environment is clipping to space
[WARNING]: Received an action [0.45784843 0.54246433 0.45713337 0.49941098 0.47787146] that was outside action space Box(0.0, 1.0, (5,), float32). Environment is clipping to space
[WARNING]: Received an action [0.50838251 0.7060948  0.45038201 0.31366088 0.29234494] that was outside action space Box(0.0, 1.0, (5,), float32). Environment is clipping to space
[WARNING]: Received an action [0.42858612 0.61960133 0.49401322 0.56549751 0.64723289] that was outside action space Box(0.0, 1.0, (5,), float32). Environment is clipping to space
[WARNING]: Received an action [0.40430294 0.58691952 0.45653087 0.5046476  0.49276125] that was outside action space Box(0.0, 1.0, (5,), float32). Environment is clipping to space
[WARNING]: Received an action [0.58402673 0.61684069 0.4127514  0.46489756 0.30134113] that was outside action space Box(0.0, 1.0, (5,), float32). Environment is clipping to space
[WARNING]: Received an action [0.69620797 0.51474547 0.44989533 0.40136582 0.4034459 ] that was outside action space Box(0.0, 1.0, (5,), float32). Environment is clipping to space
[WARNING]: Received an action [0.42101078 0.48813124 0.54068008 0.42084188 0.67133215] that was outside action space Box(0.0, 1.0, (5,), float32). Environment is clipping to space
[WARNING]: Received an action [0.39675556 0.49419916 0.51075759 0.40409801 0.3837718 ] that was outside action space Box(0.0, 1.0, (5,), float32). Environment is clipping to space
[WARNING]: Received an action [0.4665846  0.46611195 0.47306318 0.52731076 0.40303755] that was outside action space Box(0.0, 1.0, (5,), float32). Environment is clipping to space
[WARNING]: Received an action [0.38744421 0.32992956 0.39508426 0.56875229 0.46915853] that was outside action space Box(0.0, 1.0, (5,), float32). Environment is clipping to space
[WARNING]: Received an action [0.59576849 0.38922918 0.35602502 0.4946434  0.32910529] that was outside action space Box(0.0, 1.0, (5,), float32). Environment is clipping to space
[WARNING]: Received an action [0.44053401 0.40996517 0.53901008 0.41312596 0.55955569] that was outside action space Box(0.0, 1.0, (5,), float32). Environment is clipping to space
[WARNING]: Received an action [0.61646356 0.41309287 0.57914481 0.45054361 0.60653821] that was outside action space Box(0.0, 1.0, (5,), float32). Environment is clipping to space
[WARNING]: Received an action [0.28239369 0.42470143 0.62798082 0.41027756 0.50462221] that was outside action space Box(0.0, 1.0, (5,), float32). Environment is clipping to space
[WARNING]: Received an action [0.65027366 0.51685875 0.47532315 0.35877919 0.49330988] that was outside action space Box(0.0, 1.0, (5,), float32). Environment is clipping to space
[WARNING]: Received an action [0.39256057 0.59940329 0.31739319 0.56164274 0.68612768] that was outside action space Box(0.0, 1.0, (5,), float32). Environment is clipping to space
[WARNING]: Received an action [0.53375642 0.18225464 0.35294443 0.38470041 0.53467016] that was outside action space Box(0.0, 1.0, (5,), float32). Environment is clipping to space
[WARNING]: Received an action [0.44098021 0.49390137 0.62935522 0.35507702 0.39155144] that was outside action space Box(0.0, 1.0, (5,), float32). Environment is clipping to space
[WARNING]: Received an action [0.50656169 0.48374315 0.35495667 0.46987142 0.47099373] that was outside action space Box(0.0, 1.0, (5,), float32). Environment is clipping to space
[WARNING]: Received an action [0.50884907 0.37134019 0.55703043 0.34781102 0.35612926] that was outside action space Box(0.0, 1.0, (5,), float32). Environment is clipping to space
[WARNING]: Received an action [0.4995479  0.39525022 0.55583378 0.46803177 0.41581477] that was outside action space Box(0.0, 1.0, (5,), float32). Environment is clipping to space
[WARNING]: Received an action [0.46104891 0.5980423  0.55573928 0.43932615 0.61833701] that was outside action space Box(0.0, 1.0, (5,), float32). Environment is clipping to space
[WARNING]: Received an action [0.40929836 0.53891696 0.47730738 0.40520946 0.25818497] that was outside action space Box(0.0, 1.0, (5,), float32). Environment is clipping to space
[WARNING]: Received an action [0.44793326 0.43262867 0.43174883 0.36807958 0.54033378] that was outside action space Box(0.0, 1.0, (5,), float32). Environment is clipping to space
[WARNING]: Received an action [0.59813179 0.44795258 0.35335673 0.6413382  0.4015049 ] that was outside action space Box(0.0, 1.0, (5,), float32). Environment is clipping to space
[WARNING]: Received an action [0.69512019 0.51090513 0.40512946 0.42964239 0.3161265 ] that was outside action space Box(0.0, 1.0, (5,), float32). Environment is clipping to space
[WARNING]: Received an action [0.43493424 0.45004313 0.44996648 0.45922697 0.62309559] that was outside action space Box(0.0, 1.0, (5,), float32). Environment is clipping to space
[WARNING]: Received an action [0.49502805 0.41032148 0.52081571 0.5765897  0.49037057] that was outside action space Box(0.0, 1.0, (5,), float32). Environment is clipping to space
[WARNING]: Received an action [0.69257456 0.42540838 0.57482536 0.27778062 0.39651396] that was outside action space Box(0.0, 1.0, (5,), float32). Environment is clipping to space
[WARNING]: Received an action [0.49754431 0.47055128 0.65705837 0.27467281 0.54017314] that was outside action space Box(0.0, 1.0, (5,), float32). Environment is clipping to space
[WARNING]: Received an action [0.48917761 0.34950271 0.58692011 0.5168684  0.4739526 ] that was outside action space Box(0.0, 1.0, (5,), float32). Environment is clipping to space
[WARNING]: Received an action [0.51367117 0.47521469 0.45961724 0.42168389 0.50954371] that was outside action space Box(0.0, 1.0, (5,), float32). Environment is clipping to space
[WARNING]: Received an action [0.60436136 0.48213605 0.43303509 0.45559769 0.20784678] that was outside action space Box(0.0, 1.0, (5,), float32). Environment is clipping to space
[WARNING]: Received an action [0.34190866 0.52214657 0.36632578 0.49374969 0.40467164] that was outside action space Box(0.0, 1.0, (5,), float32). Environment is clipping to space
[WARNING]: Received an action [0.65817652 0.565844   0.58067664 0.43874537 0.51583647] that was outside action space Box(0.0, 1.0, (5,), float32). Environment is clipping to space
[WARNING]: Received an action [0.50280532 0.62831596 0.50592358 0.53369675 0.42563503] that was outside action space Box(0.0, 1.0, (5,), float32). Environment is clipping to space
[WARNING]: Received an action [0.36323211 0.55813378 0.45035089 0.48124669 0.37369204] that was outside action space Box(0.0, 1.0, (5,), float32). Environment is clipping to space
[WARNING]: Received an action [0.41484684 0.49917967 0.42772248 0.47613602 0.44790617] that was outside action space Box(0.0, 1.0, (5,), float32). Environment is clipping to space
[WARNING]: Received an action [0.58476694 0.57195143 0.42511964 0.39961827 0.55613942] that was outside action space Box(0.0, 1.0, (5,), float32). Environment is clipping to space
[WARNING]: Received an action [0.5773294  0.62465892 0.5188898  0.41727988 0.32500444] that was outside action space Box(0.0, 1.0, (5,), float32). Environment is clipping to space
[WARNING]: Received an action [0.43763076 0.62362556 0.64125474 0.17402972 0.43377444] that was outside action space Box(0.0, 1.0, (5,), float32). Environment is clipping to space
[WARNING]: Received an action [0.450186   0.59701821 0.4682979  0.63477122 0.60357489] that was outside action space Box(0.0, 1.0, (5,), float32). Environment is clipping to space
[WARNING]: Received an action [0.30684367 0.2716137  0.38994045 0.51123215 0.58091623] that was outside action space Box(0.0, 1.0, (5,), float32). Environment is clipping to space
[WARNING]: Received an action [0.51211619 0.49178328 0.53562984 0.49427436 0.34093609] that was outside action space Box(0.0, 1.0, (5,), float32). Environment is clipping to space
[WARNING]: Received an action [0.41298683 0.49187734 0.44547726 0.59183868 0.21811717] that was outside action space Box(0.0, 1.0, (5,), float32). Environment is clipping to space
[WARNING]: Received an action [0.61620924 0.43177105 0.48496009 0.5102681  0.3994851 ] that was outside action space Box(0.0, 1.0, (5,), float32). Environment is clipping to space
[WARNING]: Received an action [0.60532833 0.22660013 0.32008035 0.68291795 0.28136735] that was outside action space Box(0.0, 1.0, (5,), float32). Environment is clipping to space
[WARNING]: Received an action [0.5089585  0.51358245 0.42689642 0.44594784 0.45534646] that was outside action space Box(0.0, 1.0, (5,), float32). Environment is clipping to space
[WARNING]: Received an action [0.53161334 0.42528568 0.48494448 0.53680053 0.36440136] that was outside action space Box(0.0, 1.0, (5,), float32). Environment is clipping to space
[WARNING]: Received an action [0.39729968 0.57656875 0.3092991  0.42232717 0.36470387] that was outside action space Box(0.0, 1.0, (5,), float32). Environment is clipping to space
[WARNING]: Received an action [0.63194382 0.37362741 0.43610638 0.69240849 0.48821036] that was outside action space Box(0.0, 1.0, (5,), float32). Environment is clipping to space
[WARNING]: Received an action [0.69382193 0.58903206 0.41575642 0.30597474 0.27981034] that was outside action space Box(0.0, 1.0, (5,), float32). Environment is clipping to space
[WARNING]: Received an action [0.51649373 0.49117656 0.59599664 0.29954959 0.33052125] that was outside action space Box(0.0, 1.0, (5,), float32). Environment is clipping to space
[WARNING]: Received an action [0.5219386  0.35658671 0.46276956 0.35363666 0.41931552] that was outside action space Box(0.0, 1.0, (5,), float32). Environment is clipping to space
[WARNING]: Received an action [0.6052678  0.4887047  0.34327169 0.42442105 0.33134836] that was outside action space Box(0.0, 1.0, (5,), float32). Environment is clipping to space
[WARNING]: Received an action [0.5740334  0.42309707 0.46036764 0.49623711 0.33285052] that was outside action space Box(0.0, 1.0, (5,), float32). Environment is clipping to space
[WARNING]: Received an action [0.4423126  0.50373423 0.54465736 0.51059977 0.56324933] that was outside action space Box(0.0, 1.0, (5,), float32). Environment is clipping to space
[WARNING]: Received an action [0.54692404 0.50411537 0.3804371  0.58480417 0.54513807] that was outside action space Box(0.0, 1.0, (5,), float32). Environment is clipping to space
[WARNING]: Received an action [0.63660912 0.50279632 0.53592834 0.51805556 0.42374819] that was outside action space Box(0.0, 1.0, (5,), float32). Environment is clipping to space
[WARNING]: Received an action [0.70379514 0.50334581 0.55086862 0.36608633 0.50813954] that was outside action space Box(0.0, 1.0, (5,), float32). Environment is clipping to space
[WARNING]: Received an action [0.62330333 0.34889951 0.36261528 0.61438863 0.52141533] that was outside action space Box(0.0, 1.0, (5,), float32). Environment is clipping to space
[WARNING]: Received an action [0.45218147 0.46534102 0.55173837 0.40963562 0.41831394] that was outside action space Box(0.0, 1.0, (5,), float32). Environment is clipping to space
[WARNING]: Received an action [0.46533206 0.37372898 0.46560421 0.46844704 0.45062039] that was outside action space Box(0.0, 1.0, (5,), float32). Environment is clipping to space
[WARNING]: Received an action [0.4967014  0.37394909 0.46055137 0.555643   0.32502882] that was outside action space Box(0.0, 1.0, (5,), float32). Environment is clipping to space
[WARNING]: Received an action [0.6763561  0.36735839 0.59498689 0.56056608 0.45422833] that was outside action space Box(0.0, 1.0, (5,), float32). Environment is clipping to space
[WARNING]: Received an action [0.4964698  0.37298764 0.44940881 0.57378366 0.33111823] that was outside action space Box(0.0, 1.0, (5,), float32). Environment is clipping to space
[WARNING]: Received an action [0.26358099 0.4367388  0.28871436 0.44556595 0.45655824] that was outside action space Box(0.0, 1.0, (5,), float32). Environment is clipping to space
[WARNING]: Received an action [0.50670128 0.53966584 0.47656393 0.43191603 0.47834565] that was outside action space Box(0.0, 1.0, (5,), float32). Environment is clipping to space
[WARNING]: Received an action [0.62211472 0.3697693  0.55850362 0.40851068 0.52767176] that was outside action space Box(0.0, 1.0, (5,), float32). Environment is clipping to space
[WARNING]: Received an action [0.61163386 0.48564871 0.54894415 0.45674987 0.32421056] that was outside action space Box(0.0, 1.0, (5,), float32). Environment is clipping to space
[WARNING]: Received an action [0.45974153 0.58643029 0.458212   0.52384664 0.29194982] that was outside action space Box(0.0, 1.0, (5,), float32). Environment is clipping to space
[WARNING]: Received an action [0.45599146 0.42473104 0.56064637 0.61267236 0.77712261] that was outside action space Box(0.0, 1.0, (5,), float32). Environment is clipping to space
[WARNING]: Received an action [0.41620109 0.50319693 0.41573297 0.53431522 0.46066995] that was outside action space Box(0.0, 1.0, (5,), float32). Environment is clipping to space
[WARNING]: Received an action [0.59256364 0.52059139 0.59671235 0.42355608 0.4292271 ] that was outside action space Box(0.0, 1.0, (5,), float32). Environment is clipping to space
[WARNING]: Received an action [0.49401505 0.40200427 0.53179773 0.6200122  0.64602865] that was outside action space Box(0.0, 1.0, (5,), float32). Environment is clipping to space
[WARNING]: Received an action [0.45871647 0.60307638 0.34008767 0.66062149 0.409681  ] that was outside action space Box(0.0, 1.0, (5,), float32). Environment is clipping to space
[WARNING]: Received an action [0.30731594 0.53849109 0.41956195 0.57932802 0.38134224] that was outside action space Box(0.0, 1.0, (5,), float32). Environment is clipping to space
[WARNING]: Received an action [0.58600204 0.51148607 0.63060579 0.44939649 0.52623265] that was outside action space Box(0.0, 1.0, (5,), float32). Environment is clipping to space
[WARNING]: Received an action [0.52728019 0.48206974 0.39226599 0.6188906  0.48036158] that was outside action space Box(0.0, 1.0, (5,), float32). Environment is clipping to space
[WARNING]: Received an action [0.47272523 0.54687128 0.50475539 0.43722637 0.69159238] that was outside action space Box(0.0, 1.0, (5,), float32). Environment is clipping to space
[WARNING]: Received an action [0.44620514 0.29759168 0.39720974 0.42830322 0.42280813] that was outside action space Box(0.0, 1.0, (5,), float32). Environment is clipping to space
[WARNING]: Received an action [0.41043085 0.36996305 0.44212703 0.60382746 0.54271792] that was outside action space Box(0.0, 1.0, (5,), float32). Environment is clipping to space
[WARNING]: Received an action [0.45343299 0.50501472 0.51096855 0.41264554 0.47975229] that was outside action space Box(0.0, 1.0, (5,), float32). Environment is clipping to space
[WARNING]: Received an action [0.41013553 0.44400249 0.55193897 0.49878524 0.60250725] that was outside action space Box(0.0, 1.0, (5,), float32). Environment is clipping to space
[WARNING]: Received an action [0.45732675 0.13455228 0.30242185 0.53594828 0.45671943] that was outside action space Box(0.0, 1.0, (5,), float32). Environment is clipping to space
[WARNING]: Received an action [0.41918774 0.48078639 0.32637055 0.33273981 0.35114518] that was outside action space Box(0.0, 1.0, (5,), float32). Environment is clipping to space
[WARNING]: Received an action [0.48899769 0.40451159 0.49682264 0.47292996 0.63297776] that was outside action space Box(0.0, 1.0, (5,), float32). Environment is clipping to space
[WARNING]: Received an action [0.46785179 0.49732561 0.45246848 0.52554622 0.61960031] that was outside action space Box(0.0, 1.0, (5,), float32). Environment is clipping to space
[WARNING]: Received an action [0.42074905 0.49872118 0.50876427 0.4339569  0.47626525] that was outside action space Box(0.0, 1.0, (5,), float32). Environment is clipping to space
[WARNING]: Received an action [0.44096778 0.44621432 0.35040222 0.18903701 0.51380169] that was outside action space Box(0.0, 1.0, (5,), float32). Environment is clipping to space
[WARNING]: Received an action [0.50564508 0.58807583 0.3965046  0.63641507 0.6069377 ] that was outside action space Box(0.0, 1.0, (5,), float32). Environment is clipping to space
[WARNING]: Received an action [0.52203753 0.54493583 0.49382896 0.47557767 0.4228277 ] that was outside action space Box(0.0, 1.0, (5,), float32). Environment is clipping to space
[WARNING]: Received an action [0.55851822 0.57956323 0.44316141 0.58262858 0.62307331] that was outside action space Box(0.0, 1.0, (5,), float32). Environment is clipping to space
[WARNING]: Received an action [0.50265749 0.37333767 0.65708655 0.33364488 0.4563347 ] that was outside action space Box(0.0, 1.0, (5,), float32). Environment is clipping to space
[WARNING]: Received an action [0.53568972 0.44512765 0.24956851 0.39993032 0.43504009] that was outside action space Box(0.0, 1.0, (5,), float32). Environment is clipping to space
[WARNING]: Received an action [0.6301654  0.60933068 0.45555215 0.48451343 0.34104546] that was outside action space Box(0.0, 1.0, (5,), float32). Environment is clipping to space
[WARNING]: Received an action [0.46156164 0.38528765 0.39224214 0.54710616 0.43416209] that was outside action space Box(0.0, 1.0, (5,), float32). Environment is clipping to space
[WARNING]: Received an action [0.64329682 0.48077556 0.48327969 0.25970677 0.46488192] that was outside action space Box(0.0, 1.0, (5,), float32). Environment is clipping to space
[WARNING]: Received an action [0.46243068 0.45667862 0.51556204 0.45135951 0.48811456] that was outside action space Box(0.0, 1.0, (5,), float32). Environment is clipping to space
[WARNING]: Received an action [0.60824203 0.31713168 0.43575688 0.62757334 0.5169414 ] that was outside action space Box(0.0, 1.0, (5,), float32). Environment is clipping to space
[WARNING]: Received an action [0.62867711 0.5206755  0.37522621 0.38604139 0.34273929] that was outside action space Box(0.0, 1.0, (5,), float32). Environment is clipping to space
[WARNING]: Received an action [0.43667229 0.59772069 0.49224094 0.36652267 0.26947644] that was outside action space Box(0.0, 1.0, (5,), float32). Environment is clipping to space
[WARNING]: Received an action [0.70271719 0.44878677 0.44632967 0.58769096 0.42587077] that was outside action space Box(0.0, 1.0, (5,), float32). Environment is clipping to space
[WARNING]: Received an action [0.48469243 0.60678357 0.60011834 0.5065567  0.37194211] that was outside action space Box(0.0, 1.0, (5,), float32). Environment is clipping to space
[WARNING]: Received an action [0.41585329 0.39561908 0.39383565 0.49230145 0.56649397] that was outside action space Box(0.0, 1.0, (5,), float32). Environment is clipping to space
[WARNING]: Received an action [0.65182144 0.45536035 0.40767279 0.44369371 0.51587284] that was outside action space Box(0.0, 1.0, (5,), float32). Environment is clipping to space
[WARNING]: Received an action [0.6653458  0.49579136 0.60762712 0.42431409 0.4374639 ] that was outside action space Box(0.0, 1.0, (5,), float32). Environment is clipping to space
[WARNING]: Received an action [0.29423108 0.6065709  0.42775148 0.34596342 0.4308291 ] that was outside action space Box(0.0, 1.0, (5,), float32). Environment is clipping to space
[WARNING]: Received an action [0.48581425 0.49616958 0.41677219 0.31015896 0.51890338] that was outside action space Box(0.0, 1.0, (5,), float32). Environment is clipping to space
[WARNING]: Received an action [0.69038292 0.45792188 0.44486863 0.34927251 0.38395653] that was outside action space Box(0.0, 1.0, (5,), float32). Environment is clipping to space
[WARNING]: Received an action [0.55720883 0.49066391 0.53978672 0.31392143 0.40533645] that was outside action space Box(0.0, 1.0, (5,), float32). Environment is clipping to space
[WARNING]: Received an action [0.44355662 0.44844734 0.3246739  0.53666477 0.55694202] that was outside action space Box(0.0, 1.0, (5,), float32). Environment is clipping to space
[WARNING]: Received an action [0.6685588  0.38177767 0.43946061 0.433761   0.2825404 ] that was outside action space Box(0.0, 1.0, (5,), float32). Environment is clipping to space
[WARNING]: Received an action [0.5827073  0.45252159 0.58241556 0.34759415 0.65095846] that was outside action space Box(0.0, 1.0, (5,), float32). Environment is clipping to space
[WARNING]: Received an action [0.58846606 0.57887949 0.37607836 0.37986777 0.44353248] that was outside action space Box(0.0, 1.0, (5,), float32). Environment is clipping to space
[WARNING]: Received an action [0.56010023 0.55116006 0.49095933 0.42155461 0.46824696] that was outside action space Box(0.0, 1.0, (5,), float32). Environment is clipping to space
[WARNING]: Received an action [0.47315149 0.62235857 0.54535328 0.36137017 0.65504816] that was outside action space Box(0.0, 1.0, (5,), float32). Environment is clipping to space
[WARNING]: Received an action [0.43838808 0.24423039 0.45534212 0.56616622 0.30955513] that was outside action space Box(0.0, 1.0, (5,), float32). Environment is clipping to space
[WARNING]: Received an action [0.36619079 0.30392581 0.57019568 0.49692172 0.64858432] that was outside action space Box(0.0, 1.0, (5,), float32). Environment is clipping to space
[WARNING]: Received an action [0.47765964 0.49620452 0.44788707 0.38516628 0.52268951] that was outside action space Box(0.0, 1.0, (5,), float32). Environment is clipping to space
[WARNING]: Received an action [0.49580613 0.54998416 0.54780677 0.5106624  0.53437987] that was outside action space Box(0.0, 1.0, (5,), float32). Environment is clipping to space
[WARNING]: Received an action [0.47099791 0.58227559 0.52283671 0.43084403 0.51356379] that was outside action space Box(0.0, 1.0, (5,), float32). Environment is clipping to space
[WARNING]: Received an action [0.54954587 0.50861557 0.43688276 0.59115698 0.27838775] that was outside action space Box(0.0, 1.0, (5,), float32). Environment is clipping to space
[WARNING]: Received an action [0.4667315  0.44930619 0.52489867 0.49182433 0.45241853] that was outside action space Box(0.0, 1.0, (5,), float32). Environment is clipping to space
[WARNING]: Received an action [0.45407509 0.63807573 0.40532235 0.43250574 0.41918962] that was outside action space Box(0.0, 1.0, (5,), float32). Environment is clipping to space
[WARNING]: Received an action [0.49723632 0.51964383 0.50563195 0.43963549 0.30156585] that was outside action space Box(0.0, 1.0, (5,), float32). Environment is clipping to space
[WARNING]: Received an action [0.57664695 0.44506353 0.60006651 0.40004792 0.50589261] that was outside action space Box(0.0, 1.0, (5,), float32). Environment is clipping to space
[WARNING]: Received an action [0.27519235 0.38016768 0.47281839 0.5573112  0.49015803] that was outside action space Box(0.0, 1.0, (5,), float32). Environment is clipping to space
[WARNING]: Received an action [0.41982541 0.57318213 0.52887215 0.38803975 0.48880479] that was outside action space Box(0.0, 1.0, (5,), float32). Environment is clipping to space
[WARNING]: Received an action [0.45873988 0.39722383 0.29887271 0.5112767  0.44233415] that was outside action space Box(0.0, 1.0, (5,), float32). Environment is clipping to space
[WARNING]: Received an action [0.61348202 0.36566187 0.26944598 0.44159534 0.34959098] that was outside action space Box(0.0, 1.0, (5,), float32). Environment is clipping to space
[WARNING]: Received an action [0.73586777 0.42875419 0.59639583 0.22106566 0.39816887] that was outside action space Box(0.0, 1.0, (5,), float32). Environment is clipping to space
[WARNING]: Received an action [0.61624462 0.55389616 0.42403151 0.41502158 0.34603495] that was outside action space Box(0.0, 1.0, (5,), float32). Environment is clipping to space
[WARNING]: Received an action [0.57705937 0.51571711 0.4667032  0.37403501 0.46924382] that was outside action space Box(0.0, 1.0, (5,), float32). Environment is clipping to space
[WARNING]: Received an action [0.60155161 0.27533569 0.56514992 0.42067091 0.45479139] that was outside action space Box(0.0, 1.0, (5,), float32). Environment is clipping to space
[WARNING]: Received an action [0.40131643 0.46267895 0.60660235 0.56483245 0.43143178] that was outside action space Box(0.0, 1.0, (5,), float32). Environment is clipping to space
[WARNING]: Received an action [0.52439554 0.4055055  0.5978538  0.32670335 0.3395827 ] that was outside action space Box(0.0, 1.0, (5,), float32). Environment is clipping to space
[WARNING]: Received an action [0.56050302 0.5926615  0.44080127 0.47672299 0.41873785] that was outside action space Box(0.0, 1.0, (5,), float32). Environment is clipping to space
[WARNING]: Received an action [0.51034766 0.45013976 0.61303438 0.51294632 0.42897452] that was outside action space Box(0.0, 1.0, (5,), float32). Environment is clipping to space
[WARNING]: Received an action [0.50449894 0.5980489  0.53323053 0.40308563 0.34233434] that was outside action space Box(0.0, 1.0, (5,), float32). Environment is clipping to space
[WARNING]: Received an action [0.33060688 0.51239872 0.54742503 0.28792185 0.40132313] that was outside action space Box(0.0, 1.0, (5,), float32). Environment is clipping to space
[WARNING]: Received an action [0.58766397 0.44578341 0.30744021 0.5535402  0.4286267 ] that was outside action space Box(0.0, 1.0, (5,), float32). Environment is clipping to space
[WARNING]: Received an action [0.42523764 0.43193325 0.47193017 0.54790919 0.39207157] that was outside action space Box(0.0, 1.0, (5,), float32). Environment is clipping to space
[WARNING]: Received an action [0.55812588 0.43403224 0.58526269 0.45880572 0.70893213] that was outside action space Box(0.0, 1.0, (5,), float32). Environment is clipping to space
[WARNING]: Received an action [0.62949731 0.53653491 0.41139621 0.61594686 0.41556081] that was outside action space Box(0.0, 1.0, (5,), float32). Environment is clipping to space
[WARNING]: Received an action [0.43399569 0.43607205 0.57377487 0.493511   0.33364966] that was outside action space Box(0.0, 1.0, (5,), float32). Environment is clipping to space
[WARNING]: Received an action [0.64296359 0.39653104 0.57598503 0.41980493 0.37892662] that was outside action space Box(0.0, 1.0, (5,), float32). Environment is clipping to space
[WARNING]: Received an action [0.68872062 0.4815784  0.55428435 0.46796834 0.39143092] that was outside action space Box(0.0, 1.0, (5,), float32). Environment is clipping to space
[WARNING]: Received an action [0.41360035 0.37038066 0.36660186 0.42316372 0.4732301 ] that was outside action space Box(0.0, 1.0, (5,), float32). Environment is clipping to space
[WARNING]: Received an action [0.46417592 0.25116888 0.53038119 0.42957245 0.69100485] that was outside action space Box(0.0, 1.0, (5,), float32). Environment is clipping to space
[WARNING]: Received an action [0.69232761 0.51392135 0.42781972 0.54312989 0.53563347] that was outside action space Box(0.0, 1.0, (5,), float32). Environment is clipping to space
[WARNING]: Received an action [0.4894543  0.70403613 0.57218673 0.67362312 0.49747261] that was outside action space Box(0.0, 1.0, (5,), float32). Environment is clipping to space
[WARNING]: Received an action [0.51606992 0.46942694 0.46478157 0.37492305 0.45870633] that was outside action space Box(0.0, 1.0, (5,), float32). Environment is clipping to space
[WARNING]: Received an action [0.69866642 0.64349644 0.35340658 0.49266315 0.42772348] that was outside action space Box(0.0, 1.0, (5,), float32). Environment is clipping to space
[WARNING]: Received an action [0.46584146 0.50190928 0.41753563 0.47269436 0.44266524] that was outside action space Box(0.0, 1.0, (5,), float32). Environment is clipping to space
[WARNING]: Received an action [0.59377026 0.51799452 0.64126575 0.42428041 0.716583  ] that was outside action space Box(0.0, 1.0, (5,), float32). Environment is clipping to space
[WARNING]: Received an action [0.56786153 0.56043668 0.44424672 0.4710231  0.2702712 ] that was outside action space Box(0.0, 1.0, (5,), float32). Environment is clipping to space
[WARNING]: Received an action [0.49759039 0.43993787 0.35742694 0.52101774 0.59778996] that was outside action space Box(0.0, 1.0, (5,), float32). Environment is clipping to space
[WARNING]: Received an action [0.57633316 0.68922396 0.46819821 0.32526541 0.54196506] that was outside action space Box(0.0, 1.0, (5,), float32). Environment is clipping to space
[WARNING]: Received an action [0.61204213 0.59609485 0.36101551 0.48351653 0.4796359 ] that was outside action space Box(0.0, 1.0, (5,), float32). Environment is clipping to space
[WARNING]: Received an action [0.55547207 0.38788281 0.5098743  0.60271437 0.64728955] that was outside action space Box(0.0, 1.0, (5,), float32). Environment is clipping to space
[WARNING]: Received an action [0.22077708 0.61482931 0.64986721 0.4177974  0.40315889] that was outside action space Box(0.0, 1.0, (5,), float32). Environment is clipping to space
[WARNING]: Received an action [0.59633271 0.62556274 0.38315836 0.60839903 0.36485425] that was outside action space Box(0.0, 1.0, (5,), float32). Environment is clipping to space
[WARNING]: Received an action [0.55218725 0.357913   0.46983198 0.54761821 0.45246163] that was outside action space Box(0.0, 1.0, (5,), float32). Environment is clipping to space
[WARNING]: Received an action [0.70864798 0.46463118 0.50884235 0.46031041 0.51900331] that was outside action space Box(0.0, 1.0, (5,), float32). Environment is clipping to space
[WARNING]: Received an action [0.49533745 0.54382305 0.47748642 0.33480818 0.61909999] that was outside action space Box(0.0, 1.0, (5,), float32). Environment is clipping to space
[WARNING]: Received an action [0.32144856 0.46281904 0.21779221 0.40125489 0.40758288] that was outside action space Box(0.0, 1.0, (5,), float32). Environment is clipping to space
[WARNING]: Received an action [0.65371226 0.38274695 0.61946308 0.57936196 0.52617476] that was outside action space Box(0.0, 1.0, (5,), float32). Environment is clipping to space
[WARNING]: Received an action [0.79239163 0.60675883 0.45447724 0.53117292 0.50700709] that was outside action space Box(0.0, 1.0, (5,), float32). Environment is clipping to space
[WARNING]: Received an action [0.57966178 0.40744579 0.47376298 0.55960308 0.58726901] that was outside action space Box(0.0, 1.0, (5,), float32). Environment is clipping to space
[WARNING]: Received an action [0.62758075 0.27159389 0.5100834  0.33258198 0.46430141] that was outside action space Box(0.0, 1.0, (5,), float32). Environment is clipping to space
[WARNING]: Received an action [0.55415788 0.56101184 0.31270998 0.20840944 0.4710553 ] that was outside action space Box(0.0, 1.0, (5,), float32). Environment is clipping to space
[WARNING]: Received an action [0.57988716 0.48492351 0.46067584 0.4496206  0.37165493] that was outside action space Box(0.0, 1.0, (5,), float32). Environment is clipping to space
[WARNING]: Received an action [0.54490977 0.6863235  0.5035354  0.47245992 0.49059726] that was outside action space Box(0.0, 1.0, (5,), float32). Environment is clipping to space
[WARNING]: Received an action [0.35683557 0.4865326  0.44211998 0.56304984 0.46107797] that was outside action space Box(0.0, 1.0, (5,), float32). Environment is clipping to space
[WARNING]: Received an action [0.41479244 0.27456936 0.62783485 0.6453832  0.44917871] that was outside action space Box(0.0, 1.0, (5,), float32). Environment is clipping to space
[WARNING]: Received an action [0.42382383 0.43654079 0.62717496 0.48457493 0.32685859] that was outside action space Box(0.0, 1.0, (5,), float32). Environment is clipping to space
[WARNING]: Received an action [0.49094277 0.58595589 0.39945976 0.54607825 0.49776678] that was outside action space Box(0.0, 1.0, (5,), float32). Environment is clipping to space
[WARNING]: Received an action [0.53004985 0.5782693  0.46522862 0.60005588 0.54592903] that was outside action space Box(0.0, 1.0, (5,), float32). Environment is clipping to space
[WARNING]: Received an action [0.47009931 0.48368686 0.6659206  0.61776382 0.56497887] that was outside action space Box(0.0, 1.0, (5,), float32). Environment is clipping to space
[WARNING]: Received an action [0.58948298 0.57595463 0.50536595 0.38793004 0.46158066] that was outside action space Box(0.0, 1.0, (5,), float32). Environment is clipping to space
[WARNING]: Received an action [0.50653172 0.4070209  0.41018858 0.51267386 0.68409495] that was outside action space Box(0.0, 1.0, (5,), float32). Environment is clipping to space
[WARNING]: Received an action [0.55786621 0.39529966 0.33029465 0.53920331 0.61066985] that was outside action space Box(0.0, 1.0, (5,), float32). Environment is clipping to space
[WARNING]: Received an action [0.5123279  0.37370415 0.65928237 0.45042863 0.51302851] that was outside action space Box(0.0, 1.0, (5,), float32). Environment is clipping to space
[WARNING]: Received an action [0.56765089 0.61064515 0.50574259 0.69627773 0.31166627] that was outside action space Box(0.0, 1.0, (5,), float32). Environment is clipping to space
[WARNING]: Received an action [0.3093892  0.25617605 0.54454096 0.36553061 0.2850381 ] that was outside action space Box(0.0, 1.0, (5,), float32). Environment is clipping to space
[WARNING]: Received an action [0.40773761 0.62616319 0.44445455 0.53436287 0.55411008] that was outside action space Box(0.0, 1.0, (5,), float32). Environment is clipping to space
[WARNING]: Received an action [0.60600869 0.41550642 0.57999574 0.36863542 0.33071873] that was outside action space Box(0.0, 1.0, (5,), float32). Environment is clipping to space
[WARNING]: Received an action [0.57070537 0.61585586 0.49349759 0.40200532 0.45312171] that was outside action space Box(0.0, 1.0, (5,), float32). Environment is clipping to space
[WARNING]: Received an action [0.67813919 0.50536785 0.23735757 0.37106549 0.5344545 ] that was outside action space Box(0.0, 1.0, (5,), float32). Environment is clipping to space
[WARNING]: Received an action [0.46014875 0.10835434 0.45139635 0.64710405 0.3681216 ] that was outside action space Box(0.0, 1.0, (5,), float32). Environment is clipping to space
[WARNING]: Received an action [0.35840599 0.43868709 0.68345442 0.52034185 0.77409649] that was outside action space Box(0.0, 1.0, (5,), float32). Environment is clipping to space
[WARNING]: Received an action [0.65681872 0.38122271 0.41352462 0.54626588 0.42461923] that was outside action space Box(0.0, 1.0, (5,), float32). Environment is clipping to space
[WARNING]: Received an action [0.61729917 0.4604801  0.4996092  0.49027047 0.36111923] that was outside action space Box(0.0, 1.0, (5,), float32). Environment is clipping to space
[WARNING]: Received an action [0.56461352 0.47101693 0.48335963 0.65873641 0.55124224] that was outside action space Box(0.0, 1.0, (5,), float32). Environment is clipping to space
[WARNING]: Received an action [0.56444391 0.40531122 0.40586079 0.2856578  0.51178678] that was outside action space Box(0.0, 1.0, (5,), float32). Environment is clipping to space
[WARNING]: Received an action [0.52840073 0.5477565  0.47692617 0.74102866 0.52372577] that was outside action space Box(0.0, 1.0, (5,), float32). Environment is clipping to space
[WARNING]: Received an action [0.34728532 0.54812829 0.35263885 0.60751455 0.41656651] that was outside action space Box(0.0, 1.0, (5,), float32). Environment is clipping to space
[WARNING]: Received an action [0.39542283 0.60938198 0.39401158 0.4071767  0.55990887] that was outside action space Box(0.0, 1.0, (5,), float32). Environment is clipping to space
[WARNING]: Received an action [0.67739583 0.52086481 0.63797436 0.57737611 0.49407776] that was outside action space Box(0.0, 1.0, (5,), float32). Environment is clipping to space
[WARNING]: Received an action [0.62635869 0.50915192 0.41719327 0.64379023 0.42125   ] that was outside action space Box(0.0, 1.0, (5,), float32). Environment is clipping to space
[WARNING]: Received an action [0.42464737 0.69496612 0.38490307 0.5559025  0.41793286] that was outside action space Box(0.0, 1.0, (5,), float32). Environment is clipping to space
[WARNING]: Received an action [0.50176036 0.33118448 0.33069935 0.54273985 0.47908615] that was outside action space Box(0.0, 1.0, (5,), float32). Environment is clipping to space
[WARNING]: Received an action [0.58150327 0.45090282 0.51410449 0.35625978 0.71613704] that was outside action space Box(0.0, 1.0, (5,), float32). Environment is clipping to space
[WARNING]: Received an action [0.50808261 0.5715983  0.41791941 0.46701905 0.41486856] that was outside action space Box(0.0, 1.0, (5,), float32). Environment is clipping to space
[WARNING]: Received an action [0.46946748 0.34293736 0.63243309 0.26195377 0.59552693] that was outside action space Box(0.0, 1.0, (5,), float32). Environment is clipping to space
[WARNING]: Received an action [0.5336459  0.47475042 0.53676985 0.60110798 0.73045011] that was outside action space Box(0.0, 1.0, (5,), float32). Environment is clipping to space
[WARNING]: Received an action [0.41711658 0.46784076 0.42907065 0.40640548 0.53461542] that was outside action space Box(0.0, 1.0, (5,), float32). Environment is clipping to space
[WARNING]: Received an action [0.45250863 0.42074112 0.49704903 0.38030848 0.39816805] that was outside action space Box(0.0, 1.0, (5,), float32). Environment is clipping to space
[WARNING]: Received an action [0.55169544 0.40185833 0.5568165  0.49750938 0.4432247 ] that was outside action space Box(0.0, 1.0, (5,), float32). Environment is clipping to space
[WARNING]: Received an action [0.53315563 0.59687259 0.46602038 0.38770246 0.4101123 ] that was outside action space Box(0.0, 1.0, (5,), float32). Environment is clipping to space
[WARNING]: Received an action [0.53307008 0.37854326 0.35698088 0.51549204 0.4367305 ] that was outside action space Box(0.0, 1.0, (5,), float32). Environment is clipping to space
[WARNING]: Received an action [0.50135988 0.51882222 0.554389   0.59273169 0.660383  ] that was outside action space Box(0.0, 1.0, (5,), float32). Environment is clipping to space
[WARNING]: Received an action [0.36570967 0.4368034  0.35856225 0.46833745 0.29910104] that was outside action space Box(0.0, 1.0, (5,), float32). Environment is clipping to space
[WARNING]: Received an action [0.62336483 0.37269394 0.63804823 0.62487393 0.48318467] that was outside action space Box(0.0, 1.0, (5,), float32). Environment is clipping to space
[WARNING]: Received an action [0.44814104 0.64420678 0.3564044  0.50964712 0.59165582] that was outside action space Box(0.0, 1.0, (5,), float32). Environment is clipping to space
[WARNING]: Received an action [0.47347075 0.50113559 0.45202496 0.75663431 0.52044706] that was outside action space Box(0.0, 1.0, (5,), float32). Environment is clipping to space
[WARNING]: Received an action [0.57270159 0.58754767 0.43709148 0.77159588 0.5124198 ] that was outside action space Box(0.0, 1.0, (5,), float32). Environment is clipping to space
[WARNING]: Received an action [0.5479993  0.33482018 0.54398007 0.45214052 0.61806453] that was outside action space Box(0.0, 1.0, (5,), float32). Environment is clipping to space
[WARNING]: Received an action [0.52932605 0.57166752 0.38272417 0.44236238 0.54135845] that was outside action space Box(0.0, 1.0, (5,), float32). Environment is clipping to space
[WARNING]: Received an action [0.52789249 0.43085621 0.47032346 0.59093031 0.59600454] that was outside action space Box(0.0, 1.0, (5,), float32). Environment is clipping to space
[WARNING]: Received an action [0.33918299 0.7038924  0.63962531 0.53895549 0.32003727] that was outside action space Box(0.0, 1.0, (5,), float32). Environment is clipping to space
[WARNING]: Received an action [0.50723425 0.58311464 0.33158936 0.44839092 0.58928003] that was outside action space Box(0.0, 1.0, (5,), float32). Environment is clipping to space
[WARNING]: Received an action [0.63331608 0.45734126 0.43507503 0.33054903 0.4219112 ] that was outside action space Box(0.0, 1.0, (5,), float32). Environment is clipping to space
[WARNING]: Received an action [0.38866381 0.57578497 0.59279981 0.67718608 0.62194407] that was outside action space Box(0.0, 1.0, (5,), float32). Environment is clipping to space
[WARNING]: Received an action [0.65226834 0.4685114  0.35527965 0.5240786  0.44728068] that was outside action space Box(0.0, 1.0, (5,), float32). Environment is clipping to space
[WARNING]: Received an action [0.64012479 0.64158555 0.58960349 0.51430731 0.50803648] that was outside action space Box(0.0, 1.0, (5,), float32). Environment is clipping to space
[WARNING]: Received an action [0.60378722 0.4059886  0.36959522 0.48880919 0.50910381] that was outside action space Box(0.0, 1.0, (5,), float32). Environment is clipping to space
[WARNING]: Received an action [0.57596926 0.48639508 0.4569126  0.33793255 0.47024376] that was outside action space Box(0.0, 1.0, (5,), float32). Environment is clipping to space
[WARNING]: Received an action [0.41784038 0.58938685 0.62375335 0.60781038 0.45402905] that was outside action space Box(0.0, 1.0, (5,), float32). Environment is clipping to space
[WARNING]: Received an action [0.53412293 0.35358785 0.49596588 0.4786075  0.77849203] that was outside action space Box(0.0, 1.0, (5,), float32). Environment is clipping to space
[WARNING]: Received an action [0.43443496 0.57385195 0.33896803 0.44433162 0.55067775] that was outside action space Box(0.0, 1.0, (5,), float32). Environment is clipping to space
[WARNING]: Received an action [0.45660257 0.55556961 0.48233163 0.41071599 0.28356193] that was outside action space Box(0.0, 1.0, (5,), float32). Environment is clipping to space
[WARNING]: Received an action [0.53514584 0.4798478  0.51005361 0.53898963 0.59539067] that was outside action space Box(0.0, 1.0, (5,), float32). Environment is clipping to space
[WARNING]: Received an action [0.43731406 0.70596052 0.49845147 0.62615407 0.47570886] that was outside action space Box(0.0, 1.0, (5,), float32). Environment is clipping to space
[WARNING]: Received an action [0.69746282 0.48166192 0.41316344 0.66455576 0.44554647] that was outside action space Box(0.0, 1.0, (5,), float32). Environment is clipping to space
[WARNING]: Received an action [0.60311162 0.45647537 0.36343387 0.45509137 0.44589066] that was outside action space Box(0.0, 1.0, (5,), float32). Environment is clipping to space
[WARNING]: Received an action [0.51593823 0.67814577 0.41017469 0.51537386 0.52206695] that was outside action space Box(0.0, 1.0, (5,), float32). Environment is clipping to space
[WARNING]: Received an action [0.55592745 0.40813755 0.57204816 0.5985577  0.47478979] that was outside action space Box(0.0, 1.0, (5,), float32). Environment is clipping to space
[WARNING]: Received an action [0.50579636 0.65813092 0.62082115 0.50718141 0.58194651] that was outside action space Box(0.0, 1.0, (5,), float32). Environment is clipping to space
[WARNING]: Received an action [0.5547172  0.5348474  0.30486873 0.54314523 0.62420813] that was outside action space Box(0.0, 1.0, (5,), float32). Environment is clipping to space
[WARNING]: Received an action [0.5101171  0.64446609 0.61206145 0.47255815 0.51947543] that was outside action space Box(0.0, 1.0, (5,), float32). Environment is clipping to space
[WARNING]: Received an action [0.47813381 0.68019217 0.38427657 0.61082931 0.56177272] that was outside action space Box(0.0, 1.0, (5,), float32). Environment is clipping to space
[WARNING]: Received an action [0.35614443 0.5750292  0.61107587 0.48478005 0.48550383] that was outside action space Box(0.0, 1.0, (5,), float32). Environment is clipping to space
[WARNING]: Received an action [0.46338399 0.37091589 0.52258986 0.47973779 0.42403928] that was outside action space Box(0.0, 1.0, (5,), float32). Environment is clipping to space
[WARNING]: Received an action [0.60867068 0.58284509 0.3928582  0.5906773  0.69737438] that was outside action space Box(0.0, 1.0, (5,), float32). Environment is clipping to space
[WARNING]: Received an action [0.59489785 0.51248681 0.33121224 0.50471798 0.5145964 ] that was outside action space Box(0.0, 1.0, (5,), float32). Environment is clipping to space
[WARNING]: Received an action [0.29664095 0.61542628 0.46935558 0.47099249 0.3898353 ] that was outside action space Box(0.0, 1.0, (5,), float32). Environment is clipping to space
[WARNING]: Received an action [0.6428669  0.41267361 0.59649921 0.40696473 0.45648879] that was outside action space Box(0.0, 1.0, (5,), float32). Environment is clipping to space
[WARNING]: Received an action [0.36518054 0.52270976 0.45972327 0.45396638 0.52760428] that was outside action space Box(0.0, 1.0, (5,), float32). Environment is clipping to space
[WARNING]: Received an action [0.41170931 0.4815226  0.40748813 0.45408413 0.3900797 ] that was outside action space Box(0.0, 1.0, (5,), float32). Environment is clipping to space
[WARNING]: Received an action [0.45551515 0.38288951 0.4568573  0.54982744 0.68952392] that was outside action space Box(0.0, 1.0, (5,), float32). Environment is clipping to space
[WARNING]: Received an action [0.29269458 0.73091978 0.34606686 0.52541103 0.28449943] that was outside action space Box(0.0, 1.0, (5,), float32). Environment is clipping to space
[WARNING]: Received an action [0.5266501  0.45634184 0.47529087 0.4504401  0.61269018] that was outside action space Box(0.0, 1.0, (5,), float32). Environment is clipping to space
[WARNING]: Received an action [0.55581368 0.53110053 0.39188459 0.52283098 0.44470224] that was outside action space Box(0.0, 1.0, (5,), float32). Environment is clipping to space
[WARNING]: Received an action [0.39059467 0.65598333 0.34926491 0.42337506 0.54500797] that was outside action space Box(0.0, 1.0, (5,), float32). Environment is clipping to space
[WARNING]: Received an action [0.49017887 0.51439246 0.51611169 0.4886871  0.52116407] that was outside action space Box(0.0, 1.0, (5,), float32). Environment is clipping to space
[WARNING]: Received an action [0.43372099 0.3573898  0.55425266 0.3019683  0.53543993] that was outside action space Box(0.0, 1.0, (5,), float32). Environment is clipping to space
[WARNING]: Received an action [0.41824297 0.66164133 0.54321396 0.32963716 0.4153709 ] that was outside action space Box(0.0, 1.0, (5,), float32). Environment is clipping to space
[WARNING]: Received an action [0.77972805 0.57874194 0.51675482 0.38689785 0.27637581] that was outside action space Box(0.0, 1.0, (5,), float32). Environment is clipping to space
[WARNING]: Received an action [0.68252086 0.31072366 0.50114738 0.53935592 0.52827321] that was outside action space Box(0.0, 1.0, (5,), float32). Environment is clipping to space
[WARNING]: Received an action [0.35743648 0.49452005 0.32731884 0.6488359  0.47955203] that was outside action space Box(0.0, 1.0, (5,), float32). Environment is clipping to space
[WARNING]: Received an action [0.36871311 0.37749063 0.45470601 0.2988497  0.42840671] that was outside action space Box(0.0, 1.0, (5,), float32). Environment is clipping to space
[WARNING]: Received an action [0.33563771 0.60303058 0.56698499 0.35489507 0.78083421] that was outside action space Box(0.0, 1.0, (5,), float32). Environment is clipping to space
[WARNING]: Received an action [0.51291217 0.46233115 0.54430876 0.41808905 0.49033303] that was outside action space Box(0.0, 1.0, (5,), float32). Environment is clipping to space
[WARNING]: Received an action [0.63634033 0.40389012 0.54064838 0.49244855 0.39314106] that was outside action space Box(0.0, 1.0, (5,), float32). Environment is clipping to space
[WARNING]: Received an action [0.38164033 0.46353073 0.5509738  0.54169373 0.64430252] that was outside action space Box(0.0, 1.0, (5,), float32). Environment is clipping to space
[WARNING]: Received an action [0.48209352 0.42863819 0.52644522 0.65687973 0.6348686 ] that was outside action space Box(0.0, 1.0, (5,), float32). Environment is clipping to space
[WARNING]: Received an action [0.54935971 0.59221168 0.41024347 0.45317408 0.33545271] that was outside action space Box(0.0, 1.0, (5,), float32). Environment is clipping to space
[WARNING]: Received an action [0.45957526 0.52963326 0.5391513  0.43959583 0.57594651] that was outside action space Box(0.0, 1.0, (5,), float32). Environment is clipping to space
[WARNING]: Received an action [0.49012305 0.48056823 0.45212732 0.48326399 0.54961749] that was outside action space Box(0.0, 1.0, (5,), float32). Environment is clipping to space
[WARNING]: Received an action [0.64133793 0.57287139 0.42896495 0.50018882 0.36363237] that was outside action space Box(0.0, 1.0, (5,), float32). Environment is clipping to space
[WARNING]: Received an action [0.56783906 0.49125132 0.5034907  0.40535927 0.38140068] that was outside action space Box(0.0, 1.0, (5,), float32). Environment is clipping to space
[WARNING]: Received an action [0.62188933 0.58943401 0.58929135 0.59750337 0.40840846] that was outside action space Box(0.0, 1.0, (5,), float32). Environment is clipping to space
[WARNING]: Received an action [0.49462918 0.51188738 0.57854859 0.57133429 0.31410361] that was outside action space Box(0.0, 1.0, (5,), float32). Environment is clipping to space
[WARNING]: Received an action [0.43389928 0.51123969 0.34407736 0.42720553 0.38710443] that was outside action space Box(0.0, 1.0, (5,), float32). Environment is clipping to space
[WARNING]: Received an action [0.72313861 0.59186994 0.32898557 0.68434475 0.53458231] that was outside action space Box(0.0, 1.0, (5,), float32). Environment is clipping to space
[WARNING]: Received an action [0.44400142 0.34273647 0.28262965 0.45015934 0.27491279] that was outside action space Box(0.0, 1.0, (5,), float32). Environment is clipping to space
[WARNING]: Received an action [0.47410322 0.41593106 0.71807385 0.34392815 0.37834378] that was outside action space Box(0.0, 1.0, (5,), float32). Environment is clipping to space
[WARNING]: Received an action [0.56093049 0.47902669 0.43742591 0.39318003 0.55936774] that was outside action space Box(0.0, 1.0, (5,), float32). Environment is clipping to space
[WARNING]: Received an action [0.79127946 0.49075595 0.45842471 0.590044   0.52480366] that was outside action space Box(0.0, 1.0, (5,), float32). Environment is clipping to space
[WARNING]: Received an action [0.60579511 0.38254296 0.53502123 0.41642464 0.43092074] that was outside action space Box(0.0, 1.0, (5,), float32). Environment is clipping to space
[WARNING]: Received an action [0.42917184 0.51374653 0.35172915 0.54903594 0.27452021] that was outside action space Box(0.0, 1.0, (5,), float32). Environment is clipping to space
[WARNING]: Received an action [0.43035499 0.61361655 0.38367957 0.53059393 0.46397797] that was outside action space Box(0.0, 1.0, (5,), float32). Environment is clipping to space
[WARNING]: Received an action [0.45376415 0.38538901 0.56887692 0.48601358 0.34768363] that was outside action space Box(0.0, 1.0, (5,), float32). Environment is clipping to space
[WARNING]: Received an action [0.54136254 0.48449995 0.49830968 0.47163639 0.37646319] that was outside action space Box(0.0, 1.0, (5,), float32). Environment is clipping to space
[WARNING]: Received an action [0.53074537 0.50367829 0.74464368 0.62389387 0.36969611] that was outside action space Box(0.0, 1.0, (5,), float32). Environment is clipping to space
[WARNING]: Received an action [0.3833902  0.51854323 0.53166709 0.38127226 0.5064812 ] that was outside action space Box(0.0, 1.0, (5,), float32). Environment is clipping to space
[WARNING]: Received an action [0.54432673 0.35682372 0.46085222 0.7443711  0.52493934] that was outside action space Box(0.0, 1.0, (5,), float32). Environment is clipping to space
[WARNING]: Received an action [0.62323826 0.44001783 0.35748934 0.3897545  0.43155371] that was outside action space Box(0.0, 1.0, (5,), float32). Environment is clipping to space
[WARNING]: Received an action [0.57350326 0.61948408 0.63974878 0.33736994 0.54907469] that was outside action space Box(0.0, 1.0, (5,), float32). Environment is clipping to space
[WARNING]: Received an action [0.58977787 0.5011928  0.39269041 0.56653823 0.41837632] that was outside action space Box(0.0, 1.0, (5,), float32). Environment is clipping to space
[WARNING]: Received an action [0.69347684 0.44781473 0.46418171 0.28660764 0.49210716] that was outside action space Box(0.0, 1.0, (5,), float32). Environment is clipping to space
[WARNING]: Received an action [0.43470717 0.45932634 0.44327132 0.39632882 0.51003008] that was outside action space Box(0.0, 1.0, (5,), float32). Environment is clipping to space
[WARNING]: Received an action [0.61968085 0.35500856 0.40880396 0.44557089 0.53404821] that was outside action space Box(0.0, 1.0, (5,), float32). Environment is clipping to space
[WARNING]: Received an action [0.43193097 0.51065442 0.4189616  0.36516312 0.32599044] that was outside action space Box(0.0, 1.0, (5,), float32). Environment is clipping to space
[WARNING]: Received an action [0.55528692 0.43548022 0.57010625 0.47175806 0.74169449] that was outside action space Box(0.0, 1.0, (5,), float32). Environment is clipping to space
[WARNING]: Received an action [0.50525855 0.47399467 0.54947697 0.55023983 0.45350224] that was outside action space Box(0.0, 1.0, (5,), float32). Environment is clipping to space
[WARNING]: Received an action [0.37964317 0.52261292 0.26149768 0.23529788 0.48870095] that was outside action space Box(0.0, 1.0, (5,), float32). Environment is clipping to space
[WARNING]: Received an action [0.48810896 0.38362155 0.49921978 0.52520895 0.5023202 ] that was outside action space Box(0.0, 1.0, (5,), float32). Environment is clipping to space
[WARNING]: Received an action [0.69873206 0.66146682 0.27520372 0.41141194 0.59475141] that was outside action space Box(0.0, 1.0, (5,), float32). Environment is clipping to space
[WARNING]: Received an action [0.58599833 0.55751926 0.49449653 0.51202381 0.41490069] that was outside action space Box(0.0, 1.0, (5,), float32). Environment is clipping to space
[WARNING]: Received an action [0.49825319 0.49177103 0.43585316 0.59082735 0.25805319] that was outside action space Box(0.0, 1.0, (5,), float32). Environment is clipping to space
[WARNING]: Received an action [0.59168974 0.46747514 0.34732843 0.56026559 0.54375845] that was outside action space Box(0.0, 1.0, (5,), float32). Environment is clipping to space
[WARNING]: Received an action [0.52404963 0.57146581 0.47501461 0.54783511 0.48073158] that was outside action space Box(0.0, 1.0, (5,), float32). Environment is clipping to space
[WARNING]: Received an action [0.46287943 0.47469384 0.42160977 0.46054848 0.47641922] that was outside action space Box(0.0, 1.0, (5,), float32). Environment is clipping to space
[WARNING]: Received an action [0.42239956 0.61488672 0.32581325 0.55380612 0.38268536] that was outside action space Box(0.0, 1.0, (5,), float32). Environment is clipping to space
[WARNING]: Received an action [0.37494319 0.60398329 0.33009112 0.3391595  0.25831021] that was outside action space Box(0.0, 1.0, (5,), float32). Environment is clipping to space
[WARNING]: Received an action [0.42227868 0.41466244 0.49891338 0.63106348 0.4229435 ] that was outside action space Box(0.0, 1.0, (5,), float32). Environment is clipping to space
[WARNING]: Received an action [0.5185391  0.53109463 0.29945781 0.6386297  0.54101095] that was outside action space Box(0.0, 1.0, (5,), float32). Environment is clipping to space
[WARNING]: Received an action [0.71084182 0.39446804 0.48826719 0.31425799 0.5539914 ] that was outside action space Box(0.0, 1.0, (5,), float32). Environment is clipping to space
[WARNING]: Received an action [0.5647305  0.52978814 0.60696715 0.59564314 0.5808608 ] that was outside action space Box(0.0, 1.0, (5,), float32). Environment is clipping to space
[WARNING]: Received an action [0.4574531  0.48040662 0.46230805 0.32618434 0.46797449] that was outside action space Box(0.0, 1.0, (5,), float32). Environment is clipping to space
[WARNING]: Received an action [0.6422353  0.47182001 0.54613395 0.49012568 0.44012644] that was outside action space Box(0.0, 1.0, (5,), float32). Environment is clipping to space
[WARNING]: Received an action [0.6271113  0.4312936  0.543497   0.42158689 0.33399682] that was outside action space Box(0.0, 1.0, (5,), float32). Environment is clipping to space
[WARNING]: Received an action [0.61040937 0.41277884 0.47740244 0.42860334 0.55159217] that was outside action space Box(0.0, 1.0, (5,), float32). Environment is clipping to space
[WARNING]: Received an action [0.49632586 0.55736057 0.50950493 0.3209685  0.50284949] that was outside action space Box(0.0, 1.0, (5,), float32). Environment is clipping to space
[WARNING]: Received an action [0.5154468  0.4653028  0.61623247 0.46730952 0.51460692] that was outside action space Box(0.0, 1.0, (5,), float32). Environment is clipping to space
[WARNING]: Received an action [0.47912601 0.59812583 0.56593584 0.4848964  0.59610074] that was outside action space Box(0.0, 1.0, (5,), float32). Environment is clipping to space
[WARNING]: Received an action [0.56372056 0.3768996  0.53504754 0.38283251 0.397978  ] that was outside action space Box(0.0, 1.0, (5,), float32). Environment is clipping to space
[WARNING]: Received an action [0.47282544 0.47275134 0.56158014 0.46122445 0.67365814] that was outside action space Box(0.0, 1.0, (5,), float32). Environment is clipping to space
[WARNING]: Received an action [0.47993775 0.39887148 0.36887559 0.4637459  0.49612746] that was outside action space Box(0.0, 1.0, (5,), float32). Environment is clipping to space
[WARNING]: Received an action [0.60866513 0.57563363 0.55006552 0.38481758 0.36191598] that was outside action space Box(0.0, 1.0, (5,), float32). Environment is clipping to space
[WARNING]: Received an action [0.47570125 0.51500934 0.31581286 0.5502617  0.71408622] that was outside action space Box(0.0, 1.0, (5,), float32). Environment is clipping to space
[WARNING]: Received an action [0.78883578 0.53329349 0.40226823 0.44791793 0.62622646] that was outside action space Box(0.0, 1.0, (5,), float32). Environment is clipping to space
[WARNING]: Received an action [0.45574713 0.59416024 0.54131346 0.37064615 0.356787  ] that was outside action space Box(0.0, 1.0, (5,), float32). Environment is clipping to space
[WARNING]: Received an action [0.52493634 0.4232989  0.38468551 0.39071947 0.49483792] that was outside action space Box(0.0, 1.0, (5,), float32). Environment is clipping to space
[WARNING]: Received an action [0.61849981 0.54544944 0.34515882 0.52832639 0.49275195] that was outside action space Box(0.0, 1.0, (5,), float32). Environment is clipping to space
[WARNING]: Received an action [0.50733785 0.32518353 0.43959719 0.46490208 0.54856368] that was outside action space Box(0.0, 1.0, (5,), float32). Environment is clipping to space
[WARNING]: Received an action [0.66198345 0.69309808 0.46746408 0.35527248 0.35738747] that was outside action space Box(0.0, 1.0, (5,), float32). Environment is clipping to space
[WARNING]: Received an action [0.43851582 0.509482   0.51478186 0.57370974 0.51156672] that was outside action space Box(0.0, 1.0, (5,), float32). Environment is clipping to space
[WARNING]: Received an action [0.59117585 0.38694956 0.35118917 0.52638788 0.55032358] that was outside action space Box(0.0, 1.0, (5,), float32). Environment is clipping to space
[WARNING]: Received an action [0.58915956 0.52469087 0.63549103 0.31858834 0.76012457] that was outside action space Box(0.0, 1.0, (5,), float32). Environment is clipping to space
[WARNING]: Received an action [0.39968898 0.64461649 0.38154087 0.34586055 0.41527062] that was outside action space Box(0.0, 1.0, (5,), float32). Environment is clipping to space
[WARNING]: Received an action [0.28838644 0.47534991 0.45320166 0.5674828  0.44145982] that was outside action space Box(0.0, 1.0, (5,), float32). Environment is clipping to space
[WARNING]: Received an action [0.47520833 0.51912366 0.47399559 0.53675381 0.45763934] that was outside action space Box(0.0, 1.0, (5,), float32). Environment is clipping to space
[WARNING]: Received an action [0.51330185 0.41558105 0.77176686 0.39379536 0.56325951] that was outside action space Box(0.0, 1.0, (5,), float32). Environment is clipping to space
[WARNING]: Received an action [0.64462256 0.4051046  0.44473322 0.3095167  0.34728303] that was outside action space Box(0.0, 1.0, (5,), float32). Environment is clipping to space
[WARNING]: Received an action [0.55870935 0.71730115 0.48963796 0.38409375 0.59066039] that was outside action space Box(0.0, 1.0, (5,), float32). Environment is clipping to space
[WARNING]: Received an action [0.4275019  0.69972502 0.4978094  0.71450361 0.61483477] that was outside action space Box(0.0, 1.0, (5,), float32). Environment is clipping to space
[WARNING]: Received an action [0.52011113 0.4637343  0.43551303 0.6328635  0.3136844 ] that was outside action space Box(0.0, 1.0, (5,), float32). Environment is clipping to space
[WARNING]: Received an action [0.47020261 0.49543772 0.44877972 0.6166119  0.69578413] that was outside action space Box(0.0, 1.0, (5,), float32). Environment is clipping to space
[WARNING]: Received an action [0.41855961 0.55117062 0.40538017 0.51049181 0.31743489] that was outside action space Box(0.0, 1.0, (5,), float32). Environment is clipping to space
[WARNING]: Received an action [0.48420924 0.31410459 0.60910124 0.49988584 0.49006168] that was outside action space Box(0.0, 1.0, (5,), float32). Environment is clipping to space
[WARNING]: Received an action [0.43998157 0.56907771 0.52748656 0.44842767 0.62480123] that was outside action space Box(0.0, 1.0, (5,), float32). Environment is clipping to space
[WARNING]: Received an action [0.62105034 0.49598795 0.33116822 0.50128095 0.40526788] that was outside action space Box(0.0, 1.0, (5,), float32). Environment is clipping to space
[WARNING]: Received an action [0.39475394 0.39722117 0.55614011 0.52498965 0.67382209] that was outside action space Box(0.0, 1.0, (5,), float32). Environment is clipping to space
[WARNING]: Received an action [0.40365007 0.52032095 0.46304294 0.40829287 0.60409205] that was outside action space Box(0.0, 1.0, (5,), float32). Environment is clipping to space
[WARNING]: Received an action [0.67408503 0.36764862 0.34237212 0.53242656 0.35374898] that was outside action space Box(0.0, 1.0, (5,), float32). Environment is clipping to space
[WARNING]: Received an action [0.42485704 0.37619983 0.54321225 0.47849325 0.65849238] that was outside action space Box(0.0, 1.0, (5,), float32). Environment is clipping to space
[WARNING]: Received an action [0.46700679 0.50647148 0.53039104 0.54062502 0.5564949 ] that was outside action space Box(0.0, 1.0, (5,), float32). Environment is clipping to space
[WARNING]: Received an action [0.59317822 0.39171084 0.61814386 0.25702319 0.48718386] that was outside action space Box(0.0, 1.0, (5,), float32). Environment is clipping to space
[WARNING]: Received an action [0.55441972 0.44745024 0.29590859 0.48806645 0.32754054] that was outside action space Box(0.0, 1.0, (5,), float32). Environment is clipping to space
[WARNING]: Received an action [0.60226632 0.28806769 0.38734516 0.40831498 0.4167099 ] that was outside action space Box(0.0, 1.0, (5,), float32). Environment is clipping to space
[WARNING]: Received an action [0.53573152 0.39380335 0.33227749 0.43198994 0.35763369] that was outside action space Box(0.0, 1.0, (5,), float32). Environment is clipping to space
[WARNING]: Received an action [0.4973283  0.32483735 0.60927791 0.58541517 0.46032262] that was outside action space Box(0.0, 1.0, (5,), float32). Environment is clipping to space
[WARNING]: Received an action [0.61902602 0.29765919 0.728625   0.50951786 0.55712287] that was outside action space Box(0.0, 1.0, (5,), float32). Environment is clipping to space
[WARNING]: Received an action [0.51732707 0.44474067 0.39863654 0.49962798 0.45492283] that was outside action space Box(0.0, 1.0, (5,), float32). Environment is clipping to space
[WARNING]: Received an action [0.49023617 0.39261803 0.46684825 0.59652991 0.59683288] that was outside action space Box(0.0, 1.0, (5,), float32). Environment is clipping to space
[WARNING]: Received an action [0.50567877 0.60550577 0.40579035 0.49542377 0.61499645] that was outside action space Box(0.0, 1.0, (5,), float32). Environment is clipping to space
[WARNING]: Received an action [0.44405438 0.52482774 0.29992762 0.48318275 0.6192842 ] that was outside action space Box(0.0, 1.0, (5,), float32). Environment is clipping to space
[WARNING]: Received an action [0.43565636 0.35644676 0.55000596 0.66918272 0.27294451] that was outside action space Box(0.0, 1.0, (5,), float32). Environment is clipping to space
[WARNING]: Received an action [0.47498969 0.51601857 0.55241745 0.46588593 0.48004512] that was outside action space Box(0.0, 1.0, (5,), float32). Environment is clipping to space
[WARNING]: Received an action [0.58945571 0.47646662 0.5366618  0.46299939 0.26851542] that was outside action space Box(0.0, 1.0, (5,), float32). Environment is clipping to space
[WARNING]: Received an action [0.52266995 0.41470068 0.53564438 0.54669775 0.29090639] that was outside action space Box(0.0, 1.0, (5,), float32). Environment is clipping to space
[WARNING]: Received an action [0.44607449 0.48044115 0.47184832 0.56961149 0.5586007 ] that was outside action space Box(0.0, 1.0, (5,), float32). Environment is clipping to space
[WARNING]: Received an action [0.43019285 0.51322341 0.3084856  0.58603004 0.40888979] that was outside action space Box(0.0, 1.0, (5,), float32). Environment is clipping to space
[WARNING]: Received an action [0.61500417 0.46449193 0.44801506 0.70952642 0.31013619] that was outside action space Box(0.0, 1.0, (5,), float32). Environment is clipping to space
[WARNING]: Received an action [0.55351323 0.6068111  0.42941512 0.49695221 0.55482349] that was outside action space Box(0.0, 1.0, (5,), float32). Environment is clipping to space
[WARNING]: Received an action [0.51111662 0.45472401 0.37488502 0.50367116 0.56566618] that was outside action space Box(0.0, 1.0, (5,), float32). Environment is clipping to space
[WARNING]: Received an action [0.34204225 0.37775135 0.62204934 0.72044511 0.52253688] that was outside action space Box(0.0, 1.0, (5,), float32). Environment is clipping to space
[WARNING]: Received an action [0.57313764 0.67703406 0.67531883 0.50431768 0.66796579] that was outside action space Box(0.0, 1.0, (5,), float32). Environment is clipping to space
[WARNING]: Received an action [0.54268712 0.29979875 0.442093   0.39836601 0.45423094] that was outside action space Box(0.0, 1.0, (5,), float32). Environment is clipping to space
[WARNING]: Received an action [0.47810322 0.40258288 0.35646341 0.61197079 0.53962123] that was outside action space Box(0.0, 1.0, (5,), float32). Environment is clipping to space
[WARNING]: Received an action [0.65680405 0.41670722 0.69633306 0.47280361 0.43786476] that was outside action space Box(0.0, 1.0, (5,), float32). Environment is clipping to space
[WARNING]: Received an action [0.4914575  0.49277187 0.68198383 0.47725178 0.54327435] that was outside action space Box(0.0, 1.0, (5,), float32). Environment is clipping to space
[WARNING]: Received an action [0.48926839 0.35034654 0.52150656 0.66050037 0.56434032] that was outside action space Box(0.0, 1.0, (5,), float32). Environment is clipping to space
[WARNING]: Received an action [0.4811124  0.43358183 0.5411434  0.57656737 0.51864265] that was outside action space Box(0.0, 1.0, (5,), float32). Environment is clipping to space
[WARNING]: Received an action [0.38875911 0.46508918 0.3760794  0.51936512 0.37127504] that was outside action space Box(0.0, 1.0, (5,), float32). Environment is clipping to space
[WARNING]: Received an action [0.50892259 0.40190438 0.48318574 0.51384509 0.38760898] that was outside action space Box(0.0, 1.0, (5,), float32). Environment is clipping to space
[WARNING]: Received an action [0.46521779 0.52154261 0.28843592 0.50634119 0.53468632] that was outside action space Box(0.0, 1.0, (5,), float32). Environment is clipping to space
[WARNING]: Received an action [0.50741473 0.4801794  0.40523368 0.3419926  0.53424837] that was outside action space Box(0.0, 1.0, (5,), float32). Environment is clipping to space
[WARNING]: Received an action [0.25163387 0.40162683 0.40330193 0.59717555 0.46544417] that was outside action space Box(0.0, 1.0, (5,), float32). Environment is clipping to space
[WARNING]: Received an action [0.51409655 0.33766427 0.65308486 0.51229517 0.40317704] that was outside action space Box(0.0, 1.0, (5,), float32). Environment is clipping to space
[WARNING]: Received an action [0.57848497 0.58594079 0.3404755  0.42359801 0.72544589] that was outside action space Box(0.0, 1.0, (5,), float32). Environment is clipping to space
[WARNING]: Received an action [0.50915883 0.43765527 0.35424845 0.63539378 0.58658294] that was outside action space Box(0.0, 1.0, (5,), float32). Environment is clipping to space
[WARNING]: Received an action [0.38111371 0.51591446 0.49816446 0.648952   0.48552379] that was outside action space Box(0.0, 1.0, (5,), float32). Environment is clipping to space
[WARNING]: Received an action [0.61692978 0.47406154 0.63670162 0.42630681 0.63526449] that was outside action space Box(0.0, 1.0, (5,), float32). Environment is clipping to space
[WARNING]: Received an action [0.60847042 0.40186444 0.52454559 0.64537228 0.45451748] that was outside action space Box(0.0, 1.0, (5,), float32). Environment is clipping to space
[WARNING]: Received an action [0.60825786 0.35903048 0.56718002 0.59102243 0.48147294] that was outside action space Box(0.0, 1.0, (5,), float32). Environment is clipping to space
[WARNING]: Received an action [0.29595226 0.4925107  0.29117008 0.70317551 0.50802258] that was outside action space Box(0.0, 1.0, (5,), float32). Environment is clipping to space
[WARNING]: Received an action [0.49234558 0.58922438 0.58090584 0.67152288 0.40063803] that was outside action space Box(0.0, 1.0, (5,), float32). Environment is clipping to space
[WARNING]: Received an action [0.57343404 0.42767139 0.61684678 0.46109233 0.4530033 ] that was outside action space Box(0.0, 1.0, (5,), float32). Environment is clipping to space
[WARNING]: Received an action [0.56092141 0.54618878 0.34863287 0.4690924  0.41604412] that was outside action space Box(0.0, 1.0, (5,), float32). Environment is clipping to space
[WARNING]: Received an action [0.53414999 0.41304564 0.4174026  0.55228895 0.57794752] that was outside action space Box(0.0, 1.0, (5,), float32). Environment is clipping to space
[WARNING]: Received an action [0.6814744  0.47905904 0.55534228 0.56408615 0.69953978] that was outside action space Box(0.0, 1.0, (5,), float32). Environment is clipping to space
[WARNING]: Received an action [0.55681568 0.32155036 0.38636284 0.44588507 0.54073738] that was outside action space Box(0.0, 1.0, (5,), float32). Environment is clipping to space
[WARNING]: Received an action [0.57875519 0.4020552  0.50180376 0.66601505 0.33748141] that was outside action space Box(0.0, 1.0, (5,), float32). Environment is clipping to space
[WARNING]: Received an action [0.56651963 0.49127988 0.62489778 0.73296104 0.5201866 ] that was outside action space Box(0.0, 1.0, (5,), float32). Environment is clipping to space
[WARNING]: Received an action [0.45578561 0.63165097 0.5780912  0.52956694 0.35985429] that was outside action space Box(0.0, 1.0, (5,), float32). Environment is clipping to space
[WARNING]: Received an action [0.4717745  0.49174598 0.59417337 0.56465714 0.43774378] that was outside action space Box(0.0, 1.0, (5,), float32). Environment is clipping to space
[WARNING]: Received an action [0.65977773 0.29552294 0.40070822 0.3476998  0.61130008] that was outside action space Box(0.0, 1.0, (5,), float32). Environment is clipping to space
[WARNING]: Received an action [0.65179938 0.44641006 0.4824863  0.46714964 0.27152931] that was outside action space Box(0.0, 1.0, (5,), float32). Environment is clipping to space
[WARNING]: Received an action [0.60839331 0.51241094 0.63346125 0.34136759 0.32546882] that was outside action space Box(0.0, 1.0, (5,), float32). Environment is clipping to space
[WARNING]: Received an action [0.62784842 0.55747099 0.59850038 0.54801778 0.55782135] that was outside action space Box(0.0, 1.0, (5,), float32). Environment is clipping to space
[WARNING]: Received an action [0.40032683 0.41298643 0.69884437 0.68373437 0.46120383] that was outside action space Box(0.0, 1.0, (5,), float32). Environment is clipping to space
[WARNING]: Received an action [0.48957472 0.55242235 0.52190013 0.56154797 0.55392359] that was outside action space Box(0.0, 1.0, (5,), float32). Environment is clipping to space
[WARNING]: Received an action [0.61677681 0.42196206 0.32960123 0.46507728 0.45632785] that was outside action space Box(0.0, 1.0, (5,), float32). Environment is clipping to space
[WARNING]: Received an action [0.68712267 0.53927049 0.39097518 0.33316783 0.34097184] that was outside action space Box(0.0, 1.0, (5,), float32). Environment is clipping to space
[WARNING]: Received an action [0.52058374 0.36461052 0.55302061 0.61035676 0.65785061] that was outside action space Box(0.0, 1.0, (5,), float32). Environment is clipping to space
[WARNING]: Received an action [0.43750074 0.54973297 0.42461062 0.55805999 0.42287971] that was outside action space Box(0.0, 1.0, (5,), float32). Environment is clipping to space
[WARNING]: Received an action [0.47252024 0.45498693 0.59494319 0.4242576  0.45923938] that was outside action space Box(0.0, 1.0, (5,), float32). Environment is clipping to space
[WARNING]: Received an action [0.59261713 0.49277638 0.42334514 0.46818466 0.46791663] that was outside action space Box(0.0, 1.0, (5,), float32). Environment is clipping to space
[WARNING]: Received an action [0.78667692 0.52458719 0.54022213 0.55650315 0.40531706] that was outside action space Box(0.0, 1.0, (5,), float32). Environment is clipping to space
[WARNING]: Received an action [0.53385689 0.4533173  0.53689542 0.35985334 0.57200493] that was outside action space Box(0.0, 1.0, (5,), float32). Environment is clipping to space
[WARNING]: Received an action [0.62483641 0.53767586 0.69212564 0.36707043 0.33863403] that was outside action space Box(0.0, 1.0, (5,), float32). Environment is clipping to space
[WARNING]: Received an action [0.36946861 0.62387944 0.48034528 0.47504954 0.41124016] that was outside action space Box(0.0, 1.0, (5,), float32). Environment is clipping to space
[WARNING]: Received an action [0.48300461 0.50682957 0.55124578 0.49828954 0.41239873] that was outside action space Box(0.0, 1.0, (5,), float32). Environment is clipping to space
[WARNING]: Received an action [0.32446781 0.35246034 0.53377207 0.38904932 0.33292953] that was outside action space Box(0.0, 1.0, (5,), float32). Environment is clipping to space
[WARNING]: Received an action [0.44842401 0.43955312 0.40429341 0.52787006 0.46580228] that was outside action space Box(0.0, 1.0, (5,), float32). Environment is clipping to space
[WARNING]: Received an action [0.44802375 0.39599277 0.49378972 0.41854871 0.61909468] that was outside action space Box(0.0, 1.0, (5,), float32). Environment is clipping to space
[WARNING]: Received an action [0.52332443 0.31926756 0.41825497 0.48935122 0.58703405] that was outside action space Box(0.0, 1.0, (5,), float32). Environment is clipping to space
[WARNING]: Received an action [0.60436198 0.47592204 0.6213708  0.50484765 0.38875296] that was outside action space Box(0.0, 1.0, (5,), float32). Environment is clipping to space
[WARNING]: Received an action [0.44525712 0.3503483  0.4390401  0.41943109 0.41734486] that was outside action space Box(0.0, 1.0, (5,), float32). Environment is clipping to space
[WARNING]: Received an action [0.75902686 0.51699517 0.34580347 0.41410535 0.41899459] that was outside action space Box(0.0, 1.0, (5,), float32). Environment is clipping to space
[WARNING]: Received an action [0.39597485 0.60237549 0.59109414 0.35506359 0.47749401] that was outside action space Box(0.0, 1.0, (5,), float32). Environment is clipping to space
[WARNING]: Received an action [0.53235579 0.44192483 0.46750347 0.41990924 0.50730448] that was outside action space Box(0.0, 1.0, (5,), float32). Environment is clipping to space
[WARNING]: Received an action [0.6368936  0.32836743 0.54341595 0.37556203 0.48534972] that was outside action space Box(0.0, 1.0, (5,), float32). Environment is clipping to space
[WARNING]: Received an action [0.55468647 0.55822312 0.43849687 0.58920386 0.4709484 ] that was outside action space Box(0.0, 1.0, (5,), float32). Environment is clipping to space
[WARNING]: Received an action [0.58565346 0.44719622 0.31678659 0.42860228 0.63392409] that was outside action space Box(0.0, 1.0, (5,), float32). Environment is clipping to space
[WARNING]: Received an action [0.42203107 0.77715011 0.62975668 0.34615713 0.37327451] that was outside action space Box(0.0, 1.0, (5,), float32). Environment is clipping to space
[WARNING]: Received an action [0.53248958 0.5928896  0.40880604 0.40422238 0.38173712] that was outside action space Box(0.0, 1.0, (5,), float32). Environment is clipping to space
[WARNING]: Received an action [0.67117692 0.57960913 0.44852272 0.49381399 0.52090779] that was outside action space Box(0.0, 1.0, (5,), float32). Environment is clipping to space
[WARNING]: Received an action [0.59219604 0.36319597 0.64601146 0.46648936 0.43502507] that was outside action space Box(0.0, 1.0, (5,), float32). Environment is clipping to space
[WARNING]: Received an action [0.73028518 0.503387   0.41852847 0.48509416 0.28393828] that was outside action space Box(0.0, 1.0, (5,), float32). Environment is clipping to space
[WARNING]: Received an action [0.48412328 0.42326665 0.43822998 0.43286151 0.36890802] that was outside action space Box(0.0, 1.0, (5,), float32). Environment is clipping to space
[WARNING]: Received an action [0.48451882 0.4273344  0.35532319 0.41285407 0.31722114] that was outside action space Box(0.0, 1.0, (5,), float32). Environment is clipping to space
[WARNING]: Received an action [0.55715543 0.6296131  0.57000223 0.47603874 0.48598556] that was outside action space Box(0.0, 1.0, (5,), float32). Environment is clipping to space
[WARNING]: Received an action [0.41625091 0.41598094 0.55313507 0.47624117 0.42002231] that was outside action space Box(0.0, 1.0, (5,), float32). Environment is clipping to space
[WARNING]: Received an action [0.37637026 0.63478094 0.22141038 0.54021605 0.56521118] that was outside action space Box(0.0, 1.0, (5,), float32). Environment is clipping to space
[WARNING]: Received an action [0.57468317 0.49316753 0.52407466 0.37680969 0.38364913] that was outside action space Box(0.0, 1.0, (5,), float32). Environment is clipping to space
[WARNING]: Received an action [0.51517719 0.67738005 0.41489372 0.49486529 0.55328669] that was outside action space Box(0.0, 1.0, (5,), float32). Environment is clipping to space
[WARNING]: Received an action [0.43550264 0.4371968  0.39647652 0.4260857  0.29830844] that was outside action space Box(0.0, 1.0, (5,), float32). Environment is clipping to space
[WARNING]: Received an action [0.5350819  0.56398151 0.56003765 0.43363111 0.47007784] that was outside action space Box(0.0, 1.0, (5,), float32). Environment is clipping to space
[WARNING]: Received an action [0.41588604 0.59685018 0.49927828 0.59365334 0.41843088] that was outside action space Box(0.0, 1.0, (5,), float32). Environment is clipping to space
[WARNING]: Received an action [0.5140804  0.27033111 0.51357498 0.41991028 0.31276222] that was outside action space Box(0.0, 1.0, (5,), float32). Environment is clipping to space
[WARNING]: Received an action [0.72658101 0.50681898 0.42274814 0.63008422 0.6336769 ] that was outside action space Box(0.0, 1.0, (5,), float32). Environment is clipping to space
[WARNING]: Received an action [0.50989432 0.52102639 0.45988029 0.49941004 0.40361704] that was outside action space Box(0.0, 1.0, (5,), float32). Environment is clipping to space
[WARNING]: Received an action [0.52941995 0.44797729 0.54934858 0.4468663  0.31462466] that was outside action space Box(0.0, 1.0, (5,), float32). Environment is clipping to space
[WARNING]: Received an action [0.63245461 0.43152241 0.41854814 0.32551085 0.49784842] that was outside action space Box(0.0, 1.0, (5,), float32). Environment is clipping to space
[WARNING]: Received an action [0.50952961 0.41000937 0.53651503 0.50194002 0.3129014 ] that was outside action space Box(0.0, 1.0, (5,), float32). Environment is clipping to space
[WARNING]: Received an action [0.75549014 0.48964516 0.52442038 0.53470546 0.43930274] that was outside action space Box(0.0, 1.0, (5,), float32). Environment is clipping to space
[WARNING]: Received an action [0.55272576 0.4020253  0.31994534 0.31345411 0.48599963] that was outside action space Box(0.0, 1.0, (5,), float32). Environment is clipping to space
[WARNING]: Received an action [0.38729514 0.54317021 0.44780731 0.49452756 0.51263213] that was outside action space Box(0.0, 1.0, (5,), float32). Environment is clipping to space
[WARNING]: Received an action [0.76387615 0.48587472 0.43350214 0.45667503 0.31321748] that was outside action space Box(0.0, 1.0, (5,), float32). Environment is clipping to space
[WARNING]: Received an action [0.49590249 0.39515965 0.53774984 0.56122159 0.41012509] that was outside action space Box(0.0, 1.0, (5,), float32). Environment is clipping to space
[WARNING]: Received an action [0.45277703 0.35757033 0.35788206 0.63945681 0.4460695 ] that was outside action space Box(0.0, 1.0, (5,), float32). Environment is clipping to space
[WARNING]: Received an action [0.57391996 0.24333516 0.48661013 0.28837904 0.41814498] that was outside action space Box(0.0, 1.0, (5,), float32). Environment is clipping to space
[WARNING]: Received an action [0.51893326 0.45780826 0.44268647 0.41291898 0.44521921] that was outside action space Box(0.0, 1.0, (5,), float32). Environment is clipping to space
[WARNING]: Received an action [0.55187846 0.31340387 0.48343352 0.45286676 0.53424249] that was outside action space Box(0.0, 1.0, (5,), float32). Environment is clipping to space
[WARNING]: Received an action [0.80801754 0.42038727 0.60556901 0.36625166 0.42612828] that was outside action space Box(0.0, 1.0, (5,), float32). Environment is clipping to space
[WARNING]: Received an action [0.63723132 0.34512767 0.50824417 0.41016299 0.62294444] that was outside action space Box(0.0, 1.0, (5,), float32). Environment is clipping to space
[WARNING]: Received an action [0.46445235 0.448923   0.50786701 0.50701224 0.44026106] that was outside action space Box(0.0, 1.0, (5,), float32). Environment is clipping to space
[WARNING]: Received an action [0.59196868 0.55069611 0.34256616 0.31885408 0.31664364] that was outside action space Box(0.0, 1.0, (5,), float32). Environment is clipping to space
[WARNING]: Received an action [0.47781441 0.60236555 0.43032341 0.41360858 0.62895757] that was outside action space Box(0.0, 1.0, (5,), float32). Environment is clipping to space
[WARNING]: Received an action [0.54261289 0.52127847 0.54109248 0.51570007 0.33165967] that was outside action space Box(0.0, 1.0, (5,), float32). Environment is clipping to space
[WARNING]: Received an action [0.68014773 0.63494116 0.44887944 0.3592923  0.30210722] that was outside action space Box(0.0, 1.0, (5,), float32). Environment is clipping to space
[WARNING]: Received an action [0.70921182 0.61047165 0.45288159 0.42294757 0.54974475] that was outside action space Box(0.0, 1.0, (5,), float32). Environment is clipping to space
[WARNING]: Received an action [0.53635062 0.56287403 0.51597012 0.42314584 0.62905398] that was outside action space Box(0.0, 1.0, (5,), float32). Environment is clipping to space
[WARNING]: Received an action [0.55776221 0.59473571 0.7651999  0.31147358 0.10436798] that was outside action space Box(0.0, 1.0, (5,), float32). Environment is clipping to space
[WARNING]: Received an action [0.73757114 0.49938598 0.40832295 0.63767429 0.37960076] that was outside action space Box(0.0, 1.0, (5,), float32). Environment is clipping to space
[WARNING]: Received an action [0.45664526 0.34870758 0.43877248 0.43358355 0.46155622] that was outside action space Box(0.0, 1.0, (5,), float32). Environment is clipping to space
[WARNING]: Received an action [0.76179436 0.57884261 0.42517211 0.28554266 0.51336723] that was outside action space Box(0.0, 1.0, (5,), float32). Environment is clipping to space
[WARNING]: Received an action [0.43203061 0.51998525 0.4094298  0.41888842 0.34063871] that was outside action space Box(0.0, 1.0, (5,), float32). Environment is clipping to space
[WARNING]: Received an action [0.47600182 0.52020101 0.3378299  0.50408838 0.36127856] that was outside action space Box(0.0, 1.0, (5,), float32). Environment is clipping to space
[WARNING]: Received an action [0.66467453 0.53454537 0.65769856 0.2834392  0.40918372] that was outside action space Box(0.0, 1.0, (5,), float32). Environment is clipping to space
[WARNING]: Received an action [0.57805947 0.48829448 0.52664801 0.33165705 0.62370382] that was outside action space Box(0.0, 1.0, (5,), float32). Environment is clipping to space
[WARNING]: Received an action [0.56625945 0.61023891 0.58408224 0.45364064 0.47483492] that was outside action space Box(0.0, 1.0, (5,), float32). Environment is clipping to space
[WARNING]: Received an action [0.6356237  0.36238688 0.665358   0.43737603 0.22028726] that was outside action space Box(0.0, 1.0, (5,), float32). Environment is clipping to space
[WARNING]: Received an action [0.63052546 0.43645984 0.41957954 0.27493639 0.50974099] that was outside action space Box(0.0, 1.0, (5,), float32). Environment is clipping to space
[WARNING]: Received an action [0.6510799  0.58933309 0.36333701 0.58994843 0.37291597] that was outside action space Box(0.0, 1.0, (5,), float32). Environment is clipping to space
[WARNING]: Received an action [0.5807533  0.32006281 0.36364437 0.35675905 0.22117322] that was outside action space Box(0.0, 1.0, (5,), float32). Environment is clipping to space
[WARNING]: Received an action [0.61365238 0.39464683 0.55133505 0.67352097 0.6014093 ] that was outside action space Box(0.0, 1.0, (5,), float32). Environment is clipping to space
[WARNING]: Received an action [0.34586714 0.34814585 0.56983109 0.50582169 0.59032966] that was outside action space Box(0.0, 1.0, (5,), float32). Environment is clipping to space
[WARNING]: Received an action [0.56441142 0.5213583  0.5094296  0.30446878 0.50155461] that was outside action space Box(0.0, 1.0, (5,), float32). Environment is clipping to space
[WARNING]: Received an action [0.34303355 0.51702602 0.45152407 0.47778265 0.40681347] that was outside action space Box(0.0, 1.0, (5,), float32). Environment is clipping to space
[WARNING]: Received an action [0.51007343 0.41906589 0.55348702 0.34601015 0.40796872] that was outside action space Box(0.0, 1.0, (5,), float32). Environment is clipping to space
[WARNING]: Received an action [0.53511119 0.48539244 0.55777204 0.27064002 0.15350282] that was outside action space Box(0.0, 1.0, (5,), float32). Environment is clipping to space
[WARNING]: Received an action [0.6437624  0.45297009 0.61300408 0.41225022 0.44159535] that was outside action space Box(0.0, 1.0, (5,), float32). Environment is clipping to space
[WARNING]: Received an action [0.42419505 0.37947461 0.57008873 0.46594371 0.371735  ] that was outside action space Box(0.0, 1.0, (5,), float32). Environment is clipping to space
[WARNING]: Received an action [0.72597348 0.45528981 0.55317699 0.48652801 0.47043812] that was outside action space Box(0.0, 1.0, (5,), float32). Environment is clipping to space
[WARNING]: Received an action [0.36433758 0.2721295  0.54947746 0.4220615  0.32558733] that was outside action space Box(0.0, 1.0, (5,), float32). Environment is clipping to space
[WARNING]: Received an action [0.37875856 0.48844069 0.61390177 0.37972799 0.48313977] that was outside action space Box(0.0, 1.0, (5,), float32). Environment is clipping to space
[WARNING]: Received an action [0.50325106 0.23674099 0.52044687 0.45530266 0.54744075] that was outside action space Box(0.0, 1.0, (5,), float32). Environment is clipping to space
[WARNING]: Received an action [0.56850246 0.57607844 0.56849986 0.44627427 0.51516142] that was outside action space Box(0.0, 1.0, (5,), float32). Environment is clipping to space
[WARNING]: Received an action [0.26795762 0.24540369 0.52292205 0.73906478 0.52331917] that was outside action space Box(0.0, 1.0, (5,), float32). Environment is clipping to space
[WARNING]: Received an action [0.57627468 0.45050393 0.59105465 0.56405504 0.45346649] that was outside action space Box(0.0, 1.0, (5,), float32). Environment is clipping to space
[WARNING]: Received an action [0.46735543 0.37971544 0.61988288 0.54831409 0.50325788] that was outside action space Box(0.0, 1.0, (5,), float32). Environment is clipping to space
[WARNING]: Received an action [0.38861535 0.44583454 0.58631661 0.46868273 0.37832367] that was outside action space Box(0.0, 1.0, (5,), float32). Environment is clipping to space
[WARNING]: Received an action [0.55292999 0.52952785 0.58904768 0.52849398 0.48574369] that was outside action space Box(0.0, 1.0, (5,), float32). Environment is clipping to space
[WARNING]: Received an action [0.63207379 0.45196414 0.70832076 0.36085604 0.71451556] that was outside action space Box(0.0, 1.0, (5,), float32). Environment is clipping to space
[WARNING]: Received an action [0.61467362 0.52110647 0.47746925 0.53371144 0.47766689] that was outside action space Box(0.0, 1.0, (5,), float32). Environment is clipping to space
[WARNING]: Received an action [0.66585506 0.44121813 0.64606284 0.48446222 0.40879445] that was outside action space Box(0.0, 1.0, (5,), float32). Environment is clipping to space
[WARNING]: Received an action [0.38652843 0.61065112 0.69796213 0.3771104  0.67651774] that was outside action space Box(0.0, 1.0, (5,), float32). Environment is clipping to space
[WARNING]: Received an action [0.56853011 0.54360992 0.60064064 0.44918538 0.43322353] that was outside action space Box(0.0, 1.0, (5,), float32). Environment is clipping to space
[WARNING]: Received an action [0.62848348 0.58315027 0.58522089 0.53173958 0.5000252 ] that was outside action space Box(0.0, 1.0, (5,), float32). Environment is clipping to space
[WARNING]: Received an action [0.40603111 0.54128024 0.4323919  0.46718059 0.41292981] that was outside action space Box(0.0, 1.0, (5,), float32). Environment is clipping to space
[WARNING]: Received an action [0.42248833 0.28755206 0.52307179 0.53371149 0.53973027] that was outside action space Box(0.0, 1.0, (5,), float32). Environment is clipping to space
[WARNING]: Received an action [0.44263751 0.46665656 0.48085739 0.38133282 0.37815887] that was outside action space Box(0.0, 1.0, (5,), float32). Environment is clipping to space
[WARNING]: Received an action [0.66178749 0.27482928 0.49113927 0.32556779 0.39828284] that was outside action space Box(0.0, 1.0, (5,), float32). Environment is clipping to space
[WARNING]: Received an action [0.55975049 0.65190725 0.5654683  0.535543   0.38428534] that was outside action space Box(0.0, 1.0, (5,), float32). Environment is clipping to space
[WARNING]: Received an action [0.34634615 0.5715601  0.50276271 0.43734711 0.29443406] that was outside action space Box(0.0, 1.0, (5,), float32). Environment is clipping to space
[WARNING]: Received an action [0.56971975 0.54034465 0.37638396 0.48263979 0.57496745] that was outside action space Box(0.0, 1.0, (5,), float32). Environment is clipping to space
[WARNING]: Received an action [0.39218139 0.51433682 0.51369529 0.41132952 0.40941937] that was outside action space Box(0.0, 1.0, (5,), float32). Environment is clipping to space
[WARNING]: Received an action [0.63177042 0.60981234 0.78718931 0.46006608 0.50812719] that was outside action space Box(0.0, 1.0, (5,), float32). Environment is clipping to space
[WARNING]: Received an action [0.4111403  0.48478555 0.48195252 0.51616938 0.56533127] that was outside action space Box(0.0, 1.0, (5,), float32). Environment is clipping to space
[WARNING]: Received an action [0.49818415 0.44565711 0.44228121 0.56407957 0.46779061] that was outside action space Box(0.0, 1.0, (5,), float32). Environment is clipping to space
[WARNING]: Received an action [0.49097848 0.46400738 0.42848226 0.52295314 0.45952033] that was outside action space Box(0.0, 1.0, (5,), float32). Environment is clipping to space
[WARNING]: Received an action [0.61146414 0.39256163 0.63848587 0.3947786  0.36377243] that was outside action space Box(0.0, 1.0, (5,), float32). Environment is clipping to space
[WARNING]: Received an action [0.50698427 0.31067416 0.42817297 0.47561532 0.38050664] that was outside action space Box(0.0, 1.0, (5,), float32). Environment is clipping to space
[WARNING]: Received an action [0.68664058 0.36573322 0.40231234 0.36256059 0.50507449] that was outside action space Box(0.0, 1.0, (5,), float32). Environment is clipping to space
[WARNING]: Received an action [0.49484938 0.70472306 0.44123496 0.6114106  0.61357404] that was outside action space Box(0.0, 1.0, (5,), float32). Environment is clipping to space
[WARNING]: Received an action [0.54530022 0.60615289 0.49767045 0.53713077 0.37767606] that was outside action space Box(0.0, 1.0, (5,), float32). Environment is clipping to space
[WARNING]: Received an action [0.53468452 0.46287115 0.50769738 0.55741057 0.39835253] that was outside action space Box(0.0, 1.0, (5,), float32). Environment is clipping to space
[WARNING]: Received an action [0.40820481 0.53573072 0.66462105 0.41090138 0.57840636] that was outside action space Box(0.0, 1.0, (5,), float32). Environment is clipping to space
[WARNING]: Received an action [0.56661938 0.57673101 0.5761131  0.54523032 0.42525253] that was outside action space Box(0.0, 1.0, (5,), float32). Environment is clipping to space
[WARNING]: Received an action [0.60293574 0.52141521 0.31992533 0.46950573 0.51000621] that was outside action space Box(0.0, 1.0, (5,), float32). Environment is clipping to space
[WARNING]: Received an action [0.47276002 0.61954757 0.4729486  0.51585738 0.45959542] that was outside action space Box(0.0, 1.0, (5,), float32). Environment is clipping to space
[WARNING]: Received an action [0.41584699 0.24274626 0.5152686  0.63717342 0.43300801] that was outside action space Box(0.0, 1.0, (5,), float32). Environment is clipping to space
[WARNING]: Received an action [0.73869343 0.46129078 0.60689777 0.49066596 0.3960621 ] that was outside action space Box(0.0, 1.0, (5,), float32). Environment is clipping to space
[WARNING]: Received an action [0.31216393 0.44705904 0.39896923 0.49723377 0.52114926] that was outside action space Box(0.0, 1.0, (5,), float32). Environment is clipping to space
[WARNING]: Received an action [0.58383613 0.60164118 0.4307211  0.49403857 0.5015558 ] that was outside action space Box(0.0, 1.0, (5,), float32). Environment is clipping to space
[WARNING]: Received an action [0.70907902 0.46650116 0.43359748 0.35575158 0.39469467] that was outside action space Box(0.0, 1.0, (5,), float32). Environment is clipping to space
[WARNING]: Received an action [0.52067795 0.68018595 0.57194565 0.25109898 0.56146293] that was outside action space Box(0.0, 1.0, (5,), float32). Environment is clipping to space
[WARNING]: Received an action [0.56491628 0.51542681 0.58825827 0.36493789 0.55403468] that was outside action space Box(0.0, 1.0, (5,), float32). Environment is clipping to space
[WARNING]: Received an action [0.50514091 0.52022752 0.45373959 0.51479284 0.2872258 ] that was outside action space Box(0.0, 1.0, (5,), float32). Environment is clipping to space
[WARNING]: Received an action [0.45280372 0.40520042 0.47872351 0.59100613 0.59274206] that was outside action space Box(0.0, 1.0, (5,), float32). Environment is clipping to space
[WARNING]: Received an action [0.48763278 0.32263621 0.59487393 0.51827583 0.39457736] that was outside action space Box(0.0, 1.0, (5,), float32). Environment is clipping to space
[WARNING]: Received an action [0.49140622 0.58961007 0.67623207 0.34172809 0.47405129] that was outside action space Box(0.0, 1.0, (5,), float32). Environment is clipping to space
[WARNING]: Received an action [0.46318477 0.68133242 0.51299057 0.41243413 0.59432684] that was outside action space Box(0.0, 1.0, (5,), float32). Environment is clipping to space
[WARNING]: Received an action [0.50955591 0.48630492 0.37314104 0.38190867 0.47505131] that was outside action space Box(0.0, 1.0, (5,), float32). Environment is clipping to space
[WARNING]: Received an action [0.69263217 0.51805658 0.42347971 0.23230815 0.48211973] that was outside action space Box(0.0, 1.0, (5,), float32). Environment is clipping to space
[WARNING]: Received an action [0.67059586 0.63175738 0.39910254 0.46267482 0.47473236] that was outside action space Box(0.0, 1.0, (5,), float32). Environment is clipping to space
[WARNING]: Received an action [0.3671785  0.52726134 0.63282963 0.60361562 0.49395936] that was outside action space Box(0.0, 1.0, (5,), float32). Environment is clipping to space
[WARNING]: Received an action [0.67739058 0.51303907 0.61717513 0.32645134 0.4547326 ] that was outside action space Box(0.0, 1.0, (5,), float32). Environment is clipping to space
[WARNING]: Received an action [0.54301655 0.67848143 0.44474263 0.24859712 0.65944584] that was outside action space Box(0.0, 1.0, (5,), float32). Environment is clipping to space
[WARNING]: Received an action [0.52090859 0.55281926 0.60720197 0.50615186 0.41274626] that was outside action space Box(0.0, 1.0, (5,), float32). Environment is clipping to space
[WARNING]: Received an action [0.59648853 0.47588726 0.45973904 0.53736625 0.61275088] that was outside action space Box(0.0, 1.0, (5,), float32). Environment is clipping to space
[WARNING]: Received an action [0.40616118 0.41768778 0.54579488 0.45718002 0.46100397] that was outside action space Box(0.0, 1.0, (5,), float32). Environment is clipping to space
[WARNING]: Received an action [0.58613665 0.46045305 0.41127542 0.54739706 0.37320157] that was outside action space Box(0.0, 1.0, (5,), float32). Environment is clipping to space
[WARNING]: Received an action [0.35442074 0.52028992 0.60600001 0.40858482 0.35158391] that was outside action space Box(0.0, 1.0, (5,), float32). Environment is clipping to space
[WARNING]: Received an action [0.49503004 0.42332553 0.44781919 0.5356285  0.45312107] that was outside action space Box(0.0, 1.0, (5,), float32). Environment is clipping to space
[WARNING]: Received an action [0.59574199 0.55591295 0.49874442 0.44251026 0.52857579] that was outside action space Box(0.0, 1.0, (5,), float32). Environment is clipping to space
[WARNING]: Received an action [0.75585365 0.50279986 0.54331023 0.55092241 0.35602297] that was outside action space Box(0.0, 1.0, (5,), float32). Environment is clipping to space
[WARNING]: Received an action [0.50207858 0.4321903  0.60630136 0.52754384 0.45026964] that was outside action space Box(0.0, 1.0, (5,), float32). Environment is clipping to space
[WARNING]: Received an action [0.66042074 0.37643135 0.35065258 0.48878931 0.58647391] that was outside action space Box(0.0, 1.0, (5,), float32). Environment is clipping to space
[WARNING]: Received an action [0.44330572 0.35707104 0.43847669 0.37921221 0.49947206] that was outside action space Box(0.0, 1.0, (5,), float32). Environment is clipping to space
[WARNING]: Received an action [0.59783077 0.60291358 0.35508087 0.55585693 0.62787177] that was outside action space Box(0.0, 1.0, (5,), float32). Environment is clipping to space
[WARNING]: Received an action [0.38937196 0.41901446 0.46841075 0.41603341 0.45107387] that was outside action space Box(0.0, 1.0, (5,), float32). Environment is clipping to space
[WARNING]: Received an action [0.79118179 0.35572912 0.42061672 0.48833752 0.54163668] that was outside action space Box(0.0, 1.0, (5,), float32). Environment is clipping to space
[WARNING]: Received an action [0.47459194 0.61467739 0.47384019 0.41402574 0.43928153] that was outside action space Box(0.0, 1.0, (5,), float32). Environment is clipping to space
[WARNING]: Received an action [0.66130683 0.50286121 0.46017039 0.59351482 0.48184786] that was outside action space Box(0.0, 1.0, (5,), float32). Environment is clipping to space
[WARNING]: Received an action [0.41294481 0.33562167 0.66183878 0.32392224 0.53881728] that was outside action space Box(0.0, 1.0, (5,), float32). Environment is clipping to space
[WARNING]: Received an action [0.38661798 0.35538339 0.4386305  0.35643014 0.46268821] that was outside action space Box(0.0, 1.0, (5,), float32). Environment is clipping to space
[WARNING]: Received an action [0.41195188 0.69679468 0.48536362 0.48570346 0.38927033] that was outside action space Box(0.0, 1.0, (5,), float32). Environment is clipping to space
[WARNING]: Received an action [0.47975641 0.4622951  0.47328261 0.33288963 0.35193489] that was outside action space Box(0.0, 1.0, (5,), float32). Environment is clipping to space
[WARNING]: Received an action [0.58352889 0.59482298 0.44203225 0.42097615 0.55604405] that was outside action space Box(0.0, 1.0, (5,), float32). Environment is clipping to space
[WARNING]: Received an action [0.6565193  0.4587446  0.55622177 0.52716513 0.37799609] that was outside action space Box(0.0, 1.0, (5,), float32). Environment is clipping to space
[WARNING]: Received an action [0.48738201 0.23817813 0.45523367 0.36357295 0.44258095] that was outside action space Box(0.0, 1.0, (5,), float32). Environment is clipping to space
[WARNING]: Received an action [0.55395062 0.4613823  0.60468358 0.30229584 0.61921779] that was outside action space Box(0.0, 1.0, (5,), float32). Environment is clipping to space
[WARNING]: Received an action [0.6202922  0.5312706  0.55253361 0.47809364 0.59335195] that was outside action space Box(0.0, 1.0, (5,), float32). Environment is clipping to space
[WARNING]: Received an action [0.51408316 0.42136355 0.3885886  0.40696128 0.5026032 ] that was outside action space Box(0.0, 1.0, (5,), float32). Environment is clipping to space
[WARNING]: Received an action [0.46119732 0.45659498 0.63056807 0.39518107 0.69924037] that was outside action space Box(0.0, 1.0, (5,), float32). Environment is clipping to space
[WARNING]: Received an action [0.50912425 0.40565407 0.55382383 0.49758072 0.42921209] that was outside action space Box(0.0, 1.0, (5,), float32). Environment is clipping to space
[WARNING]: Received an action [0.34258942 0.50956458 0.62801648 0.52137022 0.38020228] that was outside action space Box(0.0, 1.0, (5,), float32). Environment is clipping to space
[WARNING]: Received an action [0.47877381 0.60922167 0.58982307 0.43730938 0.56661651] that was outside action space Box(0.0, 1.0, (5,), float32). Environment is clipping to space
[WARNING]: Received an action [0.46805716 0.37307057 0.6503718  0.44180928 0.53648325] that was outside action space Box(0.0, 1.0, (5,), float32). Environment is clipping to space
[WARNING]: Received an action [0.54875861 0.46649275 0.65500971 0.55835876 0.5068501 ] that was outside action space Box(0.0, 1.0, (5,), float32). Environment is clipping to space
[WARNING]: Received an action [0.55306279 0.67771285 0.43159023 0.52906628 0.57087187] that was outside action space Box(0.0, 1.0, (5,), float32). Environment is clipping to space
[WARNING]: Received an action [0.49196574 0.32983013 0.52965059 0.57092389 0.52257875] that was outside action space Box(0.0, 1.0, (5,), float32). Environment is clipping to space
[WARNING]: Received an action [0.51520263 0.42451173 0.49525122 0.37795415 0.53467544] that was outside action space Box(0.0, 1.0, (5,), float32). Environment is clipping to space
[WARNING]: Received an action [0.52573683 0.39766843 0.53790379 0.58521809 0.57404403] that was outside action space Box(0.0, 1.0, (5,), float32). Environment is clipping to space
[WARNING]: Received an action [0.69891092 0.64348503 0.51966237 0.58017501 0.52958349] that was outside action space Box(0.0, 1.0, (5,), float32). Environment is clipping to space
[WARNING]: Received an action [0.65252924 0.40661272 0.51385803 0.40462912 0.48171061] that was outside action space Box(0.0, 1.0, (5,), float32). Environment is clipping to space
[WARNING]: Received an action [0.53441314 0.52933173 0.55335327 0.51144751 0.59470311] that was outside action space Box(0.0, 1.0, (5,), float32). Environment is clipping to space
[WARNING]: Received an action [0.70755286 0.38744269 0.49541962 0.62364801 0.35697932] that was outside action space Box(0.0, 1.0, (5,), float32). Environment is clipping to space
[WARNING]: Received an action [0.58966871 0.42725946 0.61440861 0.2862756  0.57467043] that was outside action space Box(0.0, 1.0, (5,), float32). Environment is clipping to space
[WARNING]: Received an action [0.49771355 0.57940932 0.45454317 0.32302678 0.65433364] that was outside action space Box(0.0, 1.0, (5,), float32). Environment is clipping to space
[WARNING]: Received an action [0.7284648  0.48310715 0.52461509 0.46072601 0.53069378] that was outside action space Box(0.0, 1.0, (5,), float32). Environment is clipping to space
[WARNING]: Received an action [0.5613818  0.52413853 0.68849486 0.24333644 0.36614716] that was outside action space Box(0.0, 1.0, (5,), float32). Environment is clipping to space
[WARNING]: Received an action [0.53656195 0.32203493 0.75701514 0.41339194 0.60259233] that was outside action space Box(0.0, 1.0, (5,), float32). Environment is clipping to space
[WARNING]: Received an action [0.43291695 0.44966018 0.28422644 0.62377659 0.59524983] that was outside action space Box(0.0, 1.0, (5,), float32). Environment is clipping to space
[WARNING]: Received an action [0.61078347 0.53067988 0.48198469 0.50682698 0.44395688] that was outside action space Box(0.0, 1.0, (5,), float32). Environment is clipping to space
[WARNING]: Received an action [0.41250238 0.5033232  0.71092426 0.55599047 0.65513228] that was outside action space Box(0.0, 1.0, (5,), float32). Environment is clipping to space
[WARNING]: Received an action [0.40978805 0.62125141 0.57284715 0.57629121 0.42162904] that was outside action space Box(0.0, 1.0, (5,), float32). Environment is clipping to space
[WARNING]: Received an action [0.58844625 0.26692222 0.51011913 0.55648698 0.50972335] that was outside action space Box(0.0, 1.0, (5,), float32). Environment is clipping to space
[WARNING]: Received an action [0.65714514 0.45141697 0.62849299 0.47386296 0.75502817] that was outside action space Box(0.0, 1.0, (5,), float32). Environment is clipping to space
[WARNING]: Received an action [0.59293334 0.40696072 0.43156712 0.4094698  0.43636514] that was outside action space Box(0.0, 1.0, (5,), float32). Environment is clipping to space
[WARNING]: Received an action [0.34626205 0.31030914 0.61274149 0.25269266 0.36452956] that was outside action space Box(0.0, 1.0, (5,), float32). Environment is clipping to space
[WARNING]: Received an action [0.52588724 0.39460511 0.53977234 0.77153148 0.54000871] that was outside action space Box(0.0, 1.0, (5,), float32). Environment is clipping to space
[WARNING]: Received an action [0.56816566 0.61288822 0.49901118 0.45666114 0.4986627 ] that was outside action space Box(0.0, 1.0, (5,), float32). Environment is clipping to space
[WARNING]: Received an action [0.61118732 0.51818523 0.51893442 0.42694019 0.51252568] that was outside action space Box(0.0, 1.0, (5,), float32). Environment is clipping to space
[WARNING]: Received an action [0.40954617 0.57599306 0.51233965 0.56507104 0.55502305] that was outside action space Box(0.0, 1.0, (5,), float32). Environment is clipping to space
[WARNING]: Received an action [0.51838177 0.38328996 0.45899382 0.51364686 0.54699402] that was outside action space Box(0.0, 1.0, (5,), float32). Environment is clipping to space
[WARNING]: Received an action [0.62528599 0.58551012 0.69802138 0.32526995 0.36208283] that was outside action space Box(0.0, 1.0, (5,), float32). Environment is clipping to space
[WARNING]: Received an action [0.4901482  0.4967129  0.65815343 0.49138415 0.45237879] that was outside action space Box(0.0, 1.0, (5,), float32). Environment is clipping to space
[WARNING]: Received an action [0.57130508 0.17396927 0.48407684 0.44909486 0.63953669] that was outside action space Box(0.0, 1.0, (5,), float32). Environment is clipping to space
[WARNING]: Received an action [0.54016864 0.66190215 0.61135944 0.31635357 0.42045435] that was outside action space Box(0.0, 1.0, (5,), float32). Environment is clipping to space
[WARNING]: Received an action [0.69929095 0.57245821 0.3444557  0.58854813 0.67870597] that was outside action space Box(0.0, 1.0, (5,), float32). Environment is clipping to space
[WARNING]: Received an action [0.52120235 0.5560777  0.57794021 0.65003138 0.53563193] that was outside action space Box(0.0, 1.0, (5,), float32). Environment is clipping to space
[WARNING]: Received an action [0.48974421 0.46872176 0.46281625 0.52128531 0.53476291] that was outside action space Box(0.0, 1.0, (5,), float32). Environment is clipping to space
[WARNING]: Received an action [0.50016591 0.61219974 0.34507355 0.47651365 0.77905544] that was outside action space Box(0.0, 1.0, (5,), float32). Environment is clipping to space
[WARNING]: Received an action [0.58587992 0.42476457 0.48441163 0.60019544 0.68031958] that was outside action space Box(0.0, 1.0, (5,), float32). Environment is clipping to space
[WARNING]: Received an action [0.62454235 0.46882851 0.51742708 0.21123625 0.34206617] that was outside action space Box(0.0, 1.0, (5,), float32). Environment is clipping to space
[WARNING]: Received an action [0.66177412 0.60771572 0.68745452 0.60619179 0.58518403] that was outside action space Box(0.0, 1.0, (5,), float32). Environment is clipping to space
[WARNING]: Received an action [0.60975783 0.37171077 0.51763783 0.48266503 0.5763796 ] that was outside action space Box(0.0, 1.0, (5,), float32). Environment is clipping to space
[WARNING]: Received an action [0.56130988 0.39312    0.48287852 0.49937902 0.59103628] that was outside action space Box(0.0, 1.0, (5,), float32). Environment is clipping to space
[WARNING]: Received an action [0.46544672 0.63126765 0.46499552 0.46870145 0.63532707] that was outside action space Box(0.0, 1.0, (5,), float32). Environment is clipping to space
[WARNING]: Received an action [0.59036301 0.56752293 0.47479976 0.43150495 0.33082768] that was outside action space Box(0.0, 1.0, (5,), float32). Environment is clipping to space
[WARNING]: Received an action [0.54957082 0.40430482 0.52611716 0.4798235  0.40292836] that was outside action space Box(0.0, 1.0, (5,), float32). Environment is clipping to space
[WARNING]: Received an action [0.49467014 0.56410146 0.35857036 0.52476076 0.65979638] that was outside action space Box(0.0, 1.0, (5,), float32). Environment is clipping to space
[WARNING]: Received an action [0.78064817 0.51696921 0.38852917 0.4611261  0.53452752] that was outside action space Box(0.0, 1.0, (5,), float32). Environment is clipping to space
[WARNING]: Received an action [0.52792044 0.5767271  0.51230324 0.3199557  0.45070985] that was outside action space Box(0.0, 1.0, (5,), float32). Environment is clipping to space
[WARNING]: Received an action [0.59934911 0.46151944 0.49441214 0.5097959  0.87393895] that was outside action space Box(0.0, 1.0, (5,), float32). Environment is clipping to space
[WARNING]: Received an action [0.59782258 0.45059541 0.56607433 0.35068033 0.55361578] that was outside action space Box(0.0, 1.0, (5,), float32). Environment is clipping to space
[WARNING]: Received an action [0.63721592 0.58572574 0.46855525 0.56669039 0.47942144] that was outside action space Box(0.0, 1.0, (5,), float32). Environment is clipping to space
[WARNING]: Received an action [0.36833987 0.36389879 0.76196048 0.51664863 0.47448212] that was outside action space Box(0.0, 1.0, (5,), float32). Environment is clipping to space
[WARNING]: Received an action [0.48524334 0.62011678 0.66024797 0.44882836 0.42298768] that was outside action space Box(0.0, 1.0, (5,), float32). Environment is clipping to space
[WARNING]: Received an action [0.64542612 0.62828549 0.49267083 0.50649129 0.40781959] that was outside action space Box(0.0, 1.0, (5,), float32). Environment is clipping to space
[WARNING]: Received an action [0.52017991 0.49006526 0.24141893 0.47808878 0.58551478] that was outside action space Box(0.0, 1.0, (5,), float32). Environment is clipping to space
[WARNING]: Received an action [0.47495261 0.5120525  0.38388293 0.45319175 0.46071689] that was outside action space Box(0.0, 1.0, (5,), float32). Environment is clipping to space
[WARNING]: Received an action [0.64829825 0.46519468 0.48251715 0.40617398 0.47855496] that was outside action space Box(0.0, 1.0, (5,), float32). Environment is clipping to space
[WARNING]: Received an action [0.40558556 0.6229835  0.32792342 0.56040352 0.65805424] that was outside action space Box(0.0, 1.0, (5,), float32). Environment is clipping to space
[WARNING]: Received an action [0.5798653  0.37666022 0.55383269 0.61979136 0.40718743] that was outside action space Box(0.0, 1.0, (5,), float32). Environment is clipping to space
[WARNING]: Received an action [0.77045725 0.41241506 0.47644409 0.52087477 0.51003204] that was outside action space Box(0.0, 1.0, (5,), float32). Environment is clipping to space
[WARNING]: Received an action [0.57293464 0.62166085 0.55974924 0.48838026 0.70664475] that was outside action space Box(0.0, 1.0, (5,), float32). Environment is clipping to space
[WARNING]: Received an action [0.5222648  0.53155225 0.46526494 0.51594591 0.5569751 ] that was outside action space Box(0.0, 1.0, (5,), float32). Environment is clipping to space
[WARNING]: Received an action [0.62828055 0.63493994 0.57748119 0.53622731 0.47656747] that was outside action space Box(0.0, 1.0, (5,), float32). Environment is clipping to space
[WARNING]: Received an action [0.51548214 0.43706195 0.53573414 0.42184298 0.43811769] that was outside action space Box(0.0, 1.0, (5,), float32). Environment is clipping to space
[WARNING]: Received an action [0.59630615 0.36893377 0.53724435 0.35961323 0.5427116 ] that was outside action space Box(0.0, 1.0, (5,), float32). Environment is clipping to space
[WARNING]: Received an action [0.41277072 0.49192892 0.32517509 0.43146059 0.47476961] that was outside action space Box(0.0, 1.0, (5,), float32). Environment is clipping to space
[WARNING]: Received an action [0.48669998 0.40868579 0.65226897 0.51937477 0.29436098] that was outside action space Box(0.0, 1.0, (5,), float32). Environment is clipping to space
[WARNING]: Received an action [0.47785033 0.34785056 0.47447272 0.42210163 0.44774479] that was outside action space Box(0.0, 1.0, (5,), float32). Environment is clipping to space
[WARNING]: Received an action [0.50616086 0.58463734 0.41983681 0.48067179 0.39310462] that was outside action space Box(0.0, 1.0, (5,), float32). Environment is clipping to space
[WARNING]: Received an action [0.48567483 0.41416231 0.50111754 0.50292252 0.75128879] that was outside action space Box(0.0, 1.0, (5,), float32). Environment is clipping to space
[WARNING]: Received an action [0.68490393 0.50348122 0.47906107 0.43754504 0.41653017] that was outside action space Box(0.0, 1.0, (5,), float32). Environment is clipping to space
[WARNING]: Received an action [0.51750698 0.32952674 0.41964016 0.50575292 0.42304133] that was outside action space Box(0.0, 1.0, (5,), float32). Environment is clipping to space
[WARNING]: Received an action [0.40687117 0.35189313 0.47494201 0.4611436  0.50720377] that was outside action space Box(0.0, 1.0, (5,), float32). Environment is clipping to space
[WARNING]: Received an action [0.61455638 0.54645521 0.52385049 0.63795736 0.44327228] that was outside action space Box(0.0, 1.0, (5,), float32). Environment is clipping to space
[WARNING]: Received an action [0.66333694 0.28577229 0.49024708 0.6466711  0.65231436] that was outside action space Box(0.0, 1.0, (5,), float32). Environment is clipping to space
[WARNING]: Received an action [0.43084991 0.50541773 0.34809592 0.49745749 0.48068168] that was outside action space Box(0.0, 1.0, (5,), float32). Environment is clipping to space
[WARNING]: Received an action [0.54983091 0.56513084 0.34074912 0.5801686  0.38861065] that was outside action space Box(0.0, 1.0, (5,), float32). Environment is clipping to space
[WARNING]: Received an action [0.65734472 0.50602401 0.49399546 0.5493438  0.57371698] that was outside action space Box(0.0, 1.0, (5,), float32). Environment is clipping to space
[WARNING]: Received an action [0.56106621 0.42340041 0.5129185  0.56716909 0.60403752] that was outside action space Box(0.0, 1.0, (5,), float32). Environment is clipping to space
[WARNING]: Received an action [0.49590758 0.59194776 0.50468577 0.5703962  0.45186206] that was outside action space Box(0.0, 1.0, (5,), float32). Environment is clipping to space
[WARNING]: Received an action [0.51237943 0.34431487 0.52249248 0.51449106 0.37567297] that was outside action space Box(0.0, 1.0, (5,), float32). Environment is clipping to space
[WARNING]: Received an action [0.46910645 0.53228105 0.46885027 0.45226833 0.63376443] that was outside action space Box(0.0, 1.0, (5,), float32). Environment is clipping to space
[WARNING]: Received an action [0.60297663 0.57129432 0.53219532 0.693837   0.36414624] that was outside action space Box(0.0, 1.0, (5,), float32). Environment is clipping to space
[WARNING]: Received an action [0.40890291 0.47253106 0.32025039 0.58666947 0.47630866] that was outside action space Box(0.0, 1.0, (5,), float32). Environment is clipping to space
[WARNING]: Received an action [0.59618678 0.40904007 0.3963895  0.36811759 0.43590776] that was outside action space Box(0.0, 1.0, (5,), float32). Environment is clipping to space
[WARNING]: Received an action [0.54090484 0.62197723 0.36740693 0.35800676 0.34553842] that was outside action space Box(0.0, 1.0, (5,), float32). Environment is clipping to space
[WARNING]: Received an action [0.45053711 0.35780883 0.38947474 0.51307423 0.45866395] that was outside action space Box(0.0, 1.0, (5,), float32). Environment is clipping to space
[WARNING]: Received an action [0.44124613 0.4345772  0.452484   0.42345002 0.49257115] that was outside action space Box(0.0, 1.0, (5,), float32). Environment is clipping to space
[WARNING]: Received an action [0.52136877 0.48650628 0.63465802 0.51424274 0.49858149] that was outside action space Box(0.0, 1.0, (5,), float32). Environment is clipping to space
[WARNING]: Received an action [0.42873213 0.60471048 0.46788708 0.47133182 0.34025577] that was outside action space Box(0.0, 1.0, (5,), float32). Environment is clipping to space
[WARNING]: Received an action [0.64814706 0.60496175 0.48118905 0.3885722  0.49914796] that was outside action space Box(0.0, 1.0, (5,), float32). Environment is clipping to space
[WARNING]: Received an action [0.60769156 0.447114   0.60581204 0.52651728 0.46402425] that was outside action space Box(0.0, 1.0, (5,), float32). Environment is clipping to space
[WARNING]: Received an action [0.74842097 0.56248578 0.50557335 0.59732274 0.52063789] that was outside action space Box(0.0, 1.0, (5,), float32). Environment is clipping to space
[WARNING]: Received an action [0.48180797 0.62794104 0.34133828 0.5833139  0.63732471] that was outside action space Box(0.0, 1.0, (5,), float32). Environment is clipping to space
[WARNING]: Received an action [0.60538308 0.60153597 0.33566577 0.35340257 0.59514172] that was outside action space Box(0.0, 1.0, (5,), float32). Environment is clipping to space
[WARNING]: Received an action [0.52634936 0.35963565 0.50150595 0.57052463 0.52781315] that was outside action space Box(0.0, 1.0, (5,), float32). Environment is clipping to space
[WARNING]: Received an action [0.58962052 0.42525131 0.47493969 0.50501911 0.56877936] that was outside action space Box(0.0, 1.0, (5,), float32). Environment is clipping to space
[WARNING]: Received an action [0.3684988  0.50560573 0.55367147 0.52086783 0.49444011] that was outside action space Box(0.0, 1.0, (5,), float32). Environment is clipping to space
[WARNING]: Received an action [0.58893844 0.42084795 0.45943658 0.37986117 0.35742482] that was outside action space Box(0.0, 1.0, (5,), float32). Environment is clipping to space
[WARNING]: Received an action [0.3994592  0.51185588 0.28768571 0.38460504 0.61998832] that was outside action space Box(0.0, 1.0, (5,), float32). Environment is clipping to space
[WARNING]: Received an action [0.60100541 0.57014951 0.56648881 0.40056616 0.47420198] that was outside action space Box(0.0, 1.0, (5,), float32). Environment is clipping to space
[WARNING]: Received an action [0.58685674 0.55904983 0.51611569 0.32830211 0.69210848] that was outside action space Box(0.0, 1.0, (5,), float32). Environment is clipping to space
[WARNING]: Received an action [0.5903396  0.36985245 0.59354628 0.44210895 0.38510481] that was outside action space Box(0.0, 1.0, (5,), float32). Environment is clipping to space
[WARNING]: Received an action [0.25015715 0.5655715  0.34759596 0.54455048 0.52635698] that was outside action space Box(0.0, 1.0, (5,), float32). Environment is clipping to space
[WARNING]: Received an action [0.44543476 0.56381166 0.59286124 0.49089635 0.2286845 ] that was outside action space Box(0.0, 1.0, (5,), float32). Environment is clipping to space
[WARNING]: Received an action [0.4535171  0.42353249 0.57402567 0.49820747 0.45179936] that was outside action space Box(0.0, 1.0, (5,), float32). Environment is clipping to space
[WARNING]: Received an action [0.6337633  0.48418767 0.45905991 0.52313074 0.41975058] that was outside action space Box(0.0, 1.0, (5,), float32). Environment is clipping to space
[WARNING]: Received an action [0.44986508 0.40161799 0.37884766 0.39049526 0.52224378] that was outside action space Box(0.0, 1.0, (5,), float32). Environment is clipping to space
[WARNING]: Received an action [0.39089711 0.39388199 0.39280696 0.52975434 0.47809244] that was outside action space Box(0.0, 1.0, (5,), float32). Environment is clipping to space
[WARNING]: Received an action [0.34776866 0.47096385 0.49871738 0.50126579 0.593657  ] that was outside action space Box(0.0, 1.0, (5,), float32). Environment is clipping to space
[WARNING]: Received an action [0.39660865 0.35570308 0.39710026 0.54561523 0.49622739] that was outside action space Box(0.0, 1.0, (5,), float32). Environment is clipping to space
[WARNING]: Received an action [0.40959431 0.40321373 0.43888415 0.3957146  0.4813146 ] that was outside action space Box(0.0, 1.0, (5,), float32). Environment is clipping to space
[WARNING]: Received an action [0.60539063 0.57158334 0.47856422 0.56870472 0.4232107 ] that was outside action space Box(0.0, 1.0, (5,), float32). Environment is clipping to space
[WARNING]: Received an action [0.56142735 0.55565247 0.44637862 0.63391265 0.29785513] that was outside action space Box(0.0, 1.0, (5,), float32). Environment is clipping to space
[WARNING]: Received an action [0.38894585 0.69595951 0.41806816 0.38184489 0.51167047] that was outside action space Box(0.0, 1.0, (5,), float32). Environment is clipping to space
[WARNING]: Received an action [0.3300377  0.55382535 0.37451881 0.55108133 0.59246611] that was outside action space Box(0.0, 1.0, (5,), float32). Environment is clipping to space
[WARNING]: Received an action [0.49944382 0.29853273 0.43273529 0.60432162 0.61717245] that was outside action space Box(0.0, 1.0, (5,), float32). Environment is clipping to space
[WARNING]: Received an action [0.47065675 0.32975458 0.30713905 0.47129933 0.54839634] that was outside action space Box(0.0, 1.0, (5,), float32). Environment is clipping to space
[WARNING]: Received an action [0.67573631 0.6050035  0.34673598 0.59391127 0.43015718] that was outside action space Box(0.0, 1.0, (5,), float32). Environment is clipping to space
[WARNING]: Received an action [0.6124495  0.38850955 0.46750323 0.67081666 0.45117577] that was outside action space Box(0.0, 1.0, (5,), float32). Environment is clipping to space
[WARNING]: Received an action [0.49058398 0.54317    0.59422525 0.5239771  0.53985181] that was outside action space Box(0.0, 1.0, (5,), float32). Environment is clipping to space
[WARNING]: Received an action [0.33855851 0.48298112 0.48064485 0.54609151 0.50886339] that was outside action space Box(0.0, 1.0, (5,), float32). Environment is clipping to space
[WARNING]: Received an action [0.52895269 0.35286154 0.3914314  0.63555777 0.38938425] that was outside action space Box(0.0, 1.0, (5,), float32). Environment is clipping to space
[WARNING]: Received an action [0.52790862 0.44357735 0.38679537 0.4103432  0.41868538] that was outside action space Box(0.0, 1.0, (5,), float32). Environment is clipping to space
[WARNING]: Received an action [0.63216834 0.49563385 0.44442649 0.47098388 0.48359183] that was outside action space Box(0.0, 1.0, (5,), float32). Environment is clipping to space
[WARNING]: Received an action [0.62692153 0.46082483 0.28592033 0.4605218  0.24871425] that was outside action space Box(0.0, 1.0, (5,), float32). Environment is clipping to space
[WARNING]: Received an action [0.58142816 0.39073351 0.63965948 0.58015234 0.52915897] that was outside action space Box(0.0, 1.0, (5,), float32). Environment is clipping to space
[WARNING]: Received an action [0.6164167  0.45232096 0.27780199 0.47375195 0.44465781] that was outside action space Box(0.0, 1.0, (5,), float32). Environment is clipping to space
[WARNING]: Received an action [0.57589916 0.36784317 0.65503948 0.60083096 0.31962839] that was outside action space Box(0.0, 1.0, (5,), float32). Environment is clipping to space
[WARNING]: Received an action [0.44963234 0.64173905 0.4430248  0.53052761 0.44753393] that was outside action space Box(0.0, 1.0, (5,), float32). Environment is clipping to space
[WARNING]: Received an action [0.35505544 0.48900367 0.40948835 0.49643084 0.4848233 ] that was outside action space Box(0.0, 1.0, (5,), float32). Environment is clipping to space
[WARNING]: Received an action [0.52447043 0.38612518 0.2654694  0.44715198 0.61689953] that was outside action space Box(0.0, 1.0, (5,), float32). Environment is clipping to space
[WARNING]: Received an action [0.52519849 0.43762852 0.48766008 0.57490857 0.49277846] that was outside action space Box(0.0, 1.0, (5,), float32). Environment is clipping to space
[WARNING]: Received an action [0.3906123  0.60732831 0.55451145 0.41196222 0.65996379] that was outside action space Box(0.0, 1.0, (5,), float32). Environment is clipping to space
[WARNING]: Received an action [0.57501816 0.46559327 0.63206249 0.57187584 0.49553934] that was outside action space Box(0.0, 1.0, (5,), float32). Environment is clipping to space
[WARNING]: Received an action [0.55405563 0.5508744  0.42791961 0.46444877 0.6100978 ] that was outside action space Box(0.0, 1.0, (5,), float32). Environment is clipping to space
[WARNING]: Received an action [0.36263915 0.59884352 0.42863795 0.34777644 0.43530661] that was outside action space Box(0.0, 1.0, (5,), float32). Environment is clipping to space
[WARNING]: Received an action [0.43926896 0.39937361 0.64658013 0.64196097 0.63912036] that was outside action space Box(0.0, 1.0, (5,), float32). Environment is clipping to space
[WARNING]: Received an action [0.59127584 0.62215989 0.57372229 0.52192435 0.49235062] that was outside action space Box(0.0, 1.0, (5,), float32). Environment is clipping to space
[WARNING]: Received an action [0.52202272 0.4340514  0.45809233 0.49739148 0.62079891] that was outside action space Box(0.0, 1.0, (5,), float32). Environment is clipping to space
[WARNING]: Received an action [0.34733665 0.48355668 0.60004315 0.3692654  0.44541803] that was outside action space Box(0.0, 1.0, (5,), float32). Environment is clipping to space
[WARNING]: Received an action [0.53078358 0.50029478 0.49699352 0.64284517 0.50248309] that was outside action space Box(0.0, 1.0, (5,), float32). Environment is clipping to space
[WARNING]: Received an action [0.55151467 0.57081318 0.38852781 0.36959362 0.4089855 ] that was outside action space Box(0.0, 1.0, (5,), float32). Environment is clipping to space
[WARNING]: Received an action [0.53874257 0.30242988 0.43259848 0.36625011 0.40400818] that was outside action space Box(0.0, 1.0, (5,), float32). Environment is clipping to space
[WARNING]: Received an action [0.62470448 0.50205723 0.47544289 0.43325161 0.52459553] that was outside action space Box(0.0, 1.0, (5,), float32). Environment is clipping to space
[WARNING]: Received an action [0.49962141 0.49387887 0.38623074 0.57149934 0.50917216] that was outside action space Box(0.0, 1.0, (5,), float32). Environment is clipping to space
[WARNING]: Received an action [0.50275698 0.68712686 0.49944913 0.54056456 0.53056575] that was outside action space Box(0.0, 1.0, (5,), float32). Environment is clipping to space
[WARNING]: Received an action [0.53300737 0.37683342 0.45958825 0.44694176 0.59313337] that was outside action space Box(0.0, 1.0, (5,), float32). Environment is clipping to space
[WARNING]: Received an action [0.77383306 0.50491262 0.51205761 0.42712529 0.50815499] that was outside action space Box(0.0, 1.0, (5,), float32). Environment is clipping to space
[WARNING]: Received an action [0.4900526  0.50974508 0.51776308 0.49762234 0.49144449] that was outside action space Box(0.0, 1.0, (5,), float32). Environment is clipping to space
[WARNING]: Received an action [0.41434429 0.54709097 0.60275227 0.27114406 0.31629518] that was outside action space Box(0.0, 1.0, (5,), float32). Environment is clipping to space
[WARNING]: Received an action [0.77794754 0.49660176 0.52666166 0.39330948 0.54350069] that was outside action space Box(0.0, 1.0, (5,), float32). Environment is clipping to space
[WARNING]: Received an action [0.58988579 0.48087545 0.63227625 0.27992611 0.4453567 ] that was outside action space Box(0.0, 1.0, (5,), float32). Environment is clipping to space
[WARNING]: Received an action [0.53060175 0.5168435  0.56071904 0.72578394 0.35396528] that was outside action space Box(0.0, 1.0, (5,), float32). Environment is clipping to space
[WARNING]: Received an action [0.63583058 0.34525309 0.58326345 0.44901402 0.4276321 ] that was outside action space Box(0.0, 1.0, (5,), float32). Environment is clipping to space
[WARNING]: Received an action [0.50155843 0.32905619 0.6379377  0.29826443 0.49368089] that was outside action space Box(0.0, 1.0, (5,), float32). Environment is clipping to space
[WARNING]: Received an action [0.65259252 0.56495039 0.74918289 0.29551584 0.48949276] that was outside action space Box(0.0, 1.0, (5,), float32). Environment is clipping to space
[WARNING]: Received an action [0.65208766 0.60124077 0.62211245 0.59537868 0.62816401] that was outside action space Box(0.0, 1.0, (5,), float32). Environment is clipping to space
[WARNING]: Received an action [0.54713865 0.35398242 0.49299288 0.44061196 0.56465413] that was outside action space Box(0.0, 1.0, (5,), float32). Environment is clipping to space
[WARNING]: Received an action [0.38231001 0.54144596 0.3132088  0.56569604 0.53953899] that was outside action space Box(0.0, 1.0, (5,), float32). Environment is clipping to space
[WARNING]: Received an action [0.70483567 0.75420918 0.48123662 0.7430481  0.63846831] that was outside action space Box(0.0, 1.0, (5,), float32). Environment is clipping to space
[WARNING]: Received an action [0.68032227 0.48354467 0.49758688 0.66831029 0.30110844] that was outside action space Box(0.0, 1.0, (5,), float32). Environment is clipping to space
[WARNING]: Received an action [0.45323435 0.19278271 0.54077358 0.61142036 0.54669991] that was outside action space Box(0.0, 1.0, (5,), float32). Environment is clipping to space
[WARNING]: Received an action [0.51037467 0.54638409 0.53674983 0.53297631 0.47863639] that was outside action space Box(0.0, 1.0, (5,), float32). Environment is clipping to space
[WARNING]: Received an action [0.48923775 0.39169759 0.46497734 0.35509005 0.36641005] that was outside action space Box(0.0, 1.0, (5,), float32). Environment is clipping to space
[WARNING]: Received an action [0.53429648 0.53060673 0.54175024 0.47988825 0.46661142] that was outside action space Box(0.0, 1.0, (5,), float32). Environment is clipping to space
[WARNING]: Received an action [0.36561847 0.5913638  0.68898495 0.50633668 0.53671595] that was outside action space Box(0.0, 1.0, (5,), float32). Environment is clipping to space
[WARNING]: Received an action [0.42877645 0.45136262 0.53267565 0.37248509 0.35312872] that was outside action space Box(0.0, 1.0, (5,), float32). Environment is clipping to space
[WARNING]: Received an action [0.59220018 0.48314594 0.49267526 0.50599946 0.5239607 ] that was outside action space Box(0.0, 1.0, (5,), float32). Environment is clipping to space
[WARNING]: Received an action [0.43564626 0.4813839  0.50140386 0.60529646 0.56242431] that was outside action space Box(0.0, 1.0, (5,), float32). Environment is clipping to space
[WARNING]: Received an action [0.52327355 0.47853506 0.55799331 0.43673385 0.33343279] that was outside action space Box(0.0, 1.0, (5,), float32). Environment is clipping to space
[WARNING]: Received an action [0.47401665 0.41933699 0.41800838 0.42229878 0.53102896] that was outside action space Box(0.0, 1.0, (5,), float32). Environment is clipping to space
[WARNING]: Received an action [0.47446326 0.51453295 0.65139268 0.68371031 0.68679458] that was outside action space Box(0.0, 1.0, (5,), float32). Environment is clipping to space
[WARNING]: Received an action [0.6444864  0.30625368 0.59988072 0.36700492 0.36381407] that was outside action space Box(0.0, 1.0, (5,), float32). Environment is clipping to space
[WARNING]: Received an action [0.57790198 0.44531915 0.57490399 0.41348868 0.55292832] that was outside action space Box(0.0, 1.0, (5,), float32). Environment is clipping to space
[WARNING]: Received an action [0.3848992  0.51743727 0.53205113 0.42571086 0.39099154] that was outside action space Box(0.0, 1.0, (5,), float32). Environment is clipping to space
[WARNING]: Received an action [0.46307332 0.4565777  0.63334008 0.34429485 0.44993015] that was outside action space Box(0.0, 1.0, (5,), float32). Environment is clipping to space
[WARNING]: Received an action [0.57453757 0.50470198 0.58951416 0.49697361 0.56531127] that was outside action space Box(0.0, 1.0, (5,), float32). Environment is clipping to space
[WARNING]: Received an action [0.58587184 0.51873287 0.39631154 0.46216414 0.33824153] that was outside action space Box(0.0, 1.0, (5,), float32). Environment is clipping to space
[WARNING]: Received an action [0.35484081 0.5768032  0.58227385 0.40561107 0.28400276] that was outside action space Box(0.0, 1.0, (5,), float32). Environment is clipping to space
[WARNING]: Received an action [0.56805184 0.4149752  0.6850027  0.63741433 0.39409694] that was outside action space Box(0.0, 1.0, (5,), float32). Environment is clipping to space
[WARNING]: Received an action [0.53679753 0.43398556 0.45309478 0.54815476 0.54677934] that was outside action space Box(0.0, 1.0, (5,), float32). Environment is clipping to space
[WARNING]: Received an action [0.31323384 0.47810299 0.444392   0.43545116 0.44232891] that was outside action space Box(0.0, 1.0, (5,), float32). Environment is clipping to space
[WARNING]: Received an action [0.54724799 0.46505606 0.46754047 0.45135336 0.54222349] that was outside action space Box(0.0, 1.0, (5,), float32). Environment is clipping to space
[WARNING]: Received an action [0.56920008 0.7183291  0.43373003 0.59172275 0.5629935 ] that was outside action space Box(0.0, 1.0, (5,), float32). Environment is clipping to space
[WARNING]: Received an action [0.51334801 0.49626055 0.528431   0.58633794 0.40663878] that was outside action space Box(0.0, 1.0, (5,), float32). Environment is clipping to space
[WARNING]: Received an action [0.60863265 0.44655126 0.4177295  0.63689407 0.49704056] that was outside action space Box(0.0, 1.0, (5,), float32). Environment is clipping to space
[WARNING]: Received an action [0.54691152 0.49783847 0.33766355 0.61354699 0.53560983] that was outside action space Box(0.0, 1.0, (5,), float32). Environment is clipping to space
[WARNING]: Received an action [0.50131138 0.52681132 0.35971224 0.35301009 0.52883546] that was outside action space Box(0.0, 1.0, (5,), float32). Environment is clipping to space
[WARNING]: Received an action [0.37320353 0.37309695 0.45529639 0.52711502 0.39444172] that was outside action space Box(0.0, 1.0, (5,), float32). Environment is clipping to space
[WARNING]: Received an action [0.53073027 0.67059317 0.48452209 0.48411561 0.55397701] that was outside action space Box(0.0, 1.0, (5,), float32). Environment is clipping to space
[WARNING]: Received an action [0.40308898 0.5087679  0.54107869 0.31425652 0.30042249] that was outside action space Box(0.0, 1.0, (5,), float32). Environment is clipping to space
[WARNING]: Received an action [0.61406852 0.50257093 0.51662377 0.42335126 0.53036854] that was outside action space Box(0.0, 1.0, (5,), float32). Environment is clipping to space
[WARNING]: Received an action [0.35371245 0.33277934 0.54963142 0.51875717 0.56058717] that was outside action space Box(0.0, 1.0, (5,), float32). Environment is clipping to space
[WARNING]: Received an action [0.58898923 0.61578768 0.54363332 0.41730504 0.44483076] that was outside action space Box(0.0, 1.0, (5,), float32). Environment is clipping to space
[WARNING]: Received an action [0.43533469 0.33913411 0.44465692 0.5212998  0.41506322] that was outside action space Box(0.0, 1.0, (5,), float32). Environment is clipping to space
[WARNING]: Received an action [0.58410638 0.49003055 0.48978103 0.49009244 0.47082018] that was outside action space Box(0.0, 1.0, (5,), float32). Environment is clipping to space
[WARNING]: Received an action [0.48322445 0.49822854 0.33426791 0.51782309 0.36170169] that was outside action space Box(0.0, 1.0, (5,), float32). Environment is clipping to space
[WARNING]: Received an action [0.57184655 0.41898432 0.50065914 0.41261943 0.49782899] that was outside action space Box(0.0, 1.0, (5,), float32). Environment is clipping to space
[WARNING]: Received an action [0.47605448 0.27846953 0.56170305 0.44717529 0.49907301] that was outside action space Box(0.0, 1.0, (5,), float32). Environment is clipping to space
[WARNING]: Received an action [0.71838322 0.53497645 0.4129006  0.4534524  0.64056975] that was outside action space Box(0.0, 1.0, (5,), float32). Environment is clipping to space
[WARNING]: Received an action [0.39907912 0.35452737 0.39690189 0.50498273 0.64263379] that was outside action space Box(0.0, 1.0, (5,), float32). Environment is clipping to space
[WARNING]: Received an action [0.57627821 0.50665764 0.25452064 0.58620932 0.48933863] that was outside action space Box(0.0, 1.0, (5,), float32). Environment is clipping to space
[WARNING]: Received an action [0.45531948 0.3917841  0.4921472  0.39777925 0.4822496 ] that was outside action space Box(0.0, 1.0, (5,), float32). Environment is clipping to space
[WARNING]: Received an action [0.17500606 0.49120894 0.53155324 0.27188017 0.5840385 ] that was outside action space Box(0.0, 1.0, (5,), float32). Environment is clipping to space
[WARNING]: Received an action [0.47308269 0.50426615 0.49505711 0.60922679 0.65394938] that was outside action space Box(0.0, 1.0, (5,), float32). Environment is clipping to space
[WARNING]: Received an action [0.42363128 0.42253047 0.54577438 0.37055628 0.46795516] that was outside action space Box(0.0, 1.0, (5,), float32). Environment is clipping to space
[WARNING]: Received an action [0.46617179 0.65296266 0.39622302 0.40646614 0.40783166] that was outside action space Box(0.0, 1.0, (5,), float32). Environment is clipping to space
[WARNING]: Received an action [0.57135393 0.63706998 0.62508181 0.710809   0.4731051 ] that was outside action space Box(0.0, 1.0, (5,), float32). Environment is clipping to space
[WARNING]: Received an action [0.6277254  0.53735809 0.58861323 0.36783434 0.38522417] that was outside action space Box(0.0, 1.0, (5,), float32). Environment is clipping to space
[WARNING]: Received an action [0.59043777 0.48034591 0.5492079  0.48275628 0.54966913] that was outside action space Box(0.0, 1.0, (5,), float32). Environment is clipping to space
[WARNING]: Received an action [0.38599671 0.47676944 0.43195028 0.45591559 0.56431836] that was outside action space Box(0.0, 1.0, (5,), float32). Environment is clipping to space
[WARNING]: Received an action [0.65437148 0.43601076 0.60230202 0.31235685 0.40183482] that was outside action space Box(0.0, 1.0, (5,), float32). Environment is clipping to space
[WARNING]: Received an action [0.59435197 0.65357172 0.41793407 0.36104588 0.50626219] that was outside action space Box(0.0, 1.0, (5,), float32). Environment is clipping to space
[WARNING]: Received an action [0.77386567 0.54933829 0.43089003 0.43742182 0.76555017] that was outside action space Box(0.0, 1.0, (5,), float32). Environment is clipping to space
[WARNING]: Received an action [0.45688382 0.33165788 0.39659204 0.43731771 0.65362541] that was outside action space Box(0.0, 1.0, (5,), float32). Environment is clipping to space
[WARNING]: Received an action [0.48622269 0.5012538  0.6691312  0.37615307 0.54578552] that was outside action space Box(0.0, 1.0, (5,), float32). Environment is clipping to space
[WARNING]: Received an action [0.42819552 0.25351105 0.39539739 0.67230635 0.2011654 ] that was outside action space Box(0.0, 1.0, (5,), float32). Environment is clipping to space
[WARNING]: Received an action [0.79083846 0.55962468 0.34469041 0.4448031  0.45369959] that was outside action space Box(0.0, 1.0, (5,), float32). Environment is clipping to space
[WARNING]: Received an action [0.40457288 0.43018669 0.6126832  0.6187983  0.60159959] that was outside action space Box(0.0, 1.0, (5,), float32). Environment is clipping to space
[WARNING]: Received an action [0.50655829 0.42593456 0.41762795 0.40484    0.50708637] that was outside action space Box(0.0, 1.0, (5,), float32). Environment is clipping to space
[WARNING]: Received an action [0.37066306 0.25353964 0.59323501 0.53308253 0.68137804] that was outside action space Box(0.0, 1.0, (5,), float32). Environment is clipping to space
[WARNING]: Received an action [0.49417547 0.5748621  0.53407462 0.42279206 0.68456498] that was outside action space Box(0.0, 1.0, (5,), float32). Environment is clipping to space
[WARNING]: Received an action [0.4227173  0.42462326 0.53784739 0.50096166 0.22276625] that was outside action space Box(0.0, 1.0, (5,), float32). Environment is clipping to space
[WARNING]: Received an action [0.57835493 0.39865735 0.53601004 0.31041988 0.25068647] that was outside action space Box(0.0, 1.0, (5,), float32). Environment is clipping to space
[WARNING]: Received an action [0.39928986 0.57445327 0.65484044 0.33605873 0.6326409 ] that was outside action space Box(0.0, 1.0, (5,), float32). Environment is clipping to space
[WARNING]: Received an action [0.52405516 0.54535638 0.39646577 0.46538292 0.45541921] that was outside action space Box(0.0, 1.0, (5,), float32). Environment is clipping to space
[WARNING]: Received an action [0.62102027 0.50942372 0.59417739 0.46336766 0.52920488] that was outside action space Box(0.0, 1.0, (5,), float32). Environment is clipping to space
[WARNING]: Received an action [0.50394158 0.37419523 0.52409515 0.48264572 0.53429474] that was outside action space Box(0.0, 1.0, (5,), float32). Environment is clipping to space
[WARNING]: Received an action [0.39553904 0.34369859 0.44706044 0.61570905 0.37081617] that was outside action space Box(0.0, 1.0, (5,), float32). Environment is clipping to space
[WARNING]: Received an action [0.50443055 0.50457797 0.57363962 0.52958118 0.73501112] that was outside action space Box(0.0, 1.0, (5,), float32). Environment is clipping to space
[WARNING]: Received an action [0.52874907 0.5434498  0.6420435  0.48999697 0.28691839] that was outside action space Box(0.0, 1.0, (5,), float32). Environment is clipping to space
[WARNING]: Received an action [0.54628896 0.52418784 0.50459136 0.4444331  0.52110173] that was outside action space Box(0.0, 1.0, (5,), float32). Environment is clipping to space
[WARNING]: Received an action [0.56143435 0.44507997 0.51078925 0.31228467 0.30474419] that was outside action space Box(0.0, 1.0, (5,), float32). Environment is clipping to space
[WARNING]: Received an action [0.36736172 0.50429928 0.55680427 0.39230912 0.42802117] that was outside action space Box(0.0, 1.0, (5,), float32). Environment is clipping to space
[WARNING]: Received an action [0.6123201  0.74283564 0.23076559 0.49863954 0.52635181] that was outside action space Box(0.0, 1.0, (5,), float32). Environment is clipping to space
[WARNING]: Received an action [0.50451362 0.4262053  0.5830251  0.46472984 0.38321545] that was outside action space Box(0.0, 1.0, (5,), float32). Environment is clipping to space
[WARNING]: Received an action [0.53700506 0.50109142 0.68563469 0.34499051 0.6892119 ] that was outside action space Box(0.0, 1.0, (5,), float32). Environment is clipping to space
[WARNING]: Received an action [0.72819509 0.48027084 0.35600904 0.34254327 0.46902249] that was outside action space Box(0.0, 1.0, (5,), float32). Environment is clipping to space
[WARNING]: Received an action [0.63693069 0.36320643 0.75524008 0.24846732 0.44992545] that was outside action space Box(0.0, 1.0, (5,), float32). Environment is clipping to space
[WARNING]: Received an action [0.51654521 0.43577944 0.50310511 0.33343883 0.55626773] that was outside action space Box(0.0, 1.0, (5,), float32). Environment is clipping to space
[WARNING]: Received an action [0.51825384 0.34921592 0.40202455 0.52940157 0.36782634] that was outside action space Box(0.0, 1.0, (5,), float32). Environment is clipping to space
[WARNING]: Received an action [0.5182291  0.67029639 0.60011944 0.39959642 0.35205986] that was outside action space Box(0.0, 1.0, (5,), float32). Environment is clipping to space
[WARNING]: Received an action [0.62925022 0.41508625 0.52103883 0.42582078 0.29171526] that was outside action space Box(0.0, 1.0, (5,), float32). Environment is clipping to space
[WARNING]: Received an action [0.51128307 0.48559366 0.38399243 0.33491194 0.45776158] that was outside action space Box(0.0, 1.0, (5,), float32). Environment is clipping to space
[WARNING]: Received an action [0.60611766 0.43210169 0.42617026 0.46144147 0.54570686] that was outside action space Box(0.0, 1.0, (5,), float32). Environment is clipping to space
[WARNING]: Received an action [0.35887182 0.56184142 0.47693693 0.39080823 0.66687961] that was outside action space Box(0.0, 1.0, (5,), float32). Environment is clipping to space
[WARNING]: Received an action [0.63961126 0.42676287 0.30430964 0.48500987 0.4744031 ] that was outside action space Box(0.0, 1.0, (5,), float32). Environment is clipping to space
[WARNING]: Received an action [0.57222005 0.41373035 0.4660475  0.19985173 0.35273952] that was outside action space Box(0.0, 1.0, (5,), float32). Environment is clipping to space
[WARNING]: Received an action [0.45449145 0.4139549  0.60658215 0.60101445 0.50302649] that was outside action space Box(0.0, 1.0, (5,), float32). Environment is clipping to space
[WARNING]: Received an action [0.53830533 0.55002917 0.42520346 0.4025007  0.57324925] that was outside action space Box(0.0, 1.0, (5,), float32). Environment is clipping to space
[WARNING]: Received an action [0.63266056 0.54990097 0.4952044  0.35611919 0.45940169] that was outside action space Box(0.0, 1.0, (5,), float32). Environment is clipping to space
[WARNING]: Received an action [0.44906334 0.67817296 0.66865338 0.62635999 0.58461136] that was outside action space Box(0.0, 1.0, (5,), float32). Environment is clipping to space
[WARNING]: Received an action [0.53066801 0.4624399  0.27378452 0.39574522 0.46765143] that was outside action space Box(0.0, 1.0, (5,), float32). Environment is clipping to space
[WARNING]: Received an action [0.32989707 0.59236473 0.59928563 0.44669296 0.41883166] that was outside action space Box(0.0, 1.0, (5,), float32). Environment is clipping to space
[WARNING]: Received an action [0.21379346 0.38181105 0.35780613 0.55306289 0.54202351] that was outside action space Box(0.0, 1.0, (5,), float32). Environment is clipping to space
[WARNING]: Received an action [0.63260795 0.50376338 0.49427047 0.49438845 0.51619442] that was outside action space Box(0.0, 1.0, (5,), float32). Environment is clipping to space
[WARNING]: Received an action [0.64326012 0.42806196 0.57468592 0.45457297 0.33196409] that was outside action space Box(0.0, 1.0, (5,), float32). Environment is clipping to space
[WARNING]: Received an action [0.4286783  0.61518775 0.5823248  0.42571692 0.69055438] that was outside action space Box(0.0, 1.0, (5,), float32). Environment is clipping to space
[WARNING]: Received an action [0.40095392 0.45749429 0.44113582 0.46354207 0.43432289] that was outside action space Box(0.0, 1.0, (5,), float32). Environment is clipping to space
[WARNING]: Received an action [0.41585116 0.46626226 0.43408559 0.46487172 0.43140574] that was outside action space Box(0.0, 1.0, (5,), float32). Environment is clipping to space
[WARNING]: Received an action [0.41835832 0.59289658 0.48608033 0.47166769 0.50972176] that was outside action space Box(0.0, 1.0, (5,), float32). Environment is clipping to space
[WARNING]: Received an action [0.48617639 0.39435304 0.46744631 0.42527174 0.35760692] that was outside action space Box(0.0, 1.0, (5,), float32). Environment is clipping to space
[WARNING]: Received an action [0.49853334 0.47396151 0.5446672  0.41963664 0.28729271] that was outside action space Box(0.0, 1.0, (5,), float32). Environment is clipping to space
[WARNING]: Received an action [0.33941542 0.64111102 0.75126138 0.3708237  0.73493599] that was outside action space Box(0.0, 1.0, (5,), float32). Environment is clipping to space
[WARNING]: Received an action [0.64406749 0.32976316 0.46204974 0.40866439 0.39952573] that was outside action space Box(0.0, 1.0, (5,), float32). Environment is clipping to space
[WARNING]: Received an action [0.5622434  0.60879449 0.62801624 0.35558185 0.53605786] that was outside action space Box(0.0, 1.0, (5,), float32). Environment is clipping to space
[WARNING]: Received an action [0.47215241 0.49374736 0.5476875  0.50315051 0.59279907] that was outside action space Box(0.0, 1.0, (5,), float32). Environment is clipping to space
[WARNING]: Received an action [0.54044895 0.52301331 0.45305793 0.51033534 0.41203396] that was outside action space Box(0.0, 1.0, (5,), float32). Environment is clipping to space
[WARNING]: Received an action [0.62375852 0.43717566 0.43370019 0.49149216 0.42630289] that was outside action space Box(0.0, 1.0, (5,), float32). Environment is clipping to space
[WARNING]: Received an action [0.48453913 0.5240529  0.53051135 0.49381023 0.53829302] that was outside action space Box(0.0, 1.0, (5,), float32). Environment is clipping to space
[WARNING]: Received an action [0.57024788 0.49270027 0.29098491 0.58298701 0.60069997] that was outside action space Box(0.0, 1.0, (5,), float32). Environment is clipping to space
[WARNING]: Received an action [0.55255497 0.40844412 0.63166117 0.23758248 0.34224978] that was outside action space Box(0.0, 1.0, (5,), float32). Environment is clipping to space
[WARNING]: Received an action [0.32082313 0.53024796 0.56103533 0.67504024 0.51814157] that was outside action space Box(0.0, 1.0, (5,), float32). Environment is clipping to space
[WARNING]: Received an action [0.66778683 0.44287817 0.52171091 0.50793375 0.32712458] that was outside action space Box(0.0, 1.0, (5,), float32). Environment is clipping to space
[WARNING]: Received an action [0.53291918 0.44137005 0.57768093 0.40884428 0.42983051] that was outside action space Box(0.0, 1.0, (5,), float32). Environment is clipping to space
[WARNING]: Received an action [0.42157296 0.43481982 0.4112852  0.52552833 0.65955019] that was outside action space Box(0.0, 1.0, (5,), float32). Environment is clipping to space
[WARNING]: Received an action [0.54281136 0.52246028 0.42443043 0.45543014 0.53014585] that was outside action space Box(0.0, 1.0, (5,), float32). Environment is clipping to space
[WARNING]: Received an action [0.52495021 0.46975515 0.56772289 0.30360304 0.42976027] that was outside action space Box(0.0, 1.0, (5,), float32). Environment is clipping to space
[WARNING]: Received an action [0.51813767 0.63809352 0.72479404 0.50496075 0.57641275] that was outside action space Box(0.0, 1.0, (5,), float32). Environment is clipping to space
[WARNING]: Received an action [0.39117508 0.51260471 0.39843903 0.45627841 0.41180486] that was outside action space Box(0.0, 1.0, (5,), float32). Environment is clipping to space
[WARNING]: Received an action [0.51666584 0.62973833 0.43813646 0.32310644 0.49499787] that was outside action space Box(0.0, 1.0, (5,), float32). Environment is clipping to space
[WARNING]: Received an action [0.5185368  0.46600992 0.57608807 0.39470648 0.56979195] that was outside action space Box(0.0, 1.0, (5,), float32). Environment is clipping to space
[WARNING]: Received an action [0.43045209 0.63110343 0.43827729 0.406788   0.46861482] that was outside action space Box(0.0, 1.0, (5,), float32). Environment is clipping to space
[WARNING]: Received an action [0.53222567 0.36361452 0.505805   0.26046406 0.46015251] that was outside action space Box(0.0, 1.0, (5,), float32). Environment is clipping to space
[WARNING]: Received an action [0.68156173 0.56230291 0.51139898 0.32677017 0.58305681] that was outside action space Box(0.0, 1.0, (5,), float32). Environment is clipping to space
[WARNING]: Received an action [0.54933561 0.5115293  0.42718928 0.49341878 0.45284588] that was outside action space Box(0.0, 1.0, (5,), float32). Environment is clipping to space
[WARNING]: Received an action [0.38727724 0.36075564 0.45806836 0.26517821 0.43847112] that was outside action space Box(0.0, 1.0, (5,), float32). Environment is clipping to space
[WARNING]: Received an action [0.41358392 0.60350722 0.6264206  0.43590929 0.55460995] that was outside action space Box(0.0, 1.0, (5,), float32). Environment is clipping to space
[WARNING]: Received an action [0.70238065 0.41081327 0.40762382 0.47530184 0.59754931] that was outside action space Box(0.0, 1.0, (5,), float32). Environment is clipping to space
[WARNING]: Received an action [0.56720041 0.46649313 0.50394217 0.66940494 0.5440715 ] that was outside action space Box(0.0, 1.0, (5,), float32). Environment is clipping to space
[WARNING]: Received an action [0.56339775 0.64924286 0.67545367 0.51733266 0.56300488] that was outside action space Box(0.0, 1.0, (5,), float32). Environment is clipping to space
[WARNING]: Received an action [0.33457402 0.55924552 0.48875277 0.45534009 0.53733646] that was outside action space Box(0.0, 1.0, (5,), float32). Environment is clipping to space
[WARNING]: Received an action [0.6203306  0.31497163 0.49004123 0.39870358 0.42536865] that was outside action space Box(0.0, 1.0, (5,), float32). Environment is clipping to space
[WARNING]: Received an action [0.63026716 0.65743588 0.46790909 0.43258568 0.61397669] that was outside action space Box(0.0, 1.0, (5,), float32). Environment is clipping to space
[WARNING]: Received an action [0.47001954 0.3703493  0.56053869 0.54853158 0.41074568] that was outside action space Box(0.0, 1.0, (5,), float32). Environment is clipping to space
[WARNING]: Received an action [0.40693664 0.56417683 0.41809194 0.35594595 0.49275132] that was outside action space Box(0.0, 1.0, (5,), float32). Environment is clipping to space
[WARNING]: Received an action [0.4292277  0.45966155 0.39498454 0.5041318  0.46003484] that was outside action space Box(0.0, 1.0, (5,), float32). Environment is clipping to space
[WARNING]: Received an action [0.47500018 0.48851974 0.3264983  0.54394393 0.46821661] that was outside action space Box(0.0, 1.0, (5,), float32). Environment is clipping to space
[WARNING]: Received an action [0.48657344 0.36989357 0.47460393 0.41997576 0.42301074] that was outside action space Box(0.0, 1.0, (5,), float32). Environment is clipping to space
[WARNING]: Received an action [0.43162684 0.30969811 0.53940092 0.41977659 0.47008741] that was outside action space Box(0.0, 1.0, (5,), float32). Environment is clipping to space
[WARNING]: Received an action [0.60486621 0.54283738 0.52932069 0.59094353 0.53260784] that was outside action space Box(0.0, 1.0, (5,), float32). Environment is clipping to space
[WARNING]: Received an action [0.5169603  0.69549367 0.37600651 0.4088678  0.40188089] that was outside action space Box(0.0, 1.0, (5,), float32). Environment is clipping to space
[WARNING]: Received an action [0.38783192 0.52151401 0.42188732 0.38043647 0.73599768] that was outside action space Box(0.0, 1.0, (5,), float32). Environment is clipping to space
[WARNING]: Received an action [0.48724487 0.6741058  0.63522939 0.71287799 0.41165904] that was outside action space Box(0.0, 1.0, (5,), float32). Environment is clipping to space
[WARNING]: Received an action [0.43583338 0.31083043 0.43620992 0.29085761 0.30682111] that was outside action space Box(0.0, 1.0, (5,), float32). Environment is clipping to space
[WARNING]: Received an action [0.4692573  0.35905307 0.54705277 0.50733065 0.66333798] that was outside action space Box(0.0, 1.0, (5,), float32). Environment is clipping to space
[WARNING]: Received an action [0.4249472  0.45302967 0.43519882 0.67995897 0.58529284] that was outside action space Box(0.0, 1.0, (5,), float32). Environment is clipping to space
[WARNING]: Received an action [0.45980133 0.31658293 0.49405026 0.32797843 0.44063615] that was outside action space Box(0.0, 1.0, (5,), float32). Environment is clipping to space
[WARNING]: Received an action [0.2897184  0.44014297 0.43424329 0.6159652  0.76810925] that was outside action space Box(0.0, 1.0, (5,), float32). Environment is clipping to space
[WARNING]: Received an action [0.51808482 0.30614986 0.36403907 0.5619362  0.38643365] that was outside action space Box(0.0, 1.0, (5,), float32). Environment is clipping to space
[WARNING]: Received an action [0.59522885 0.54712835 0.50397881 0.49368338 0.47322764] that was outside action space Box(0.0, 1.0, (5,), float32). Environment is clipping to space
[WARNING]: Received an action [0.36862142 0.5803698  0.50177406 0.57155693 0.56632751] that was outside action space Box(0.0, 1.0, (5,), float32). Environment is clipping to space
[WARNING]: Received an action [0.30382919 0.33257607 0.43418397 0.37803072 0.61870294] that was outside action space Box(0.0, 1.0, (5,), float32). Environment is clipping to space
[WARNING]: Received an action [0.54311861 0.60541399 0.62013887 0.25888581 0.35944716] that was outside action space Box(0.0, 1.0, (5,), float32). Environment is clipping to space
[WARNING]: Received an action [0.53545635 0.29613238 0.56994708 0.37273236 0.62485022] that was outside action space Box(0.0, 1.0, (5,), float32). Environment is clipping to space
[WARNING]: Received an action [0.52260685 0.44639713 0.36021254 0.36528134 0.55596558] that was outside action space Box(0.0, 1.0, (5,), float32). Environment is clipping to space
[WARNING]: Received an action [0.60353183 0.48367843 0.32687937 0.42679514 0.48535022] that was outside action space Box(0.0, 1.0, (5,), float32). Environment is clipping to space
[WARNING]: Received an action [0.46730676 0.52974819 0.41980602 0.52314159 0.45465979] that was outside action space Box(0.0, 1.0, (5,), float32). Environment is clipping to space
[WARNING]: Received an action [0.26784512 0.437548   0.36730097 0.6585105  0.61586335] that was outside action space Box(0.0, 1.0, (5,), float32). Environment is clipping to space
[WARNING]: Received an action [0.64117327 0.49653411 0.42159284 0.2689229  0.41608227] that was outside action space Box(0.0, 1.0, (5,), float32). Environment is clipping to space
[WARNING]: Received an action [0.50070263 0.47454758 0.5569905  0.50678751 0.59103937] that was outside action space Box(0.0, 1.0, (5,), float32). Environment is clipping to space
[WARNING]: Received an action [0.49419233 0.46081635 0.67113864 0.56009661 0.62995984] that was outside action space Box(0.0, 1.0, (5,), float32). Environment is clipping to space
[WARNING]: Received an action [0.49585544 0.43850999 0.43916699 0.28498139 0.71743048] that was outside action space Box(0.0, 1.0, (5,), float32). Environment is clipping to space
[WARNING]: Received an action [0.46640784 0.51746884 0.60065664 0.49740288 0.71414134] that was outside action space Box(0.0, 1.0, (5,), float32). Environment is clipping to space
[WARNING]: Received an action [0.52551841 0.43368062 0.48036848 0.57033736 0.57176778] that was outside action space Box(0.0, 1.0, (5,), float32). Environment is clipping to space
[WARNING]: Received an action [0.54776943 0.42540847 0.46517702 0.46314955 0.38081043] that was outside action space Box(0.0, 1.0, (5,), float32). Environment is clipping to space
[WARNING]: Received an action [0.47342873 0.37812091 0.30522317 0.48716119 0.43454635] that was outside action space Box(0.0, 1.0, (5,), float32). Environment is clipping to space
[WARNING]: Received an action [0.41184145 0.59369362 0.59524235 0.6560236  0.56882653] that was outside action space Box(0.0, 1.0, (5,), float32). Environment is clipping to space
[WARNING]: Received an action [0.53733105 0.45022644 0.42533088 0.30812664 0.37009524] that was outside action space Box(0.0, 1.0, (5,), float32). Environment is clipping to space
[WARNING]: Received an action [0.22279055 0.50269769 0.58497167 0.54309175 0.51468657] that was outside action space Box(0.0, 1.0, (5,), float32). Environment is clipping to space
[WARNING]: Received an action [0.41486547 0.42485872 0.49737594 0.48097909 0.59625754] that was outside action space Box(0.0, 1.0, (5,), float32). Environment is clipping to space
[WARNING]: Received an action [0.59268567 0.41333778 0.57764082 0.37427332 0.37782766] that was outside action space Box(0.0, 1.0, (5,), float32). Environment is clipping to space
[WARNING]: Received an action [0.48575205 0.44086129 0.56113349 0.45199237 0.74344919] that was outside action space Box(0.0, 1.0, (5,), float32). Environment is clipping to space
[WARNING]: Received an action [0.48073198 0.32936683 0.29621536 0.63151441 0.21794045] that was outside action space Box(0.0, 1.0, (5,), float32). Environment is clipping to space
[WARNING]: Received an action [0.51590655 0.6451572  0.36801527 0.45352777 0.43238176] that was outside action space Box(0.0, 1.0, (5,), float32). Environment is clipping to space
[WARNING]: Received an action [0.52183105 0.69115279 0.33753489 0.33520496 0.49209346] that was outside action space Box(0.0, 1.0, (5,), float32). Environment is clipping to space
[WARNING]: Received an action [0.36842038 0.55877018 0.46181901 0.50961489 0.50121625] that was outside action space Box(0.0, 1.0, (5,), float32). Environment is clipping to space
[WARNING]: Received an action [0.40154219 0.42960255 0.62513801 0.54362349 0.4241706 ] that was outside action space Box(0.0, 1.0, (5,), float32). Environment is clipping to space
[WARNING]: Received an action [0.5393536  0.53101202 0.52240338 0.7088006  0.64843495] that was outside action space Box(0.0, 1.0, (5,), float32). Environment is clipping to space
[WARNING]: Received an action [0.49794168 0.48825531 0.61339403 0.46505854 0.55168359] that was outside action space Box(0.0, 1.0, (5,), float32). Environment is clipping to space
[WARNING]: Received an action [0.42919545 0.434388   0.39349744 0.2196267  0.32660758] that was outside action space Box(0.0, 1.0, (5,), float32). Environment is clipping to space
[WARNING]: Received an action [0.36474438 0.53881083 0.57375497 0.35711195 0.5563287 ] that was outside action space Box(0.0, 1.0, (5,), float32). Environment is clipping to space
[WARNING]: Received an action [0.52017652 0.57899553 0.48000853 0.44983491 0.54789945] that was outside action space Box(0.0, 1.0, (5,), float32). Environment is clipping to space
[WARNING]: Received an action [0.58605617 0.66192668 0.54424857 0.45414879 0.45762769] that was outside action space Box(0.0, 1.0, (5,), float32). Environment is clipping to space
[WARNING]: Received an action [0.65439117 0.45625312 0.70909017 0.4686883  0.64519403] that was outside action space Box(0.0, 1.0, (5,), float32). Environment is clipping to space
[WARNING]: Received an action [0.41582301 0.4743178  0.31887549 0.46000999 0.57780826] that was outside action space Box(0.0, 1.0, (5,), float32). Environment is clipping to space
[WARNING]: Received an action [0.33738648 0.47844002 0.55759607 0.39862093 0.66038981] that was outside action space Box(0.0, 1.0, (5,), float32). Environment is clipping to space
[WARNING]: Received an action [0.56935174 0.53715206 0.66537695 0.38660057 0.67721995] that was outside action space Box(0.0, 1.0, (5,), float32). Environment is clipping to space
[WARNING]: Received an action [0.49255796 0.44043655 0.39506002 0.59470163 0.43970709] that was outside action space Box(0.0, 1.0, (5,), float32). Environment is clipping to space
[WARNING]: Received an action [0.51256888 0.3365943  0.49282242 0.41961604 0.37504103] that was outside action space Box(0.0, 1.0, (5,), float32). Environment is clipping to space
[WARNING]: Received an action [0.55145419 0.38783327 0.65471864 0.48738218 0.73631567] that was outside action space Box(0.0, 1.0, (5,), float32). Environment is clipping to space
[WARNING]: Received an action [0.51261385 0.43598657 0.62699074 0.78144366 0.35311211] that was outside action space Box(0.0, 1.0, (5,), float32). Environment is clipping to space
[WARNING]: Received an action [0.48664625 0.44006023 0.63492934 0.46455914 0.43693732] that was outside action space Box(0.0, 1.0, (5,), float32). Environment is clipping to space
[WARNING]: Received an action [0.55260222 0.47452932 0.6557806  0.46637149 0.54931038] that was outside action space Box(0.0, 1.0, (5,), float32). Environment is clipping to space
[WARNING]: Received an action [0.40662742 0.35759979 0.40898946 0.38492955 0.34132664] that was outside action space Box(0.0, 1.0, (5,), float32). Environment is clipping to space
[WARNING]: Received an action [0.60683647 0.38314704 0.45987268 0.21690325 0.47540716] that was outside action space Box(0.0, 1.0, (5,), float32). Environment is clipping to space
[WARNING]: Received an action [0.5851005  0.41712066 0.56175493 0.32681314 0.55249162] that was outside action space Box(0.0, 1.0, (5,), float32). Environment is clipping to space
[WARNING]: Received an action [0.46073761 0.57089943 0.63379988 0.53632109 0.46184844] that was outside action space Box(0.0, 1.0, (5,), float32). Environment is clipping to space
[WARNING]: Received an action [0.63226765 0.29836643 0.58401003 0.43060953 0.4471514 ] that was outside action space Box(0.0, 1.0, (5,), float32). Environment is clipping to space
[WARNING]: Received an action [0.67344302 0.63846014 0.39300825 0.57473969 0.60050742] that was outside action space Box(0.0, 1.0, (5,), float32). Environment is clipping to space
[WARNING]: Received an action [0.59890312 0.57186963 0.33647869 0.56823106 0.56792756] that was outside action space Box(0.0, 1.0, (5,), float32). Environment is clipping to space
[WARNING]: Received an action [0.57312529 0.37136582 0.61710912 0.27987893 0.29696424] that was outside action space Box(0.0, 1.0, (5,), float32). Environment is clipping to space
[WARNING]: Received an action [0.35400127 0.40024559 0.57734609 0.3982255  0.63901349] that was outside action space Box(0.0, 1.0, (5,), float32). Environment is clipping to space
[WARNING]: Received an action [0.37187987 0.79085471 0.60029881 0.30623821 0.46638872] that was outside action space Box(0.0, 1.0, (5,), float32). Environment is clipping to space
[WARNING]: Received an action [0.6678079  0.50103392 0.49284672 0.48598179 0.37661512] that was outside action space Box(0.0, 1.0, (5,), float32). Environment is clipping to space
[WARNING]: Received an action [0.41345959 0.50189815 0.63871197 0.53922239 0.59720881] that was outside action space Box(0.0, 1.0, (5,), float32). Environment is clipping to space
[WARNING]: Received an action [0.51198839 0.68261869 0.38973078 0.54577865 0.73185438] that was outside action space Box(0.0, 1.0, (5,), float32). Environment is clipping to space
[WARNING]: Received an action [0.55805681 0.49645085 0.42550995 0.61207397 0.53171819] that was outside action space Box(0.0, 1.0, (5,), float32). Environment is clipping to space
[WARNING]: Received an action [0.46523981 0.71711092 0.53247641 0.48968053 0.64379132] that was outside action space Box(0.0, 1.0, (5,), float32). Environment is clipping to space
[WARNING]: Received an action [0.53133964 0.51663964 0.54270226 0.50154295 0.36246383] that was outside action space Box(0.0, 1.0, (5,), float32). Environment is clipping to space
[WARNING]: Received an action [0.76604126 0.43039148 0.50134722 0.7208871  0.39422699] that was outside action space Box(0.0, 1.0, (5,), float32). Environment is clipping to space
[WARNING]: Received an action [0.41226459 0.59918583 0.75577335 0.49791555 0.68819674] that was outside action space Box(0.0, 1.0, (5,), float32). Environment is clipping to space
[WARNING]: Received an action [0.41037379 0.38324932 0.56351245 0.46737038 0.43720874] that was outside action space Box(0.0, 1.0, (5,), float32). Environment is clipping to space
[WARNING]: Received an action [0.52618577 0.31964369 0.5539142  0.72607341 0.22155905] that was outside action space Box(0.0, 1.0, (5,), float32). Environment is clipping to space
[WARNING]: Received an action [0.43574906 0.69929088 0.38998082 0.69817719 0.78519859] that was outside action space Box(0.0, 1.0, (5,), float32). Environment is clipping to space
[WARNING]: Received an action [0.48240192 0.47976361 0.59473349 0.53004074 0.41291457] that was outside action space Box(0.0, 1.0, (5,), float32). Environment is clipping to space
[WARNING]: Received an action [0.51590425 0.59128898 0.58864509 0.57741511 0.55439186] that was outside action space Box(0.0, 1.0, (5,), float32). Environment is clipping to space
[WARNING]: Received an action [0.62192157 0.67183306 0.45643651 0.50524054 0.81058284] that was outside action space Box(0.0, 1.0, (5,), float32). Environment is clipping to space
[WARNING]: Received an action [0.62506247 0.42557208 0.29318878 0.55067668 0.48811725] that was outside action space Box(0.0, 1.0, (5,), float32). Environment is clipping to space
[WARNING]: Received an action [0.5502896  0.47527595 0.39207559 0.40498773 0.53626026] that was outside action space Box(0.0, 1.0, (5,), float32). Environment is clipping to space
[WARNING]: Received an action [0.53835591 0.60511527 0.55817823 0.35768288 0.57875686] that was outside action space Box(0.0, 1.0, (5,), float32). Environment is clipping to space
[WARNING]: Received an action [0.52544834 0.65524011 0.33099533 0.46779406 0.31874671] that was outside action space Box(0.0, 1.0, (5,), float32). Environment is clipping to space
[WARNING]: Received an action [0.55198395 0.42168932 0.64801535 0.41827993 0.37673351] that was outside action space Box(0.0, 1.0, (5,), float32). Environment is clipping to space
[WARNING]: Received an action [0.63396755 0.57374593 0.50699529 0.57502638 0.75177087] that was outside action space Box(0.0, 1.0, (5,), float32). Environment is clipping to space
[WARNING]: Received an action [0.58914377 0.45850159 0.3729956  0.53133573 0.64868062] that was outside action space Box(0.0, 1.0, (5,), float32). Environment is clipping to space
[WARNING]: Received an action [0.53173817 0.37718963 0.62507639 0.48921381 0.34324706] that was outside action space Box(0.0, 1.0, (5,), float32). Environment is clipping to space
[WARNING]: Received an action [0.48491705 0.62578576 0.6673847  0.54541056 0.51375722] that was outside action space Box(0.0, 1.0, (5,), float32). Environment is clipping to space
[WARNING]: Received an action [0.4433701  0.4447085  0.31330279 0.47765764 0.56048984] that was outside action space Box(0.0, 1.0, (5,), float32). Environment is clipping to space
[WARNING]: Received an action [0.33234159 0.36701074 0.54255516 0.46425093 0.52373749] that was outside action space Box(0.0, 1.0, (5,), float32). Environment is clipping to space
[WARNING]: Received an action [0.67637797 0.56831097 0.43305014 0.42308982 0.56094118] that was outside action space Box(0.0, 1.0, (5,), float32). Environment is clipping to space
[WARNING]: Received an action [0.50416912 0.41278969 0.50585094 0.60036268 0.5681361 ] that was outside action space Box(0.0, 1.0, (5,), float32). Environment is clipping to space
[WARNING]: Received an action [0.36706081 0.18255967 0.49221196 0.56815512 0.5114168 ] that was outside action space Box(0.0, 1.0, (5,), float32). Environment is clipping to space
[WARNING]: Received an action [0.62800086 0.27447624 0.47206941 0.5252386  0.68506246] that was outside action space Box(0.0, 1.0, (5,), float32). Environment is clipping to space
[WARNING]: Received an action [0.56889344 0.642804   0.37753083 0.7026404  0.65902551] that was outside action space Box(0.0, 1.0, (5,), float32). Environment is clipping to space
[WARNING]: Received an action [0.38893886 0.64727095 0.45902973 0.59138328 0.36564292] that was outside action space Box(0.0, 1.0, (5,), float32). Environment is clipping to space
[WARNING]: Received an action [0.50708752 0.41722298 0.41953137 0.43732574 0.54917226] that was outside action space Box(0.0, 1.0, (5,), float32). Environment is clipping to space
[WARNING]: Received an action [0.57864764 0.47264353 0.34110068 0.4480258  0.48729893] that was outside action space Box(0.0, 1.0, (5,), float32). Environment is clipping to space
[WARNING]: Received an action [0.47085064 0.39594893 0.55650569 0.64688267 0.52146449] that was outside action space Box(0.0, 1.0, (5,), float32). Environment is clipping to space
[WARNING]: Received an action [0.56017515 0.44246249 0.4556956  0.48921658 0.81793623] that was outside action space Box(0.0, 1.0, (5,), float32). Environment is clipping to space
[WARNING]: Received an action [0.58348694 0.51163702 0.38425535 0.6029138  0.44739218] that was outside action space Box(0.0, 1.0, (5,), float32). Environment is clipping to space
[WARNING]: Received an action [0.40179446 0.42567241 0.40038068 0.57225741 0.4869837 ] that was outside action space Box(0.0, 1.0, (5,), float32). Environment is clipping to space
[WARNING]: Received an action [0.49214716 0.48234781 0.56167461 0.50365497 0.62848897] that was outside action space Box(0.0, 1.0, (5,), float32). Environment is clipping to space
[WARNING]: Received an action [0.5278864  0.51182362 0.42870104 0.55691588 0.4379251 ] that was outside action space Box(0.0, 1.0, (5,), float32). Environment is clipping to space
[WARNING]: Received an action [0.47948818 0.46133535 0.54815937 0.37875977 0.48120664] that was outside action space Box(0.0, 1.0, (5,), float32). Environment is clipping to space
[WARNING]: Received an action [0.52958266 0.61078594 0.38389219 0.65469133 0.58808377] that was outside action space Box(0.0, 1.0, (5,), float32). Environment is clipping to space
[WARNING]: Received an action [0.51693801 0.63635054 0.54455341 0.3078259  0.69979026] that was outside action space Box(0.0, 1.0, (5,), float32). Environment is clipping to space
[WARNING]: Received an action [0.69060341 0.45878178 0.4533438  0.45753256 0.40409688] that was outside action space Box(0.0, 1.0, (5,), float32). Environment is clipping to space
[WARNING]: Received an action [0.30046554 0.65155721 0.34348434 0.48945702 0.59061555] that was outside action space Box(0.0, 1.0, (5,), float32). Environment is clipping to space
[WARNING]: Received an action [0.6512907  0.39881619 0.44168095 0.51044305 0.69364872] that was outside action space Box(0.0, 1.0, (5,), float32). Environment is clipping to space
[WARNING]: Received an action [0.47408831 0.26230847 0.21304471 0.46656416 0.5547661 ] that was outside action space Box(0.0, 1.0, (5,), float32). Environment is clipping to space
[WARNING]: Received an action [0.60709977 0.57810412 0.35444072 0.72919648 0.7205612 ] that was outside action space Box(0.0, 1.0, (5,), float32). Environment is clipping to space
[WARNING]: Received an action [0.26911951 0.5998432  0.3302832  0.26542917 0.50348831] that was outside action space Box(0.0, 1.0, (5,), float32). Environment is clipping to space
[WARNING]: Received an action [0.55423865 0.39384185 0.4665465  0.28778643 0.46499534] that was outside action space Box(0.0, 1.0, (5,), float32). Environment is clipping to space
[WARNING]: Received an action [0.55983048 0.4181751  0.45815523 0.52105189 0.42426441] that was outside action space Box(0.0, 1.0, (5,), float32). Environment is clipping to space
[WARNING]: Received an action [0.48359313 0.45913721 0.4396405  0.40956852 0.37248275] that was outside action space Box(0.0, 1.0, (5,), float32). Environment is clipping to space
[WARNING]: Received an action [0.48504845 0.59405114 0.51433342 0.39297162 0.51374346] that was outside action space Box(0.0, 1.0, (5,), float32). Environment is clipping to space
[WARNING]: Received an action [0.70632844 0.41130183 0.45361742 0.53255171 0.59223908] that was outside action space Box(0.0, 1.0, (5,), float32). Environment is clipping to space
[WARNING]: Received an action [0.53550971 0.76445531 0.21305906 0.46541991 0.51917226] that was outside action space Box(0.0, 1.0, (5,), float32). Environment is clipping to space
[WARNING]: Received an action [0.40249399 0.44646378 0.45662891 0.60257036 0.40837092] that was outside action space Box(0.0, 1.0, (5,), float32). Environment is clipping to space
[WARNING]: Received an action [0.52321615 0.58389105 0.46825635 0.44570439 0.52988138] that was outside action space Box(0.0, 1.0, (5,), float32). Environment is clipping to space
[WARNING]: Received an action [0.64388594 0.5295797  0.32341706 0.48448053 0.3051962 ] that was outside action space Box(0.0, 1.0, (5,), float32). Environment is clipping to space
[WARNING]: Received an action [0.39320127 0.3957838  0.61782676 0.64679091 0.40035718] that was outside action space Box(0.0, 1.0, (5,), float32). Environment is clipping to space
[WARNING]: Received an action [0.4832718  0.47277402 0.50958019 0.63095319 0.56859931] that was outside action space Box(0.0, 1.0, (5,), float32). Environment is clipping to space
[WARNING]: Received an action [0.65694214 0.45825063 0.42062027 0.55032847 0.61105891] that was outside action space Box(0.0, 1.0, (5,), float32). Environment is clipping to space
[WARNING]: Received an action [0.42243538 0.45320881 0.61137901 0.44056578 0.54333591] that was outside action space Box(0.0, 1.0, (5,), float32). Environment is clipping to space
[WARNING]: Received an action [0.49281625 0.43365004 0.52240147 0.61102188 0.55697666] that was outside action space Box(0.0, 1.0, (5,), float32). Environment is clipping to space
[WARNING]: Received an action [0.64625658 0.66235431 0.44148737 0.44750852 0.5821089 ] that was outside action space Box(0.0, 1.0, (5,), float32). Environment is clipping to space
[WARNING]: Received an action [0.46242902 0.42559446 0.52682862 0.59172642 0.5055648 ] that was outside action space Box(0.0, 1.0, (5,), float32). Environment is clipping to space
[WARNING]: Received an action [0.67364137 0.61553286 0.60708648 0.64733011 0.77240832] that was outside action space Box(0.0, 1.0, (5,), float32). Environment is clipping to space
[WARNING]: Received an action [0.348457   0.58632882 0.46043437 0.42370473 0.57236657] that was outside action space Box(0.0, 1.0, (5,), float32). Environment is clipping to space
[WARNING]: Received an action [0.66646935 0.3823785  0.47012981 0.37458254 0.55478226] that was outside action space Box(0.0, 1.0, (5,), float32). Environment is clipping to space
[WARNING]: Received an action [0.4737615  0.51600522 0.37533914 0.5193905  0.67643045] that was outside action space Box(0.0, 1.0, (5,), float32). Environment is clipping to space
[WARNING]: Received an action [0.57045395 0.3853562  0.51709529 0.42828434 0.42869121] that was outside action space Box(0.0, 1.0, (5,), float32). Environment is clipping to space
[WARNING]: Received an action [0.49318529 0.44644409 0.46076807 0.70426642 0.43040969] that was outside action space Box(0.0, 1.0, (5,), float32). Environment is clipping to space
[WARNING]: Received an action [0.42817831 0.59978148 0.47319485 0.48105027 0.70031992] that was outside action space Box(0.0, 1.0, (5,), float32). Environment is clipping to space
[WARNING]: Received an action [0.54434096 0.51244438 0.34577773 0.37128212 0.5018866 ] that was outside action space Box(0.0, 1.0, (5,), float32). Environment is clipping to space
[WARNING]: Received an action [0.39930871 0.40432674 0.47319483 0.53203768 0.63876362] that was outside action space Box(0.0, 1.0, (5,), float32). Environment is clipping to space
[WARNING]: Received an action [0.61930736 0.52853213 0.54688004 0.4454358  0.64405661] that was outside action space Box(0.0, 1.0, (5,), float32). Environment is clipping to space
[WARNING]: Received an action [0.62152822 0.44425886 0.46369905 0.36215348 0.4544766 ] that was outside action space Box(0.0, 1.0, (5,), float32). Environment is clipping to space
[WARNING]: Received an action [0.5990013  0.41151801 0.57042978 0.44836055 0.31956693] that was outside action space Box(0.0, 1.0, (5,), float32). Environment is clipping to space
[WARNING]: Received an action [0.54845307 0.59017926 0.42562666 0.36278095 0.32574239] that was outside action space Box(0.0, 1.0, (5,), float32). Environment is clipping to space
[WARNING]: Received an action [0.61542288 0.48927927 0.43901442 0.55065094 0.49788709] that was outside action space Box(0.0, 1.0, (5,), float32). Environment is clipping to space
[WARNING]: Received an action [0.50756325 0.42090043 0.42946268 0.52234616 0.43935666] that was outside action space Box(0.0, 1.0, (5,), float32). Environment is clipping to space
[WARNING]: Received an action [0.54684151 0.6442968  0.28693337 0.31624603 0.6123989 ] that was outside action space Box(0.0, 1.0, (5,), float32). Environment is clipping to space
[WARNING]: Received an action [0.37657123 0.61324741 0.39534219 0.59105706 0.63139521] that was outside action space Box(0.0, 1.0, (5,), float32). Environment is clipping to space
[WARNING]: Received an action [0.46838621 0.37961129 0.33214525 0.51645307 0.29832079] that was outside action space Box(0.0, 1.0, (5,), float32). Environment is clipping to space
[WARNING]: Received an action [0.48209064 0.47766157 0.65295722 0.38245956 0.38984909] that was outside action space Box(0.0, 1.0, (5,), float32). Environment is clipping to space
[WARNING]: Received an action [0.32761671 0.56406869 0.41653407 0.51271432 0.54452064] that was outside action space Box(0.0, 1.0, (5,), float32). Environment is clipping to space
[WARNING]: Received an action [0.56019936 0.40558835 0.522405   0.36974258 0.44259544] that was outside action space Box(0.0, 1.0, (5,), float32). Environment is clipping to space
[WARNING]: Received an action [0.41752629 0.34238966 0.4370413  0.65245264 0.61946924] that was outside action space Box(0.0, 1.0, (5,), float32). Environment is clipping to space
[WARNING]: Received an action [0.5631275  0.33451378 0.39406137 0.3670791  0.47454066] that was outside action space Box(0.0, 1.0, (5,), float32). Environment is clipping to space
[WARNING]: Received an action [0.35330587 0.58543495 0.55859259 0.20082074 0.35616933] that was outside action space Box(0.0, 1.0, (5,), float32). Environment is clipping to space
[WARNING]: Received an action [0.41740488 0.58778147 0.48913004 0.33128254 0.50682271] that was outside action space Box(0.0, 1.0, (5,), float32). Environment is clipping to space
[WARNING]: Received an action [0.29445637 0.52930296 0.35694908 0.59138452 0.41583412] that was outside action space Box(0.0, 1.0, (5,), float32). Environment is clipping to space
[WARNING]: Received an action [0.53946887 0.32684834 0.60202618 0.56955143 0.51864596] that was outside action space Box(0.0, 1.0, (5,), float32). Environment is clipping to space
[WARNING]: Received an action [0.49653042 0.48396762 0.48072138 0.52007606 0.53123661] that was outside action space Box(0.0, 1.0, (5,), float32). Environment is clipping to space
[WARNING]: Received an action [0.55173773 0.55924565 0.29442256 0.63714678 0.72684216] that was outside action space Box(0.0, 1.0, (5,), float32). Environment is clipping to space
[WARNING]: Received an action [0.51265615 0.41439797 0.49295757 0.48455133 0.62264772] that was outside action space Box(0.0, 1.0, (5,), float32). Environment is clipping to space
[WARNING]: Received an action [0.42267062 0.53137767 0.44113398 0.36327039 0.542728  ] that was outside action space Box(0.0, 1.0, (5,), float32). Environment is clipping to space
[WARNING]: Received an action [0.52604201 0.51922445 0.3681926  0.60405009 0.40094007] that was outside action space Box(0.0, 1.0, (5,), float32). Environment is clipping to space
[WARNING]: Received an action [0.63437343 0.33918671 0.5796841  0.42580565 0.39407343] that was outside action space Box(0.0, 1.0, (5,), float32). Environment is clipping to space
[WARNING]: Received an action [0.44720217 0.5671458  0.51527151 0.46991057 0.40068339] that was outside action space Box(0.0, 1.0, (5,), float32). Environment is clipping to space
[WARNING]: Received an action [0.4244584  0.5043024  0.43748278 0.4216212  0.42403946] that was outside action space Box(0.0, 1.0, (5,), float32). Environment is clipping to space
[WARNING]: Received an action [0.63354864 0.5926861  0.40147452 0.44444706 0.41102974] that was outside action space Box(0.0, 1.0, (5,), float32). Environment is clipping to space
[WARNING]: Received an action [0.5100609  0.51870809 0.47159648 0.2150654  0.33481807] that was outside action space Box(0.0, 1.0, (5,), float32). Environment is clipping to space
[WARNING]: Received an action [0.52562561 0.51676835 0.49115886 0.33485283 0.55933502] that was outside action space Box(0.0, 1.0, (5,), float32). Environment is clipping to space
[WARNING]: Received an action [0.62272337 0.37947282 0.53485282 0.29533593 0.37235795] that was outside action space Box(0.0, 1.0, (5,), float32). Environment is clipping to space
[WARNING]: Received an action [0.59249364 0.43312806 0.32990929 0.42223121 0.54137762] that was outside action space Box(0.0, 1.0, (5,), float32). Environment is clipping to space
[WARNING]: Received an action [0.52729026 0.47095593 0.50961124 0.43811464 0.62298808] that was outside action space Box(0.0, 1.0, (5,), float32). Environment is clipping to space
[WARNING]: Received an action [0.57084507 0.40960068 0.63641483 0.42242882 0.37791969] that was outside action space Box(0.0, 1.0, (5,), float32). Environment is clipping to space
[WARNING]: Received an action [0.56953276 0.50742854 0.56159192 0.49947461 0.45692791] that was outside action space Box(0.0, 1.0, (5,), float32). Environment is clipping to space
[WARNING]: Received an action [0.43865113 0.32762883 0.41748743 0.51443238 0.4064882 ] that was outside action space Box(0.0, 1.0, (5,), float32). Environment is clipping to space
[WARNING]: Received an action [0.48417262 0.60509525 0.54285834 0.2881116  0.5181856 ] that was outside action space Box(0.0, 1.0, (5,), float32). Environment is clipping to space
[WARNING]: Received an action [0.55851979 0.67568671 0.60428739 0.48988883 0.37865028] that was outside action space Box(0.0, 1.0, (5,), float32). Environment is clipping to space
[WARNING]: Received an action [0.5925122  0.59816561 0.47397306 0.43255569 0.4494325 ] that was outside action space Box(0.0, 1.0, (5,), float32). Environment is clipping to space
[WARNING]: Received an action [0.5467138  0.31932169 0.52158974 0.4838461  0.23522705] that was outside action space Box(0.0, 1.0, (5,), float32). Environment is clipping to space
[WARNING]: Received an action [0.56555687 0.43183562 0.57747574 0.48004833 0.56113074] that was outside action space Box(0.0, 1.0, (5,), float32). Environment is clipping to space
[WARNING]: Received an action [0.51344743 0.4934921  0.55672433 0.52062642 0.45329237] that was outside action space Box(0.0, 1.0, (5,), float32). Environment is clipping to space
[WARNING]: Received an action [0.71336587 0.52414297 0.61044584 0.32097075 0.27754402] that was outside action space Box(0.0, 1.0, (5,), float32). Environment is clipping to space
[WARNING]: Received an action [0.51072097 0.60033696 0.47733784 0.62551255 0.4480587 ] that was outside action space Box(0.0, 1.0, (5,), float32). Environment is clipping to space
[WARNING]: Received an action [0.53710162 0.31396536 0.38114354 0.43052116 0.56161709] that was outside action space Box(0.0, 1.0, (5,), float32). Environment is clipping to space
[WARNING]: Received an action [0.52288683 0.28862486 0.53063662 0.59805147 0.41546563] that was outside action space Box(0.0, 1.0, (5,), float32). Environment is clipping to space
[WARNING]: Received an action [0.50720245 0.60412608 0.31452398 0.42731513 0.35715864] that was outside action space Box(0.0, 1.0, (5,), float32). Environment is clipping to space
[WARNING]: Received an action [0.58649871 0.35157745 0.29021592 0.263007   0.24606099] that was outside action space Box(0.0, 1.0, (5,), float32). Environment is clipping to space
[WARNING]: Received an action [0.53575279 0.36450359 0.3656717  0.35894939 0.51342134] that was outside action space Box(0.0, 1.0, (5,), float32). Environment is clipping to space
[WARNING]: Received an action [0.52069029 0.59094723 0.51331306 0.42292066 0.33206993] that was outside action space Box(0.0, 1.0, (5,), float32). Environment is clipping to space
[WARNING]: Received an action [0.44953713 0.5828126  0.41606533 0.58542323 0.32345209] that was outside action space Box(0.0, 1.0, (5,), float32). Environment is clipping to space
[WARNING]: Received an action [0.55699569 0.56350778 0.65918929 0.28122742 0.51747195] that was outside action space Box(0.0, 1.0, (5,), float32). Environment is clipping to space
[WARNING]: Received an action [0.51096265 0.59643222 0.47877531 0.5482855  0.37445323] that was outside action space Box(0.0, 1.0, (5,), float32). Environment is clipping to space
[WARNING]: Received an action [0.44898532 0.39685025 0.39368661 0.56863888 0.5086536 ] that was outside action space Box(0.0, 1.0, (5,), float32). Environment is clipping to space
[WARNING]: Received an action [0.66661169 0.49633419 0.51902405 0.60289569 0.38310353] that was outside action space Box(0.0, 1.0, (5,), float32). Environment is clipping to space
[WARNING]: Received an action [0.65473635 0.55190238 0.51457364 0.64845989 0.41474563] that was outside action space Box(0.0, 1.0, (5,), float32). Environment is clipping to space
[WARNING]: Received an action [0.6121593  0.45236537 0.40290717 0.43910415 0.50524222] that was outside action space Box(0.0, 1.0, (5,), float32). Environment is clipping to space
[WARNING]: Received an action [0.49512753 0.33073346 0.38646584 0.56848837 0.57994276] that was outside action space Box(0.0, 1.0, (5,), float32). Environment is clipping to space
[WARNING]: Received an action [0.47370115 0.62721515 0.68064355 0.46315861 0.47342477] that was outside action space Box(0.0, 1.0, (5,), float32). Environment is clipping to space
[WARNING]: Received an action [0.52732507 0.53911242 0.26251606 0.65560781 0.52287218] that was outside action space Box(0.0, 1.0, (5,), float32). Environment is clipping to space
[WARNING]: Received an action [0.70757904 0.63394635 0.43564086 0.36877048 0.28988445] that was outside action space Box(0.0, 1.0, (5,), float32). Environment is clipping to space
[WARNING]: Received an action [0.63540683 0.50602894 0.62825954 0.2519091  0.46456697] that was outside action space Box(0.0, 1.0, (5,), float32). Environment is clipping to space
[WARNING]: Received an action [0.53439993 0.45819118 0.50004509 0.2084935  0.52991763] that was outside action space Box(0.0, 1.0, (5,), float32). Environment is clipping to space
[WARNING]: Received an action [0.55805095 0.52493532 0.6931416  0.41449942 0.22202129] that was outside action space Box(0.0, 1.0, (5,), float32). Environment is clipping to space
[WARNING]: Received an action [0.6042488  0.62618832 0.45398039 0.4208983  0.47356701] that was outside action space Box(0.0, 1.0, (5,), float32). Environment is clipping to space
[WARNING]: Received an action [0.48196087 0.29434359 0.44542196 0.67448512 0.60285897] that was outside action space Box(0.0, 1.0, (5,), float32). Environment is clipping to space
[WARNING]: Received an action [0.48322986 0.56345461 0.49212621 0.38483913 0.47427624] that was outside action space Box(0.0, 1.0, (5,), float32). Environment is clipping to space
[WARNING]: Received an action [0.56811452 0.53420004 0.53898234 0.3757709  0.42430657] that was outside action space Box(0.0, 1.0, (5,), float32). Environment is clipping to space
[WARNING]: Received an action [0.59166002 0.52258851 0.33956941 0.63095229 0.45722365] that was outside action space Box(0.0, 1.0, (5,), float32). Environment is clipping to space
[WARNING]: Received an action [0.54983783 0.51104955 0.50323649 0.51916493 0.5677047 ] that was outside action space Box(0.0, 1.0, (5,), float32). Environment is clipping to space
[WARNING]: Received an action [0.72981599 0.66071974 0.48282098 0.60694167 0.24658524] that was outside action space Box(0.0, 1.0, (5,), float32). Environment is clipping to space
[WARNING]: Received an action [0.37865134 0.47281017 0.26481165 0.39233725 0.42671987] that was outside action space Box(0.0, 1.0, (5,), float32). Environment is clipping to space
[WARNING]: Received an action [0.4612087  0.55324047 0.49578965 0.34424805 0.34843746] that was outside action space Box(0.0, 1.0, (5,), float32). Environment is clipping to space
[WARNING]: Received an action [0.4046561  0.54735589 0.39437267 0.32462302 0.43114167] that was outside action space Box(0.0, 1.0, (5,), float32). Environment is clipping to space
[WARNING]: Received an action [0.37093788 0.5173573  0.32693549 0.47784377 0.4774702 ] that was outside action space Box(0.0, 1.0, (5,), float32). Environment is clipping to space
[WARNING]: Received an action [0.42166613 0.3685662  0.36307589 0.71898134 0.57796421] that was outside action space Box(0.0, 1.0, (5,), float32). Environment is clipping to space
[WARNING]: Received an action [0.54933654 0.65567937 0.35144296 0.48329812 0.44236911] that was outside action space Box(0.0, 1.0, (5,), float32). Environment is clipping to space
[WARNING]: Received an action [0.58845916 0.49647908 0.37771745 0.56060261 0.49810263] that was outside action space Box(0.0, 1.0, (5,), float32). Environment is clipping to space
[WARNING]: Received an action [0.51070941 0.52800743 0.55173436 0.64921122 0.51685776] that was outside action space Box(0.0, 1.0, (5,), float32). Environment is clipping to space
[WARNING]: Received an action [0.54714361 0.422183   0.47671463 0.48505493 0.71871223] that was outside action space Box(0.0, 1.0, (5,), float32). Environment is clipping to space
[WARNING]: Received an action [0.4934127  0.53305743 0.31097182 0.39064832 0.63658284] that was outside action space Box(0.0, 1.0, (5,), float32). Environment is clipping to space
[WARNING]: Received an action [0.41631505 0.31906961 0.47013864 0.46633274 0.39047106] that was outside action space Box(0.0, 1.0, (5,), float32). Environment is clipping to space
[WARNING]: Received an action [0.33660437 0.39548414 0.59606351 0.41177644 0.50977761] that was outside action space Box(0.0, 1.0, (5,), float32). Environment is clipping to space
[WARNING]: Received an action [0.64169287 0.51401686 0.6203118  0.35992889 0.65596684] that was outside action space Box(0.0, 1.0, (5,), float32). Environment is clipping to space
[WARNING]: Received an action [0.49651271 0.55949794 0.59106062 0.56400745 0.48137465] that was outside action space Box(0.0, 1.0, (5,), float32). Environment is clipping to space
[WARNING]: Received an action [0.44454502 0.4916623  0.47973265 0.39210342 0.64958891] that was outside action space Box(0.0, 1.0, (5,), float32). Environment is clipping to space
[WARNING]: Received an action [0.41429538 0.51086995 0.35557348 0.5977572  0.44457216] that was outside action space Box(0.0, 1.0, (5,), float32). Environment is clipping to space
[WARNING]: Received an action [0.58598341 0.44035646 0.31097394 0.58258484 0.51932765] that was outside action space Box(0.0, 1.0, (5,), float32). Environment is clipping to space
[WARNING]: Received an action [0.48510257 0.30178753 0.38759448 0.41949126 0.5455285 ] that was outside action space Box(0.0, 1.0, (5,), float32). Environment is clipping to space
[WARNING]: Received an action [0.32027344 0.43154328 0.37509804 0.45422971 0.6513383 ] that was outside action space Box(0.0, 1.0, (5,), float32). Environment is clipping to space
[WARNING]: Received an action [0.42079882 0.35959527 0.47304808 0.54736558 0.34957913] that was outside action space Box(0.0, 1.0, (5,), float32). Environment is clipping to space
[WARNING]: Received an action [0.41119986 0.50580036 0.49919609 0.5702996  0.51710179] that was outside action space Box(0.0, 1.0, (5,), float32). Environment is clipping to space
[WARNING]: Received an action [0.55049627 0.44434086 0.40582777 0.45357391 0.42093663] that was outside action space Box(0.0, 1.0, (5,), float32). Environment is clipping to space
[WARNING]: Received an action [0.50091433 0.43077753 0.56505004 0.40814906 0.59557558] that was outside action space Box(0.0, 1.0, (5,), float32). Environment is clipping to space
[WARNING]: Received an action [0.52978499 0.46206298 0.54888859 0.40140889 0.58621841] that was outside action space Box(0.0, 1.0, (5,), float32). Environment is clipping to space
[WARNING]: Received an action [0.5299593  0.40155379 0.64659298 0.5456951  0.44571478] that was outside action space Box(0.0, 1.0, (5,), float32). Environment is clipping to space
[WARNING]: Received an action [0.56329748 0.44735633 0.38085838 0.67060976 0.35867225] that was outside action space Box(0.0, 1.0, (5,), float32). Environment is clipping to space
[WARNING]: Received an action [0.37921648 0.41005633 0.63102131 0.52224907 0.68366266] that was outside action space Box(0.0, 1.0, (5,), float32). Environment is clipping to space
[WARNING]: Received an action [0.44699665 0.66137569 0.29231404 0.45279138 0.37881811] that was outside action space Box(0.0, 1.0, (5,), float32). Environment is clipping to space
[WARNING]: Received an action [0.37929621 0.40309818 0.39520542 0.63728135 0.4486045 ] that was outside action space Box(0.0, 1.0, (5,), float32). Environment is clipping to space
[WARNING]: Received an action [0.35393293 0.58309519 0.47047726 0.36976885 0.65517277] that was outside action space Box(0.0, 1.0, (5,), float32). Environment is clipping to space
[WARNING]: Received an action [0.56988797 0.51258268 0.42252869 0.53732713 0.47985269] that was outside action space Box(0.0, 1.0, (5,), float32). Environment is clipping to space
[WARNING]: Received an action [0.63596477 0.47304084 0.43888392 0.31043027 0.51641279] that was outside action space Box(0.0, 1.0, (5,), float32). Environment is clipping to space
[WARNING]: Received an action [0.4533414  0.46911647 0.63406736 0.31547285 0.60250052] that was outside action space Box(0.0, 1.0, (5,), float32). Environment is clipping to space
[WARNING]: Received an action [0.30370902 0.59853063 0.63649016 0.34847451 0.51956714] that was outside action space Box(0.0, 1.0, (5,), float32). Environment is clipping to space
[WARNING]: Received an action [0.45524669 0.60810468 0.45754594 0.4771355  0.43271158] that was outside action space Box(0.0, 1.0, (5,), float32). Environment is clipping to space
[WARNING]: Received an action [0.57504953 0.45196558 0.46695816 0.52201763 0.50137471] that was outside action space Box(0.0, 1.0, (5,), float32). Environment is clipping to space
[WARNING]: Received an action [0.47742377 0.50372631 0.3581718  0.58110405 0.44693338] that was outside action space Box(0.0, 1.0, (5,), float32). Environment is clipping to space
[WARNING]: Received an action [0.61095782 0.36980002 0.43524659 0.24751213 0.51856345] that was outside action space Box(0.0, 1.0, (5,), float32). Environment is clipping to space
[WARNING]: Received an action [0.47793414 0.40305024 0.39991832 0.3470285  0.31513977] that was outside action space Box(0.0, 1.0, (5,), float32). Environment is clipping to space
[WARNING]: Received an action [0.69720278 0.60356257 0.55922062 0.45312038 0.26513294] that was outside action space Box(0.0, 1.0, (5,), float32). Environment is clipping to space
[WARNING]: Received an action [0.39669757 0.54948164 0.44140751 0.40084126 0.31298452] that was outside action space Box(0.0, 1.0, (5,), float32). Environment is clipping to space
[WARNING]: Received an action [0.38343417 0.51098699 0.66109104 0.510513   0.527543  ] that was outside action space Box(0.0, 1.0, (5,), float32). Environment is clipping to space
[WARNING]: Received an action [0.4150935  0.60873375 0.5802264  0.5806485  0.50095414] that was outside action space Box(0.0, 1.0, (5,), float32). Environment is clipping to space
[WARNING]: Received an action [0.44372085 0.50668366 0.55492609 0.51321908 0.57973634] that was outside action space Box(0.0, 1.0, (5,), float32). Environment is clipping to space
[WARNING]: Received an action [0.47720259 0.53421421 0.55558058 0.43832412 0.46418489] that was outside action space Box(0.0, 1.0, (5,), float32). Environment is clipping to space
[WARNING]: Received an action [0.55685174 0.52660047 0.40950511 0.49983515 0.41096423] that was outside action space Box(0.0, 1.0, (5,), float32). Environment is clipping to space
[WARNING]: Received an action [0.55359317 0.5114107  0.25797496 0.65094844 0.50395586] that was outside action space Box(0.0, 1.0, (5,), float32). Environment is clipping to space
[WARNING]: Received an action [0.6221141  0.39565352 0.63982053 0.59276474 0.52916281] that was outside action space Box(0.0, 1.0, (5,), float32). Environment is clipping to space
[WARNING]: Received an action [0.59030742 0.53406521 0.45483276 0.44550105 0.56226811] that was outside action space Box(0.0, 1.0, (5,), float32). Environment is clipping to space
[WARNING]: Received an action [0.50960496 0.34682485 0.51462149 0.55982501 0.61590811] that was outside action space Box(0.0, 1.0, (5,), float32). Environment is clipping to space
[WARNING]: Received an action [0.27024058 0.47219136 0.55122281 0.39164014 0.36899474] that was outside action space Box(0.0, 1.0, (5,), float32). Environment is clipping to space
[WARNING]: Received an action [0.32879866 0.46406843 0.37013999 0.43468392 0.44407254] that was outside action space Box(0.0, 1.0, (5,), float32). Environment is clipping to space
[WARNING]: Received an action [0.56608408 0.48912871 0.54724025 0.57039021 0.53690373] that was outside action space Box(0.0, 1.0, (5,), float32). Environment is clipping to space
[WARNING]: Received an action [0.44346725 0.54515847 0.40094056 0.43681179 0.47114935] that was outside action space Box(0.0, 1.0, (5,), float32). Environment is clipping to space
[WARNING]: Received an action [0.46491364 0.60318986 0.52179777 0.62385819 0.43578282] that was outside action space Box(0.0, 1.0, (5,), float32). Environment is clipping to space
[WARNING]: Received an action [0.41533696 0.39355494 0.44488029 0.54601565 0.53982517] that was outside action space Box(0.0, 1.0, (5,), float32). Environment is clipping to space
[WARNING]: Received an action [0.49095379 0.38195233 0.56833503 0.45599928 0.64907366] that was outside action space Box(0.0, 1.0, (5,), float32). Environment is clipping to space
[WARNING]: Received an action [0.64049554 0.51501877 0.45504739 0.45664622 0.48384261] that was outside action space Box(0.0, 1.0, (5,), float32). Environment is clipping to space
[WARNING]: Received an action [0.62516142 0.37390176 0.50500678 0.38402477 0.4370463 ] that was outside action space Box(0.0, 1.0, (5,), float32). Environment is clipping to space
[WARNING]: Received an action [0.55533745 0.51404378 0.45432855 0.51683089 0.56446756] that was outside action space Box(0.0, 1.0, (5,), float32). Environment is clipping to space
[WARNING]: Received an action [0.45689885 0.31716993 0.37882202 0.53539672 0.6617341 ] that was outside action space Box(0.0, 1.0, (5,), float32). Environment is clipping to space
[WARNING]: Received an action [0.60585347 0.65421073 0.35276363 0.49777877 0.3832104 ] that was outside action space Box(0.0, 1.0, (5,), float32). Environment is clipping to space
[WARNING]: Received an action [0.429331   0.38429232 0.46499154 0.42733594 0.47264064] that was outside action space Box(0.0, 1.0, (5,), float32). Environment is clipping to space
[WARNING]: Received an action [0.64091779 0.40785586 0.43031256 0.47847533 0.62929993] that was outside action space Box(0.0, 1.0, (5,), float32). Environment is clipping to space
[WARNING]: Received an action [0.63044009 0.38686087 0.51568746 0.30894334 0.41389919] that was outside action space Box(0.0, 1.0, (5,), float32). Environment is clipping to space
[WARNING]: Received an action [0.47374996 0.48252172 0.36297772 0.34571695 0.5528163 ] that was outside action space Box(0.0, 1.0, (5,), float32). Environment is clipping to space
[WARNING]: Received an action [0.54833851 0.50545205 0.5738543  0.43451627 0.50406104] that was outside action space Box(0.0, 1.0, (5,), float32). Environment is clipping to space
[WARNING]: Received an action [0.40862411 0.32733659 0.48612734 0.44439392 0.38480046] that was outside action space Box(0.0, 1.0, (5,), float32). Environment is clipping to space
[WARNING]: Received an action [0.38743864 0.43486452 0.58489105 0.29410853 0.47571697] that was outside action space Box(0.0, 1.0, (5,), float32). Environment is clipping to space
[WARNING]: Received an action [0.45415905 0.43552338 0.40153455 0.62441269 0.52165941] that was outside action space Box(0.0, 1.0, (5,), float32). Environment is clipping to space
[WARNING]: Received an action [0.62654626 0.44413823 0.50752667 0.48101221 0.44157372] that was outside action space Box(0.0, 1.0, (5,), float32). Environment is clipping to space
[WARNING]: Received an action [0.54050342 0.43289952 0.26316879 0.37313739 0.53274593] that was outside action space Box(0.0, 1.0, (5,), float32). Environment is clipping to space
[WARNING]: Received an action [0.61267901 0.55246937 0.50961973 0.4203379  0.50959075] that was outside action space Box(0.0, 1.0, (5,), float32). Environment is clipping to space
[WARNING]: Received an action [0.57327577 0.62681781 0.4178393  0.38699428 0.56364936] that was outside action space Box(0.0, 1.0, (5,), float32). Environment is clipping to space
[WARNING]: Received an action [0.51162962 0.64321892 0.61119741 0.4223152  0.48685523] that was outside action space Box(0.0, 1.0, (5,), float32). Environment is clipping to space
[WARNING]: Received an action [0.49731319 0.44726275 0.5330468  0.43242219 0.45126715] that was outside action space Box(0.0, 1.0, (5,), float32). Environment is clipping to space
[WARNING]: Received an action [0.4447461  0.4339417  0.49879784 0.30584117 0.43966958] that was outside action space Box(0.0, 1.0, (5,), float32). Environment is clipping to space
[WARNING]: Received an action [0.43384528 0.55810207 0.58389313 0.47209719 0.60301457] that was outside action space Box(0.0, 1.0, (5,), float32). Environment is clipping to space
[WARNING]: Received an action [0.45023821 0.31533823 0.35148978 0.59325306 0.45926972] that was outside action space Box(0.0, 1.0, (5,), float32). Environment is clipping to space
[WARNING]: Received an action [0.47656702 0.5105491  0.32919337 0.61848768 0.63874125] that was outside action space Box(0.0, 1.0, (5,), float32). Environment is clipping to space
[WARNING]: Received an action [0.65939376 0.53470167 0.56136056 0.63214906 0.4096999 ] that was outside action space Box(0.0, 1.0, (5,), float32). Environment is clipping to space
[WARNING]: Received an action [0.37749388 0.50206427 0.40601054 0.53782557 0.6779769 ] that was outside action space Box(0.0, 1.0, (5,), float32). Environment is clipping to space
[WARNING]: Received an action [0.38247728 0.42588534 0.42232857 0.3783621  0.6083747 ] that was outside action space Box(0.0, 1.0, (5,), float32). Environment is clipping to space
[WARNING]: Received an action [0.44401135 0.49948749 0.37457372 0.44264744 0.42053655] that was outside action space Box(0.0, 1.0, (5,), float32). Environment is clipping to space
[WARNING]: Received an action [0.45798794 0.22425024 0.40096942 0.46652327 0.60275207] that was outside action space Box(0.0, 1.0, (5,), float32). Environment is clipping to space
[WARNING]: Received an action [0.44309271 0.43236047 0.4905577  0.49248643 0.39192407] that was outside action space Box(0.0, 1.0, (5,), float32). Environment is clipping to space
[WARNING]: Received an action [0.3878136  0.51955123 0.54563858 0.46541335 0.48227133] that was outside action space Box(0.0, 1.0, (5,), float32). Environment is clipping to space
[WARNING]: Received an action [0.48519593 0.48986178 0.54747848 0.57388005 0.4851313 ] that was outside action space Box(0.0, 1.0, (5,), float32). Environment is clipping to space
[WARNING]: Received an action [0.48026102 0.45391654 0.62909285 0.63728769 0.44643105] that was outside action space Box(0.0, 1.0, (5,), float32). Environment is clipping to space
[WARNING]: Received an action [0.54774746 0.46151788 0.52087972 0.41856413 0.2926435 ] that was outside action space Box(0.0, 1.0, (5,), float32). Environment is clipping to space
[WARNING]: Received an action [0.45550913 0.7016765  0.58411325 0.48621202 0.49289837] that was outside action space Box(0.0, 1.0, (5,), float32). Environment is clipping to space
[WARNING]: Received an action [0.57965787 0.28001192 0.66727104 0.74660938 0.56185481] that was outside action space Box(0.0, 1.0, (5,), float32). Environment is clipping to space
[WARNING]: Received an action [0.54976648 0.44465771 0.54563875 0.6197162  0.36836427] that was outside action space Box(0.0, 1.0, (5,), float32). Environment is clipping to space
[WARNING]: Received an action [0.50880868 0.48010693 0.61499877 0.47958158 0.48999003] that was outside action space Box(0.0, 1.0, (5,), float32). Environment is clipping to space
[WARNING]: Received an action [0.62417783 0.386357   0.42198445 0.60177301 0.43031592] that was outside action space Box(0.0, 1.0, (5,), float32). Environment is clipping to space
[WARNING]: Received an action [0.49023    0.55649735 0.50978674 0.4088024  0.40720934] that was outside action space Box(0.0, 1.0, (5,), float32). Environment is clipping to space
[WARNING]: Received an action [0.45812257 0.72760266 0.45841532 0.5748855  0.60407618] that was outside action space Box(0.0, 1.0, (5,), float32). Environment is clipping to space
[WARNING]: Received an action [0.44630133 0.48512938 0.56637976 0.53213961 0.62561272] that was outside action space Box(0.0, 1.0, (5,), float32). Environment is clipping to space
[WARNING]: Received an action [0.69608862 0.64091669 0.53444229 0.48601566 0.37326182] that was outside action space Box(0.0, 1.0, (5,), float32). Environment is clipping to space
[WARNING]: Received an action [0.52733118 0.26609482 0.50537984 0.64382689 0.52404128] that was outside action space Box(0.0, 1.0, (5,), float32). Environment is clipping to space
[WARNING]: Received an action [0.58727484 0.63386688 0.39097538 0.68280878 0.30321876] that was outside action space Box(0.0, 1.0, (5,), float32). Environment is clipping to space
[WARNING]: Received an action [0.43099086 0.58250728 0.49880223 0.48262046 0.35383859] that was outside action space Box(0.0, 1.0, (5,), float32). Environment is clipping to space
[WARNING]: Received an action [0.46234522 0.63390703 0.73593576 0.52791489 0.67595367] that was outside action space Box(0.0, 1.0, (5,), float32). Environment is clipping to space
[WARNING]: Received an action [0.16191257 0.42328829 0.5383261  0.60758922 0.55224814] that was outside action space Box(0.0, 1.0, (5,), float32). Environment is clipping to space
[WARNING]: Received an action [0.47964678 0.55608616 0.46686973 0.56099371 0.48114033] that was outside action space Box(0.0, 1.0, (5,), float32). Environment is clipping to space
[WARNING]: Received an action [0.48822692 0.52620081 0.32090664 0.51676754 0.57570343] that was outside action space Box(0.0, 1.0, (5,), float32). Environment is clipping to space
[WARNING]: Received an action [0.57471926 0.47324744 0.54474616 0.50810745 0.54190049] that was outside action space Box(0.0, 1.0, (5,), float32). Environment is clipping to space
[WARNING]: Received an action [0.53684622 0.62765705 0.70270807 0.55771768 0.39905738] that was outside action space Box(0.0, 1.0, (5,), float32). Environment is clipping to space
[WARNING]: Received an action [0.64196684 0.46204789 0.65998197 0.51550151 0.54043998] that was outside action space Box(0.0, 1.0, (5,), float32). Environment is clipping to space
[WARNING]: Received an action [0.4845803  0.49676078 0.45926522 0.60084493 0.52073091] that was outside action space Box(0.0, 1.0, (5,), float32). Environment is clipping to space
[WARNING]: Received an action [0.46388299 0.64601511 0.64569496 0.45964115 0.37846361] that was outside action space Box(0.0, 1.0, (5,), float32). Environment is clipping to space
[WARNING]: Received an action [0.39213603 0.49430909 0.59324085 0.50581857 0.40671245] that was outside action space Box(0.0, 1.0, (5,), float32). Environment is clipping to space
[WARNING]: Received an action [0.58255485 0.51639455 0.58116265 0.67119767 0.44464187] that was outside action space Box(0.0, 1.0, (5,), float32). Environment is clipping to space
[WARNING]: Received an action [0.53235658 0.40682322 0.46040366 0.52194871 0.46496085] that was outside action space Box(0.0, 1.0, (5,), float32). Environment is clipping to space
[WARNING]: Received an action [0.43270341 0.30008951 0.51192325 0.48076279 0.66736589] that was outside action space Box(0.0, 1.0, (5,), float32). Environment is clipping to space
[WARNING]: Received an action [0.47300491 0.29756049 0.44973574 0.53343264 0.53110254] that was outside action space Box(0.0, 1.0, (5,), float32). Environment is clipping to space
[WARNING]: Received an action [0.52783131 0.36302069 0.7174411  0.40989318 0.21785206] that was outside action space Box(0.0, 1.0, (5,), float32). Environment is clipping to space
[WARNING]: Received an action [0.52732338 0.44889457 0.4918719  0.50524833 0.5391685 ] that was outside action space Box(0.0, 1.0, (5,), float32). Environment is clipping to space
[WARNING]: Received an action [0.32980983 0.31031949 0.78852678 0.36369435 0.38587309] that was outside action space Box(0.0, 1.0, (5,), float32). Environment is clipping to space
[WARNING]: Received an action [0.34390748 0.34055374 0.70615598 0.55298638 0.47406136] that was outside action space Box(0.0, 1.0, (5,), float32). Environment is clipping to space
[WARNING]: Received an action [0.45639355 0.46828917 0.44013658 0.54353287 0.70672072] that was outside action space Box(0.0, 1.0, (5,), float32). Environment is clipping to space
[WARNING]: Received an action [0.61011341 0.25199572 0.45560352 0.59080271 0.4102752 ] that was outside action space Box(0.0, 1.0, (5,), float32). Environment is clipping to space
[WARNING]: Received an action [0.54487551 0.57105021 0.35419031 0.42189995 0.43626519] that was outside action space Box(0.0, 1.0, (5,), float32). Environment is clipping to space
[WARNING]: Received an action [0.56608403 0.54538531 0.54508397 0.45021534 0.351591  ] that was outside action space Box(0.0, 1.0, (5,), float32). Environment is clipping to space
[WARNING]: Received an action [0.34725195 0.52717243 0.42460207 0.51079579 0.56506387] that was outside action space Box(0.0, 1.0, (5,), float32). Environment is clipping to space
[WARNING]: Received an action [0.22619066 0.50419388 0.63929545 0.48331151 0.49723181] that was outside action space Box(0.0, 1.0, (5,), float32). Environment is clipping to space
[WARNING]: Received an action [0.43524738 0.72634818 0.43328395 0.433913   0.51794206] that was outside action space Box(0.0, 1.0, (5,), float32). Environment is clipping to space
[WARNING]: Received an action [0.56221626 0.55397393 0.37990672 0.32013911 0.67151811] that was outside action space Box(0.0, 1.0, (5,), float32). Environment is clipping to space
[WARNING]: Received an action [0.63288694 0.61143222 0.50026618 0.44608433 0.35732339] that was outside action space Box(0.0, 1.0, (5,), float32). Environment is clipping to space
[WARNING]: Received an action [0.62198914 0.41861471 0.3230806  0.48036753 0.44233708] that was outside action space Box(0.0, 1.0, (5,), float32). Environment is clipping to space
[WARNING]: Received an action [0.61398303 0.44059348 0.45074636 0.37474203 0.44787729] that was outside action space Box(0.0, 1.0, (5,), float32). Environment is clipping to space
[WARNING]: Received an action [0.42938809 0.5689985  0.51115371 0.53613597 0.46550675] that was outside action space Box(0.0, 1.0, (5,), float32). Environment is clipping to space
[WARNING]: Received an action [0.45556368 0.393113   0.4657918  0.42188523 0.53707687] that was outside action space Box(0.0, 1.0, (5,), float32). Environment is clipping to space
[WARNING]: Received an action [0.51410533 0.27281957 0.5761428  0.65501679 0.40154046] that was outside action space Box(0.0, 1.0, (5,), float32). Environment is clipping to space
[WARNING]: Received an action [0.46169978 0.51244109 0.51069317 0.49104496 0.51963992] that was outside action space Box(0.0, 1.0, (5,), float32). Environment is clipping to space
[WARNING]: Received an action [0.5948243  0.58040661 0.52354973 0.47178227 0.35318862] that was outside action space Box(0.0, 1.0, (5,), float32). Environment is clipping to space
[WARNING]: Received an action [0.5042088  0.35554409 0.33402458 0.49879733 0.54165805] that was outside action space Box(0.0, 1.0, (5,), float32). Environment is clipping to space
[WARNING]: Received an action [0.63287857 0.45235539 0.58302121 0.49411972 0.34147774] that was outside action space Box(0.0, 1.0, (5,), float32). Environment is clipping to space
[WARNING]: Received an action [0.520555   0.37906    0.6143008  0.47418192 0.5129554 ] that was outside action space Box(0.0, 1.0, (5,), float32). Environment is clipping to space
[WARNING]: Received an action [0.47357882 0.45229435 0.5444073  0.46125189 0.48153752] that was outside action space Box(0.0, 1.0, (5,), float32). Environment is clipping to space
[WARNING]: Received an action [0.3988313  0.61321822 0.55582291 0.39352199 0.26306197] that was outside action space Box(0.0, 1.0, (5,), float32). Environment is clipping to space
[WARNING]: Received an action [0.56113379 0.66449139 0.49232272 0.61131552 0.64057772] that was outside action space Box(0.0, 1.0, (5,), float32). Environment is clipping to space
[WARNING]: Received an action [0.38964625 0.4252762  0.60977366 0.69002335 0.49137408] that was outside action space Box(0.0, 1.0, (5,), float32). Environment is clipping to space
[WARNING]: Received an action [0.46481396 0.50599506 0.61936111 0.52378903 0.53995016] that was outside action space Box(0.0, 1.0, (5,), float32). Environment is clipping to space
[WARNING]: Received an action [0.55731414 0.44508103 0.4463728  0.43278306 0.5435446 ] that was outside action space Box(0.0, 1.0, (5,), float32). Environment is clipping to space
[WARNING]: Received an action [0.38193892 0.34675668 0.45999515 0.61037728 0.51262406] that was outside action space Box(0.0, 1.0, (5,), float32). Environment is clipping to space
[WARNING]: Received an action [0.53912876 0.52303471 0.76142597 0.54909472 0.43656476] that was outside action space Box(0.0, 1.0, (5,), float32). Environment is clipping to space
[WARNING]: Received an action [0.56571674 0.46443049 0.50959461 0.53252577 0.55594141] that was outside action space Box(0.0, 1.0, (5,), float32). Environment is clipping to space
[WARNING]: Received an action [0.40824124 0.44452098 0.444719   0.47905691 0.16920363] that was outside action space Box(0.0, 1.0, (5,), float32). Environment is clipping to space
[WARNING]: Received an action [0.3098086  0.51920023 0.58320824 0.45759034 0.36316228] that was outside action space Box(0.0, 1.0, (5,), float32). Environment is clipping to space
[WARNING]: Received an action [0.69324485 0.33985487 0.42442622 0.60126962 0.29686884] that was outside action space Box(0.0, 1.0, (5,), float32). Environment is clipping to space
[WARNING]: Received an action [0.39219004 0.49169741 0.52262983 0.63541441 0.44746316] that was outside action space Box(0.0, 1.0, (5,), float32). Environment is clipping to space
[WARNING]: Received an action [0.5226701  0.60213283 0.69459524 0.46470901 0.45931225] that was outside action space Box(0.0, 1.0, (5,), float32). Environment is clipping to space
[WARNING]: Received an action [0.43820333 0.58162081 0.56992043 0.50679688 0.56014895] that was outside action space Box(0.0, 1.0, (5,), float32). Environment is clipping to space
[WARNING]: Received an action [0.32786025 0.38525811 0.5412328  0.61595392 0.70338149] that was outside action space Box(0.0, 1.0, (5,), float32). Environment is clipping to space
[WARNING]: Received an action [0.63583098 0.62862588 0.64100186 0.50961049 0.32694752] that was outside action space Box(0.0, 1.0, (5,), float32). Environment is clipping to space
[WARNING]: Received an action [0.51046907 0.40621295 0.48945059 0.65899217 0.42943264] that was outside action space Box(0.0, 1.0, (5,), float32). Environment is clipping to space
